ClaimID,ScenarioID,CustomerID,ProductID,ProductCategory,Brand,ModelNumber,SerialNumber,WarrantyDurationMonths,WarrantyStatus,WarrantyRemainingDays,ExtendedWarranty,FaultType,DamageType,FaultCovered,ClaimReportingWithinPeriod,ReceiptAvailable,WarrantyCardAvailable,ProductImageAvailable,SerialEvidenceAvailable,FaultEvidenceAvailable,RepairReportAvailable,PreviousRepair,RepairCount,RepairAuthorized,PreviousReplacement,ReplacementWithinWarranty,SerialNumberMatch,ProductModelConsistent,DuplicateClaimIndicator,DocumentDuplicateIndicator,ContradictionIndicator,RequiredDocumentsComplete,PurchaseProofAvailable,PriorClaimCount,ClaimAmount,PreviousRepairCost,OCRConfidence,ClaimSubmissionChannel,ClaimClass,ProductAgeDays,MissingDocumentCount,ClaimReportingDelayDays,HasRepairHistory,HasPreviousReplacement
CLM00220,VALID_220,CUS00220,PROD00220,Washing Machine,PrimeView,PRI-WAS-0220,SN-2026-000220,24,Active,92,Yes,Display Failure,Manufacturing Defect,Yes,Yes,Yes,Yes,Yes,Yes,Yes,No,No,0,,No,,Yes,Yes,No,No,No,Yes,Yes,1,966.51,0.0,0.952,Email,Valid Claim,638,1,5,0,0
CLM00568,INVALID_68_EXCLUDED_DAMAGE,CUS00568,PROD00568,Printer,NovaTech,NOV-PRI-0568,SN-2026-000568,24,Active,365,No,Water Leakage,Accidental Damage,No,Yes,Yes,Yes,Yes,Yes,Yes,No,No,0,,No,,Yes,Yes,No,No,No,Yes,Yes,1,2506.87,0.0,0.939,Email,Invalid Claim,365,1,5,0,0
CLM00077,VALID_77,CUS00077,PROD00077,Television,Aster,AST-TEL-0077,SN-2026-000077,12,Active,274,No,Connectivity Issue,Manufacturing Defect,Yes,Yes,Yes,Yes,Yes,Yes,Yes,No,No,0,,No,,Yes,Yes,No,No,No,Yes,Yes,1,1207.31,0.0,0.921,Web,Valid Claim,91,1,8,0,0
CLM00015,VALID_15,CUS00015,PROD00015,Air Conditioner,PrimeView,PRI-AIR-0015,SN-2026-000015,24,Active,546,No,Battery Problem,Manufacturing Defect,Yes,Yes,Yes,Yes,Yes,Yes,Yes,Yes,Yes,2,Yes,No,,Yes,Yes,No,No,No,Yes,Yes,1,786.67,564.69,0.956,Mobile App,Valid Claim,184,0,13,1,0
CLM00579,INVALID_79_EXPIRED_WARRANTY,CUS00579,PROD00579,Laptop,Aster,AST-LAP-0579,SN-2026-000579,12,Expired,-90,No,Power Failure,Electrical Failure,Yes,Yes,Yes,No,No,Yes,No,Yes,No,0,,No,,Yes,Yes,No,No,No,No,Yes,0,1343.29,0.0,0.9,Email,Invalid Claim,456,3,10,0,0
CLM01170,MANUAL_170_CONTRADICTION,CUS01170,PROD01170,Laptop,NovaTech,NOV-LAP-1170,SN-2026-001170,36,Active,547,No,Battery Problem,Electrical Failure,Yes,Yes,Yes,Yes,Yes,Yes,Yes,Yes,No,0,,No,,Yes,No,No,No,Yes,Yes,Yes,2,706.95,0.0,0.887,Web,Manual Review,549,0,2,0,0
CLM00588,INVALID_88_UNAUTHORIZED_REPAIR,CUS00588,PROD00588,Camera,HomePro,HOM-CAM-0588,SN-2026-000588,24,Active,-51,No,Battery Problem,Manufacturing Defect,Yes,Yes,Yes,Yes,No,Yes,Yes,Yes,Yes,2,No,No,,Yes,Yes,No,No,No,No,Yes,3,284.37,564.74,0.93,Email,Invalid Claim,781,1,22,1,0
CLM00849,INVALID_349_EXPIRED_WARRANTY,CUS00849,PROD00849,Television,NovaTech,NOV-TEL-0849,SN-2026-000849,24,Expired,-90,No,Display Failure,Manufacturing Defect,Yes,Yes,Yes,Yes,Yes,Yes,Yes,No,Yes,2,Yes,No,,Yes,Yes,No,No,No,Yes,Yes,1,1644.78,143.99,0.987,Email,Invalid Claim,820,1,10,1,0
CLM00672,INVALID_172_UNAUTHORIZED_REPAIR,CUS00672,PROD00672,Television,ZenCore,ZEN-TEL-0672,SN-2026-000672,36,Active,873,No,Noise,Manufacturing Defect,Yes,Yes,Yes,No,Yes,Yes,Yes,Yes,Yes,2,No,No,,Yes,Yes,No,No,No,No,Yes,2,286.06,1096.49,0.814,Web,Invalid Claim,222,1,24,1,0
CLM01045,MANUAL_45_LOW_OCR_CONFIDENCE,CUS01045,PROD01045,Printer,PrimeView,PRI-PRI-1045,SN-2026-001045,36,Active,548,No,Noise,Manufacturing Defect,Yes,Yes,Yes,Yes,Yes,Yes,Yes,Yes,No,0,,No,,Yes,Yes,No,No,No,Yes,Yes,0,115.59,0.0,0.622,Email,Manual Review,548,0,7,0,0
CLM01034,MANUAL_34_SERIAL_WARNING,CUS01034,PROD01034,Washing Machine,PrimeView,PRI-WAS-1034,SN-2026-001034,12,Active,183,No,Overheating,Electrical Failure,Yes,Yes,Yes,Yes,No,Yes,Yes,Yes,Yes,3,Yes,No,,Unknown,Yes,No,No,No,No,Yes,0,1732.68,684.76,0.812,Email,Manual Review,182,1,10,1,0
CLM00509,INVALID_09_SERIAL_MISMATCH,CUS00509,PROD00509,Air Conditioner,HomePro,HOM-AIR-0509,SN-2026-000509,24,Active,558,No,Overheating,Manufacturing Defect,Yes,Yes,Yes,Yes,Yes,Yes,Yes,No,No,0,,No,,No,Yes,No,No,No,Yes,Yes,0,650.15,0.0,0.944,Service Center,Invalid Claim,173,1,16,0,0
CLM00855,INVALID_355_EXPIRED_WARRANTY,CUS00855,PROD00855,Printer,HomePro,HOM-PRI-0855,SN-2026-000855,12,Expired,-90,No,Noise,Electrical Failure,Yes,Yes,Yes,Yes,Yes,Yes,Yes,Yes,Yes,2,Yes,No,,Yes,Yes,No,Yes,No,Yes,Yes,1,631.07,1057.57,0.796,Mobile App,Invalid Claim,456,0,10,1,0
CLM00570,INVALID_70_UNAUTHORIZED_REPAIR,CUS00570,PROD00570,Laptop,NovaTech,NOV-LAP-0570,SN-2026-000570,12,Active,241,No,Battery Problem,Manufacturing Defect,Yes,Yes,Yes,Yes,Yes,Yes,Yes,Yes,Yes,1,No,No,,Yes,Yes,No,No,No,Yes,Yes,1,268.24,1133.28,0.814,Mobile App,Invalid Claim,124,0,7,1,0
CLM01013,MANUAL_13_MISSING_DOCUMENT,CUS01013,PROD01013,Air Conditioner,Aster,AST-AIR-1013,SN-2026-001013,36,Active,546,No,Battery Problem,Electrical Failure,Yes,Yes,Yes,No,Yes,Yes,Yes,No,No,0,,Yes,Yes,Yes,Yes,No,No,No,No,Yes,3,704.09,0.0,0.819,Email,Manual Review,550,2,6,0,1
CLM01208,MANUAL_208_SERIAL_WARNING,CUS01208,PROD01208,Washing Machine,ZenCore,ZEN-WAS-1208,SN-2026-001208,12,Active,182,Yes,Battery Problem,Electrical Failure,Yes,Yes,Yes,Yes,Yes,Yes,Yes,No,No,0,,No,,Unknown,Yes,No,No,No,No,Yes,3,2740.0,0.0,0.888,Mobile App,Manual Review,184,1,5,0,0
CLM01122,MANUAL_122_CONTRADICTION,CUS01122,PROD01122,Laptop,HomePro,HOM-LAP-1122,SN-2026-001122,12,Active,182,No,Power Failure,Electrical Failure,Yes,Yes,Yes,Yes,Yes,Yes,Yes,Yes,No,0,,No,,Yes,No,No,No,Yes,Yes,Yes,0,1527.0,0.0,0.95,Web,Manual Review,183,0,10,0,0
CLM00203,VALID_203,CUS00203,PROD00203,Camera,HomePro,HOM-CAM-0203,SN-2026-000203,12,Active,242,Yes,Mechanical Failure,Electrical Failure,Yes,Yes,Yes,Yes,Yes,Yes,Yes,No,No,0,,No,,Yes,Yes,No,No,No,Yes,Yes,1,778.02,0.0,0.979,Mobile App,Valid Claim,123,1,12,0,0
CLM00184,VALID_184,CUS00184,PROD00184,Air Conditioner,NovaTech,NOV-AIR-0184,SN-2026-000184,24,Active,396,No,Water Leakage,Manufacturing Defect,Yes,Yes,Yes,Yes,Yes,Yes,Yes,No,No,0,,No,,Yes,Yes,No,No,No,Yes,Yes,0,350.59,0.0,0.92,Service Center,Valid Claim,334,1,14,0,0
CLM01189,MANUAL_189_LOW_OCR_CONFIDENCE,CUS01189,PROD01189,Refrigerator,HomePro,HOM-REF-1189,SN-2026-001189,12,Active,184,No,Power Failure,Electrical Failure,Yes,Yes,Yes,No,Yes,Yes,Yes,No,No,0,,No,,Yes,Yes,No,No,No,Yes,Yes,0,2484.98,0.0,0.683,Service Center,Manual Review,182,2,9,0,0
CLM00262,VALID_262,CUS00262,PROD00262,Smartphone,PrimeView,PRI-SMA-0262,SN-2026-000262,12,Active,304,No,Connectivity Issue,Manufacturing Defect,Yes,Yes,Yes,Yes,Yes,Yes,Yes,No,No,0,,No,,Yes,Yes,No,No,No,Yes,Yes,0,430.54,0.0,0.959,Mobile App,Valid Claim,61,1,12,0,0
CLM00405,VALID_405,CUS00405,PROD00405,Television,NovaTech,NOV-TEL-0405,SN-2026-000405,24,Active,424,No,Power Failure,Electrical Failure,Yes,Yes,Yes,Yes,Yes,Yes,Yes,No,No,0,,No,,Yes,Yes,No,No,No,Yes,Yes,0,734.93,0.0,0.989,Web,Valid Claim,306,1,12,0,0
CLM01374,MANUAL_374_CONTRADICTION,CUS01374,PROD01374,Smartphone,ZenCore,ZEN-SMA-1374,SN-2026-001374,24,Active,365,No,Power Failure,Manufacturing Defect,Yes,Yes,No,No,Yes,Yes,Yes,Yes,Yes,2,Yes,No,,Yes,No,No,No,Yes,No,No,0,1621.41,1001.69,0.935,Mobile App,Manual Review,366,2,1,1,0
CLM01111,MANUAL_111_LOW_OCR_CONFIDENCE,CUS01111,PROD01111,Air Conditioner,PrimeView,PRI-AIR-1111,SN-2026-001111,36,Active,548,No,Connectivity Issue,Manufacturing Defect,Yes,Yes,Yes,Yes,Yes,Yes,Yes,No,No,0,,No,,Yes,Yes,No,No,No,Yes,Yes,3,1391.09,0.0,0.648,Mobile App,Manual Review,548,1,6,0,0
CLM00619,INVALID_119_REPORTING_PERIOD,CUS00619,PROD00619,Printer,NovaTech,NOV-PRI-0619,SN-2026-000619,24,Active,366,No,Water Leakage,Manufacturing Defect,Yes,No,Yes,Yes,Yes,Yes,Yes,Yes,No,0,,No,,No,Yes,No,Yes,No,Yes,Yes,0,1289.24,0.0,0.971,Email,Invalid Claim,365,0,60,0,0
CLM00931,INVALID_431_REPORTING_PERIOD,CUS00931,PROD00931,Camera,HomePro,HOM-CAM-0931,SN-2026-000931,12,Active,184,No,Display Failure,Manufacturing Defect,Yes,No,Yes,Yes,Yes,Yes,Yes,Yes,Yes,3,Yes,No,,Yes,Yes,No,No,No,Yes,Yes,1,471.16,605.38,0.876,Web,Invalid Claim,181,0,60,1,0
CLM00402,VALID_402,CUS00402,PROD00402,Smartphone,PrimeView,PRI-SMA-0402,SN-2026-000402,24,Active,577,Yes,Connectivity Issue,Electrical Failure,Yes,Yes,Yes,Yes,Yes,Yes,Yes,Yes,Yes,2,Yes,No,,Yes,Yes,No,No,No,Yes,Yes,0,572.87,671.72,0.974,Service Center,Valid Claim,153,0,12,1,0
CLM00374,VALID_374,CUS00374,PROD00374,Washing Machine,PrimeView,PRI-WAS-0374,SN-2026-000374,24,Active,640,No,Water Leakage,Manufacturing Defect,Yes,Yes,Yes,Yes,Yes,Yes,Yes,No,No,0,,No,,Yes,Yes,No,No,No,Yes,Yes,1,2531.59,0.0,0.913,Service Center,Valid Claim,91,1,2,0,0
CLM00183,VALID_183,CUS00183,PROD00183,Camera,HomePro,HOM-CAM-0183,SN-2026-000183,36,Active,455,No,Connectivity Issue,Manufacturing Defect,Yes,Yes,Yes,Yes,Yes,Yes,Yes,No,No,0,,No,,Yes,Yes,No,No,No,Yes,Yes,1,1995.45,0.0,0.923,Mobile App,Valid Claim,641,1,7,0,0
CLM00977,INVALID_477_SERIAL_MISMATCH,CUS00977,PROD00977,Refrigerator,PrimeView,PRI-REF-0977,SN-2026-000977,24,Active,287,No,Noise,Manufacturing Defect,Yes,Yes,Yes,Yes,Yes,Yes,Yes,No,No,0,,No,,No,Yes,No,No,No,Yes,Yes,3,814.92,0.0,0.787,Mobile App,Invalid Claim,444,1,22,0,0
CLM00229,VALID_229,CUS00229,PROD00229,Smartphone,NovaTech,NOV-SMA-0229,SN-2026-000229,36,Active,638,No,Display Failure,Electrical Failure,Yes,Yes,Yes,Yes,Yes,Yes,Yes,No,No,0,,No,,Yes,Yes,No,No,No,Yes,Yes,0,2002.48,0.0,0.919,Email,Valid Claim,458,1,4,0,0
CLM01486,MANUAL_486_INCOMPLETE_EVIDENCE,CUS01486,PROD01486,Air Conditioner,PrimeView,PRI-AIR-1486,SN-2026-001486,12,Active,181,No,Battery Problem,Manufacturing Defect,Yes,Yes,Yes,No,Yes,Yes,No,Yes,No,0,,No,,Yes,Yes,No,No,No,No,Yes,2,2980.18,0.0,0.782,Service Center,Manual Review,184,2,6,0,0
CLM00428,VALID_428,CUS00428,PROD00428,Laptop,Aster,AST-LAP-0428,SN-2026-000428,24,Active,640,No,Water Leakage,Manufacturing Defect,Yes,Yes,Yes,Yes,Yes,Yes,Yes,No,No,0,,No,,Yes,Yes,No,No,No,Yes,Yes,1,332.3,0.0,0.915,Web,Valid Claim,91,1,12,0,0
CLM00816,INVALID_316_UNAUTHORIZED_REPAIR,CUS00816,PROD00816,Smartphone,Aster,AST-SMA-0816,SN-2026-000816,12,Active,-92,Yes,Mechanical Failure,Manufacturing Defect,Yes,Yes,Yes,Yes,Yes,Yes,Yes,Yes,Yes,1,No,No,,Yes,Yes,No,No,No,Yes,Yes,2,2866.18,982.82,0.984,Email,Invalid Claim,457,0,4,1,0
CLM00915,INVALID_415_EXPIRED_WARRANTY,CUS00915,PROD00915,Camera,ZenCore,ZEN-CAM-0915,SN-2026-000915,12,Expired,-90,No,Battery Problem,Electrical Failure,Yes,Yes,Yes,Yes,Yes,Yes,No,Yes,No,0,,No,,Yes,Yes,No,No,No,No,Yes,0,2205.51,0.0,0.907,Mobile App,Invalid Claim,455,1,10,0,0
CLM00958,INVALID_458_EXCLUDED_DAMAGE,CUS00958,PROD00958,Television,PrimeView,PRI-TEL-0958,SN-2026-000958,36,Active,546,No,Display Failure,Accidental Damage,No,Yes,Yes,Yes,Yes,Yes,Yes,Yes,No,0,,No,,Yes,Yes,No,No,No,Yes,Yes,3,1216.15,0.0,0.823,Service Center,Invalid Claim,550,0,5,0,0
CLM00411,VALID_411,CUS00411,PROD00411,Smartphone,Aster,AST-SMA-0411,SN-2026-000411,36,Active,1003,No,Mechanical Failure,Manufacturing Defect,Yes,Yes,Yes,Yes,Yes,Yes,Yes,Yes,Yes,2,Yes,No,,Yes,Yes,No,No,No,Yes,Yes,0,2347.0,843.87,0.932,Email,Valid Claim,92,0,13,1,0
CLM00777,INVALID_277_EXPIRED_WARRANTY,CUS00777,PROD00777,Smartphone,HomePro,HOM-SMA-0777,SN-2026-000777,24,Expired,-90,No,Water Leakage,Electrical Failure,Yes,Yes,Yes,Yes,Yes,Yes,Yes,No,No,0,,No,,Yes,Yes,No,No,No,Yes,Yes,2,2054.87,0.0,0.887,Email,Invalid Claim,821,1,10,0,0
CLM00623,INVALID_123_SERIAL_MISMATCH,CUS00623,PROD00623,Air Conditioner,Aster,AST-AIR-0623,SN-2026-000623,12,Active,-381,No,Display Failure,Manufacturing Defect,Yes,Yes,No,Yes,Yes,Yes,Yes,Yes,Yes,3,Yes,No,,No,Yes,No,No,No,No,No,0,1746.22,558.06,0.778,Email,Invalid Claim,746,1,14,1,0
CLM01161,MANUAL_161_UNCLEAR_REPAIR,CUS01161,PROD01161,Refrigerator,HomePro,HOM-REF-1161,SN-2026-001161,12,Active,181,No,Connectivity Issue,Electrical Failure,Yes,Yes,Yes,No,Yes,No,Yes,No,Yes,1,Unknown,No,,Yes,Yes,No,No,No,No,Yes,3,194.17,0.0,0.757,Web,Manual Review,184,3,2,1,0
CLM00128,VALID_128,CUS00128,PROD00128,Laptop,NovaTech,NOV-LAP-0128,SN-2026-000128,36,Active,882,Yes,Display Failure,Electrical Failure,Yes,Yes,Yes,Yes,Yes,Yes,Yes,No,No,0,,No,,Yes,Yes,No,No,No,Yes,Yes,0,1194.04,0.0,0.988,Mobile App,Valid Claim,214,1,11,0,0
CLM00500,VALID_500,CUS00500,PROD00500,Laptop,ZenCore,ZEN-LAP-0500,SN-2026-000500,24,Active,212,No,Overheating,Manufacturing Defect,Yes,Yes,Yes,Yes,Yes,Yes,Yes,No,No,0,,No,,Yes,Yes,No,No,No,Yes,Yes,0,2090.16,0.0,0.949,Mobile App,Valid Claim,518,1,3,0,0
CLM00886,INVALID_386_EXCLUDED_DAMAGE,CUS00886,PROD00886,Printer,NovaTech,NOV-PRI-0886,SN-2026-000886,24,Active,365,Yes,Mechanical Failure,Normal Wear,No,Yes,Yes,Yes,Yes,Yes,Yes,No,No,0,,No,,Yes,Yes,No,No,No,Yes,Yes,2,74.01,0.0,0.833,Service Center,Invalid Claim,366,1,5,0,0
CLM00238,VALID_238,CUS00238,PROD00238,Refrigerator,ZenCore,ZEN-REF-0238,SN-2026-000238,24,Active,365,No,Battery Problem,Electrical Failure,Yes,Yes,Yes,Yes,Yes,Yes,Yes,No,No,0,,No,,Yes,Yes,No,No,No,Yes,Yes,0,2570.91,0.0,0.963,Web,Valid Claim,366,1,14,0,0
CLM01196,MANUAL_196_SERIAL_WARNING,CUS01196,PROD01196,Television,PrimeView,PRI-TEL-1196,SN-2026-001196,36,Active,546,No,Battery Problem,Electrical Failure,Yes,Yes,Yes,No,Yes,Yes,No,Yes,No,0,,No,,Unknown,Yes,No,No,No,No,Yes,3,2484.84,0.0,0.812,Service Center,Manual Review,549,2,2,0,0
CLM00719,INVALID_219_SERIAL_MISMATCH,CUS00719,PROD00719,Television,PrimeView,PRI-TEL-0719,SN-2026-000719,24,Active,464,No,Power Failure,Manufacturing Defect,Yes,Yes,Yes,Yes,Yes,Yes,No,Yes,No,0,,No,,No,Yes,No,No,No,No,Yes,2,2113.22,0.0,0.792,Service Center,Invalid Claim,266,1,14,0,0
CLM01414,MANUAL_414_INCOMPLETE_EVIDENCE,CUS01414,PROD01414,Laptop,Aster,AST-LAP-1414,SN-2026-001414,36,Active,548,Yes,Connectivity Issue,Manufacturing Defect,Yes,Yes,Yes,Yes,Yes,Yes,No,No,No,0,,No,,Yes,Yes,No,No,No,No,Yes,2,2734.89,0.0,0.84,Web,Manual Review,548,2,7,0,0
CLM00399,VALID_399,CUS00399,PROD00399,Air Conditioner,Aster,AST-AIR-0399,SN-2026-000399,24,Active,153,No,Water Leakage,Manufacturing Defect,Yes,Yes,Yes,Yes,Yes,Yes,Yes,No,No,0,,No,,Yes,Yes,No,No,No,Yes,Yes,1,1399.08,0.0,0.913,Mobile App,Valid Claim,577,1,13,0,0
CLM01172,MANUAL_172_SERIAL_WARNING,CUS01172,PROD01172,Washing Machine,HomePro,HOM-WAS-1172,SN-2026-001172,24,Active,365,No,Display Failure,Manufacturing Defect,Yes,Yes,Yes,Yes,Yes,Yes,Yes,Yes,No,0,,No,,Unknown,Yes,No,No,No,No,Yes,1,892.29,0.0,0.778,Service Center,Manual Review,366,0,7,0,0
CLM00921,INVALID_421_EXPIRED_WARRANTY,CUS00921,PROD00921,Camera,PrimeView,PRI-CAM-0921,SN-2026-000921,36,Expired,-90,Yes,Noise,Manufacturing Defect,Yes,Yes,Yes,Yes,Yes,No,Yes,Yes,No,0,,No,,Yes,Yes,No,No,No,No,Yes,2,1514.84,0.0,0.916,Service Center,Invalid Claim,1186,1,10,0,0
CLM01115,MANUAL_115_MISSING_DOCUMENT,CUS01115,PROD01115,Television,PrimeView,PRI-TEL-1115,SN-2026-001115,36,Active,547,No,Connectivity Issue,Manufacturing Defect,Yes,Yes,Yes,Yes,Yes,Yes,Yes,No,No,0,,No,,Yes,Yes,No,No,No,No,Yes,3,1925.23,0.0,0.768,Mobile App,Manual Review,548,1,12,0,0
CLM00716,INVALID_216_DUPLICATE_CLAIM,CUS00716,PROD00716,Refrigerator,HomePro,HOM-REF-0716,SN-2026-000716,36,Active,542,No,Connectivity Issue,Manufacturing Defect,Yes,Yes,Yes,Yes,Yes,Yes,Yes,Yes,No,0,,No,,Yes,Yes,Yes,Yes,No,Yes,Yes,2,2955.24,0.0,0.89,Web,Invalid Claim,553,0,5,0,0
CLM00425,VALID_425,CUS00425,PROD00425,Camera,NovaTech,NOV-CAM-0425,SN-2026-000425,36,Active,365,No,Overheating,Manufacturing Defect,Yes,Yes,Yes,Yes,Yes,Yes,Yes,No,No,0,,No,,Yes,Yes,No,No,No,Yes,Yes,1,698.7,0.0,0.97,Mobile App,Valid Claim,730,1,12,0,0
CLM00318,VALID_318,CUS00318,PROD00318,Laptop,Aster,AST-LAP-0318,SN-2026-000318,12,Active,91,No,Display Failure,Manufacturing Defect,Yes,Yes,Yes,Yes,Yes,Yes,Yes,No,No,0,,No,,Yes,Yes,No,No,No,Yes,Yes,1,854.66,0.0,0.949,Email,Valid Claim,275,1,10,0,0
CLM00063,VALID_63,CUS00063,PROD00063,Printer,PrimeView,PRI-PRI-0063,SN-2026-000063,36,Active,92,No,Connectivity Issue,Electrical Failure,Yes,Yes,Yes,Yes,Yes,Yes,Yes,No,No,0,,No,,Yes,Yes,No,No,No,Yes,Yes,0,817.75,0.0,0.988,Mobile App,Valid Claim,1004,1,5,0,0
CLM00412,VALID_412,CUS00412,PROD00412,Printer,Aster,AST-PRI-0412,SN-2026-000412,12,Active,245,No,Battery Problem,Manufacturing Defect,Yes,Yes,Yes,Yes,Yes,Yes,Yes,No,No,0,,No,,Yes,Yes,No,No,No,Yes,Yes,0,818.8,0.0,0.964,Web,Valid Claim,120,1,2,0,0
CLM01227,MANUAL_227_UNCLEAR_REPAIR,CUS01227,PROD01227,Air Conditioner,Aster,AST-AIR-1227,SN-2026-001227,24,Active,365,No,Mechanical Failure,Manufacturing Defect,Yes,Yes,Yes,Yes,Yes,Yes,Yes,Yes,Yes,2,Unknown,No,,Yes,Yes,No,No,No,No,Yes,1,2858.71,0.0,0.937,Web,Manual Review,365,0,3,1,0
CLM00850,INVALID_350_EXCLUDED_DAMAGE,CUS00850,PROD00850,Washing Machine,HomePro,HOM-WAS-0850,SN-2026-000850,24,Active,365,No,Noise,Physical Damage,No,Yes,Yes,Yes,Yes,Yes,Yes,Yes,No,0,,No,,Yes,Yes,No,No,No,Yes,Yes,2,94.25,0.0,0.842,Mobile App,Invalid Claim,365,0,5,0,0
CLM01082,MANUAL_82_SERIAL_WARNING,CUS01082,PROD01082,Refrigerator,PrimeView,PRI-REF-1082,SN-2026-001082,36,Active,550,No,Connectivity Issue,Manufacturing Defect,Yes,Yes,Yes,Yes,No,Yes,Yes,Yes,No,0,,Yes,Yes,Unknown,Yes,No,No,No,No,Yes,0,169.75,0.0,0.862,Service Center,Manual Review,546,1,4,0,1
CLM01202,MANUAL_202_SERIAL_WARNING,CUS01202,PROD01202,Printer,HomePro,HOM-PRI-1202,SN-2026-001202,36,Active,549,No,Overheating,Electrical Failure,Yes,Yes,Yes,Yes,Yes,Yes,Yes,Yes,No,0,,No,,Unknown,Yes,No,No,No,No,Yes,3,1481.78,0.0,0.929,Web,Manual Review,547,0,8,0,0
CLM01256,MANUAL_256_SERIAL_WARNING,CUS01256,PROD01256,Printer,ZenCore,ZEN-PRI-1256,SN-2026-001256,12,Active,184,No,Connectivity Issue,Manufacturing Defect,Yes,Yes,Yes,Yes,Yes,Yes,Yes,No,No,0,,No,,Unknown,Yes,No,No,No,No,Yes,0,1389.71,0.0,0.84,Mobile App,Manual Review,181,1,13,0,0
CLM00708,INVALID_208_UNAUTHORIZED_REPAIR,CUS00708,PROD00708,Air Conditioner,Aster,AST-AIR-0708,SN-2026-000708,36,Active,770,No,Battery Problem,Electrical Failure,Yes,Yes,Yes,Yes,No,Yes,Yes,Yes,Yes,2,No,No,,Yes,Yes,No,No,No,No,Yes,2,1294.92,1147.47,0.808,Service Center,Invalid Claim,326,1,18,1,0
CLM00544,INVALID_44_EXCLUDED_DAMAGE,CUS00544,PROD00544,Smartphone,Aster,AST-SMA-0544,SN-2026-000544,36,Active,549,Yes,Water Leakage,Normal Wear,No,Yes,Yes,Yes,Yes,Yes,Yes,Yes,No,0,,No,,Yes,Yes,No,No,No,Yes,Yes,0,1824.66,0.0,0.759,Email,Invalid Claim,547,0,5,0,0
CLM00643,INVALID_143_REPORTING_PERIOD,CUS00643,PROD00643,Laptop,PrimeView,PRI-LAP-0643,SN-2026-000643,36,Active,548,No,Display Failure,Manufacturing Defect,Yes,No,No,Yes,Yes,Yes,Yes,Yes,Yes,3,Yes,No,,Yes,Yes,No,No,No,No,No,3,1971.93,329.71,0.934,Mobile App,Invalid Claim,548,1,60,1,0
CLM00082,VALID_82,CUS00082,PROD00082,Air Conditioner,PrimeView,PRI-AIR-0082,SN-2026-000082,24,Active,365,No,Noise,Manufacturing Defect,Yes,Yes,Yes,Yes,Yes,Yes,Yes,No,No,0,,No,,Yes,Yes,No,No,No,Yes,Yes,0,2373.88,0.0,0.902,Web,Valid Claim,366,1,11,0,0
CLM01482,MANUAL_482_CONTRADICTION,CUS01482,PROD01482,Printer,ZenCore,ZEN-PRI-1482,SN-2026-001482,36,Active,546,No,Power Failure,Electrical Failure,Yes,Yes,Yes,No,No,Yes,Yes,Yes,Yes,1,Yes,No,,Yes,No,No,No,Yes,No,Yes,2,475.57,852.49,0.764,Web,Manual Review,550,2,13,1,0
CLM00961,INVALID_461_REPORTING_PERIOD,CUS00961,PROD00961,Camera,Aster,AST-CAM-0961,SN-2026-000961,12,Active,181,No,Power Failure,Electrical Failure,Yes,No,Yes,Yes,Yes,Yes,Yes,Yes,Yes,3,Yes,No,,Yes,Yes,No,No,No,Yes,Yes,3,2680.04,933.2,0.885,Email,Invalid Claim,184,0,60,1,0
CLM00196,VALID_196,CUS00196,PROD00196,Air Conditioner,HomePro,HOM-AIR-0196,SN-2026-000196,24,Active,123,No,Power Failure,Electrical Failure,Yes,Yes,Yes,Yes,Yes,Yes,Yes,Yes,Yes,2,Yes,No,,Yes,Yes,No,No,No,Yes,Yes,1,1781.16,635.96,0.945,Service Center,Valid Claim,608,0,11,1,0
CLM00308,VALID_308,CUS00308,PROD00308,Television,HomePro,HOM-TEL-0308,SN-2026-000308,24,Active,397,Yes,Power Failure,Manufacturing Defect,Yes,Yes,Yes,Yes,Yes,Yes,Yes,No,No,0,,No,,Yes,Yes,No,No,No,Yes,Yes,1,1478.42,0.0,0.918,Email,Valid Claim,334,1,3,0,0
CLM00258,VALID_258,CUS00258,PROD00258,Printer,PrimeView,PRI-PRI-0258,SN-2026-000258,12,Active,304,No,Connectivity Issue,Manufacturing Defect,Yes,Yes,Yes,Yes,Yes,Yes,Yes,Yes,Yes,2,Yes,No,,Yes,Yes,No,No,No,Yes,Yes,1,809.96,649.88,0.98,Service Center,Valid Claim,61,0,5,1,0
CLM00222,VALID_222,CUS00222,PROD00222,Refrigerator,HomePro,HOM-REF-0222,SN-2026-000222,36,Active,1034,No,Connectivity Issue,Manufacturing Defect,Yes,Yes,Yes,Yes,Yes,Yes,Yes,No,No,0,,No,,Yes,Yes,No,No,No,Yes,Yes,1,954.72,0.0,0.915,Service Center,Valid Claim,62,1,1,0,0
CLM01423,MANUAL_423_LOW_OCR_CONFIDENCE,CUS01423,PROD01423,Washing Machine,Aster,AST-WAS-1423,SN-2026-001423,12,Active,182,No,Water Leakage,Manufacturing Defect,Yes,Yes,Yes,Yes,Yes,Yes,No,Yes,No,0,,No,,Yes,Yes,No,No,No,Yes,Yes,1,1655.16,0.0,0.629,Mobile App,Manual Review,183,1,8,0,0
CLM01413,MANUAL_413_UNCLEAR_REPAIR,CUS01413,PROD01413,Printer,HomePro,HOM-PRI-1413,SN-2026-001413,36,Active,550,No,Connectivity Issue,Manufacturing Defect,Yes,Yes,Yes,Yes,Yes,Yes,Yes,Yes,Yes,1,Unknown,No,,Yes,Yes,No,No,No,No,Yes,0,2081.11,0.0,0.854,Email,Manual Review,546,0,11,1,0
CLM00543,INVALID_43_EXPIRED_WARRANTY,CUS00543,PROD00543,Television,NovaTech,NOV-TEL-0543,SN-2026-000543,36,Expired,-90,Yes,Connectivity Issue,Manufacturing Defect,Yes,Yes,Yes,No,Yes,Yes,Yes,No,No,0,,No,,Yes,Yes,No,No,No,No,Yes,1,334.06,0.0,0.779,Service Center,Invalid Claim,1186,2,10,0,0
CLM00738,INVALID_238_UNAUTHORIZED_REPAIR,CUS00738,PROD00738,Printer,Aster,AST-PRI-0738,SN-2026-000738,24,Active,-142,No,Connectivity Issue,Electrical Failure,Yes,Yes,Yes,No,Yes,Yes,Yes,Yes,Yes,2,No,No,,Yes,Yes,No,No,No,No,Yes,2,879.02,651.07,0.956,Web,Invalid Claim,872,1,4,1,0
CLM01428,MANUAL_428_CONTRADICTION,CUS01428,PROD01428,Camera,PrimeView,PRI-CAM-1428,SN-2026-001428,36,Active,550,No,Connectivity Issue,Manufacturing Defect,Yes,Yes,Yes,Yes,Yes,Yes,Yes,Yes,Yes,3,Yes,Yes,Yes,Yes,No,No,No,Yes,Yes,Yes,1,2623.04,143.46,0.831,Email,Manual Review,546,0,3,1,1
CLM00176,VALID_176,CUS00176,PROD00176,Refrigerator,Aster,AST-REF-0176,SN-2026-000176,12,Active,151,No,Battery Problem,Electrical Failure,Yes,Yes,Yes,Yes,Yes,Yes,Yes,No,No,0,,No,,Yes,Yes,No,No,No,Yes,Yes,0,784.67,0.0,0.908,Service Center,Valid Claim,214,1,5,0,0
CLM00941,INVALID_441_SERIAL_MISMATCH,CUS00941,PROD00941,Television,NovaTech,NOV-TEL-0941,SN-2026-000941,36,Active,987,No,Battery Problem,Manufacturing Defect,Yes,Yes,No,Yes,Yes,Yes,Yes,No,No,0,,No,,No,Yes,No,No,No,No,No,2,2620.12,0.0,0.958,Service Center,Invalid Claim,108,2,4,0,0
CLM01460,MANUAL_460_SERIAL_WARNING,CUS01460,PROD01460,Printer,NovaTech,NOV-PRI-1460,SN-2026-001460,12,Active,184,No,Overheating,Manufacturing Defect,Yes,Yes,Yes,Yes,Yes,Yes,Yes,No,No,0,,No,,Unknown,No,No,No,No,No,Yes,0,372.02,0.0,0.926,Email,Manual Review,181,1,3,0,0
CLM01289,MANUAL_289_MISSING_DOCUMENT,CUS01289,PROD01289,Refrigerator,NovaTech,NOV-REF-1289,SN-2026-001289,12,Active,181,No,Overheating,Electrical Failure,Yes,Yes,Yes,Yes,Yes,No,Yes,No,No,0,,Yes,Yes,Yes,Yes,No,No,No,No,Yes,0,2396.38,0.0,0.849,Mobile App,Manual Review,184,2,8,0,1
CLM00090,VALID_90,CUS00090,PROD00090,Television,Aster,AST-TEL-0090,SN-2026-000090,12,Active,123,No,Noise,Manufacturing Defect,Yes,Yes,Yes,Yes,Yes,Yes,Yes,No,No,0,,No,,Yes,Yes,No,No,No,Yes,Yes,0,876.33,0.0,0.96,Email,Valid Claim,243,1,6,0,0
CLM00132,VALID_132,CUS00132,PROD00132,Camera,HomePro,HOM-CAM-0132,SN-2026-000132,24,Active,153,No,Noise,Manufacturing Defect,Yes,Yes,Yes,Yes,Yes,Yes,Yes,No,No,0,,No,,Yes,Yes,No,No,No,Yes,Yes,1,602.99,0.0,0.98,Mobile App,Valid Claim,578,1,2,0,0
CLM00386,VALID_386,CUS00386,PROD00386,Air Conditioner,NovaTech,NOV-AIR-0386,SN-2026-000386,36,Active,1034,No,Water Leakage,Electrical Failure,Yes,Yes,Yes,Yes,Yes,Yes,Yes,No,No,0,,No,,Yes,Yes,No,No,No,Yes,Yes,1,300.32,0.0,0.906,Service Center,Valid Claim,61,1,3,0,0
CLM00887,INVALID_387_SERIAL_MISMATCH,CUS00887,PROD00887,Smartphone,Aster,AST-SMA-0887,SN-2026-000887,36,Active,541,No,Water Leakage,Electrical Failure,Yes,Yes,Yes,Yes,Yes,Yes,Yes,Yes,No,0,,No,,No,Yes,No,No,No,Yes,Yes,3,1258.48,0.0,0.767,Mobile App,Invalid Claim,555,0,29,0,0
CLM00540,INVALID_40_UNAUTHORIZED_REPAIR,CUS00540,PROD00540,Laptop,NovaTech,NOV-LAP-0540,SN-2026-000540,24,Active,-166,No,Mechanical Failure,Electrical Failure,Yes,Yes,Yes,Yes,No,Yes,Yes,Yes,Yes,1,No,Yes,No,Yes,Yes,No,No,No,No,Yes,0,1944.49,685.6,0.869,Email,Invalid Claim,896,1,26,1,1
CLM00365,VALID_365,CUS00365,PROD00365,Smartphone,NovaTech,NOV-SMA-0365,SN-2026-000365,36,Active,700,No,Power Failure,Electrical Failure,Yes,Yes,Yes,Yes,Yes,Yes,Yes,No,No,0,,No,,Yes,Yes,No,No,No,Yes,Yes,1,2019.47,0.0,0.925,Web,Valid Claim,396,1,7,0,0
CLM01322,MANUAL_322_SERIAL_WARNING,CUS01322,PROD01322,Printer,ZenCore,ZEN-PRI-1322,SN-2026-001322,12,Active,183,No,Power Failure,Manufacturing Defect,Yes,Yes,Yes,Yes,Yes,Yes,Yes,Yes,No,0,,Yes,Yes,Unknown,Yes,No,Yes,No,No,Yes,1,2181.75,0.0,0.827,Mobile App,Manual Review,182,0,6,0,1
CLM01108,MANUAL_108_INCOMPLETE_EVIDENCE,CUS01108,PROD01108,Television,PrimeView,PRI-TEL-1108,SN-2026-001108,36,Active,549,Yes,Power Failure,Electrical Failure,Yes,Yes,No,Yes,Yes,Yes,No,Yes,No,0,,No,,Yes,Yes,No,No,No,No,No,2,2359.71,0.0,0.796,Mobile App,Manual Review,547,2,2,0,0
CLM01399,MANUAL_399_LOW_OCR_CONFIDENCE,CUS01399,PROD01399,Washing Machine,Aster,AST-WAS-1399,SN-2026-001399,36,Active,549,No,Display Failure,Manufacturing Defect,Yes,Yes,No,Yes,Yes,Yes,Yes,Yes,No,0,,No,,Yes,Yes,No,No,No,Yes,No,1,2190.62,0.0,0.604,Email,Manual Review,546,1,8,0,0
CLM00443,VALID_443,CUS00443,PROD00443,Television,ZenCore,ZEN-TEL-0443,SN-2026-000443,36,Active,454,No,Water Leakage,Electrical Failure,Yes,Yes,Yes,Yes,Yes,Yes,Yes,No,No,0,,No,,Yes,Yes,No,No,No,Yes,Yes,0,2438.5,0.0,0.957,Service Center,Valid Claim,641,1,10,0,0
CLM01137,MANUAL_137_UNCLEAR_REPAIR,CUS01137,PROD01137,Smartphone,HomePro,HOM-SMA-1137,SN-2026-001137,12,Active,184,No,Battery Problem,Electrical Failure,Yes,Yes,Yes,Yes,Yes,No,No,No,Yes,1,Unknown,No,,Yes,Yes,No,No,No,No,Yes,0,2837.77,0.0,0.883,Email,Manual Review,182,3,4,1,0
CLM00250,VALID_250,CUS00250,PROD00250,Printer,PrimeView,PRI-PRI-0250,SN-2026-000250,12,Active,92,No,Mechanical Failure,Electrical Failure,Yes,Yes,Yes,Yes,Yes,Yes,Yes,No,No,0,,No,,Yes,Yes,No,No,No,Yes,Yes,1,2992.21,0.0,0.979,Web,Valid Claim,273,1,3,0,0
CLM00505,INVALID_05_REPORTING_PERIOD,CUS00505,PROD00505,Refrigerator,ZenCore,ZEN-REF-0505,SN-2026-000505,36,Active,546,No,Noise,Electrical Failure,Yes,No,Yes,Yes,Yes,Yes,Yes,No,No,0,,No,,Yes,Yes,No,No,No,Yes,Yes,2,1543.8,0.0,0.838,Service Center,Invalid Claim,550,1,60,0,0
CLM01056,MANUAL_56_CONTRADICTION,CUS01056,PROD01056,Refrigerator,HomePro,HOM-REF-1056,SN-2026-001056,12,Active,184,No,Power Failure,Electrical Failure,Yes,Yes,Yes,Yes,Yes,Yes,Yes,Yes,Yes,2,No,No,,Yes,No,No,No,Yes,Yes,Yes,2,2607.36,209.17,0.867,Email,Manual Review,181,0,9,1,0
CLM01336,MANUAL_336_INCOMPLETE_EVIDENCE,CUS01336,PROD01336,Laptop,PrimeView,PRI-LAP-1336,SN-2026-001336,36,Active,547,No,Battery Problem,Manufacturing Defect,Yes,Yes,Yes,Yes,Yes,Yes,No,No,No,0,,No,,No,Yes,No,No,No,No,Yes,0,1434.48,0.0,0.937,Web,Manual Review,549,2,4,0,0
CLM01312,MANUAL_312_INCOMPLETE_EVIDENCE,CUS01312,PROD01312,Laptop,NovaTech,NOV-LAP-1312,SN-2026-001312,12,Active,182,No,Water Leakage,Electrical Failure,Yes,Yes,Yes,No,Yes,Yes,No,Yes,No,0,,Yes,Yes,Yes,Yes,No,No,No,No,Yes,0,1869.01,0.0,0.913,Mobile App,Manual Review,184,2,6,0,1
CLM01046,MANUAL_46_SERIAL_WARNING,CUS01046,PROD01046,Smartphone,Aster,AST-SMA-1046,SN-2026-001046,24,Active,365,No,Water Leakage,Manufacturing Defect,Yes,Yes,Yes,No,Yes,Yes,No,No,No,0,,No,,Unknown,Yes,No,Yes,No,No,Yes,2,2733.47,0.0,0.802,Web,Manual Review,365,3,9,0,0
CLM01229,MANUAL_229_MISSING_DOCUMENT,CUS01229,PROD01229,Air Conditioner,NovaTech,NOV-AIR-1229,SN-2026-001229,36,Active,547,Yes,Mechanical Failure,Manufacturing Defect,Yes,Yes,Yes,No,Yes,Yes,No,No,No,0,,No,,Yes,Yes,No,No,No,No,Yes,1,1438.6,0.0,0.835,Service Center,Manual Review,549,3,9,0,0
CLM00285,VALID_285,CUS00285,PROD00285,Printer,NovaTech,NOV-PRI-0285,SN-2026-000285,36,Active,972,No,Battery Problem,Electrical Failure,Yes,Yes,Yes,Yes,Yes,Yes,Yes,Yes,Yes,1,Yes,No,,Yes,Yes,No,No,No,Yes,Yes,0,2052.95,55.28,0.902,Email,Valid Claim,123,0,3,1,0
CLM00372,VALID_372,CUS00372,PROD00372,Air Conditioner,ZenCore,ZEN-AIR-0372,SN-2026-000372,12,Active,243,Yes,Water Leakage,Electrical Failure,Yes,Yes,Yes,Yes,Yes,Yes,Yes,Yes,Yes,1,Yes,No,,Yes,Yes,No,No,No,Yes,Yes,1,2825.11,893.17,0.94,Web,Valid Claim,122,0,12,1,0
CLM01276,MANUAL_276_INCOMPLETE_EVIDENCE,CUS01276,PROD01276,Air Conditioner,PrimeView,PRI-AIR-1276,SN-2026-001276,12,Active,184,No,Connectivity Issue,Electrical Failure,Yes,Yes,Yes,Yes,Yes,Yes,No,Yes,No,0,,No,,Yes,Yes,No,No,No,No,Yes,2,2194.96,0.0,0.794,Service Center,Manual Review,181,1,10,0,0
CLM01142,MANUAL_142_SERIAL_WARNING,CUS01142,PROD01142,Refrigerator,NovaTech,NOV-REF-1142,SN-2026-001142,36,Active,547,No,Display Failure,Manufacturing Defect,Yes,Yes,Yes,Yes,Yes,Yes,No,Yes,No,0,,No,,Unknown,Yes,No,No,No,No,Yes,3,718.09,0.0,0.753,Mobile App,Manual Review,549,1,10,0,0
CLM00058,VALID_58,CUS00058,PROD00058,Laptop,HomePro,HOM-LAP-0058,SN-2026-000058,24,Active,273,No,Display Failure,Manufacturing Defect,Yes,Yes,Yes,Yes,Yes,Yes,Yes,No,No,0,,No,,Yes,Yes,No,No,No,Yes,Yes,0,1473.8,0.0,0.96,Email,Valid Claim,457,1,1,0,0
CLM00622,INVALID_122_EXCLUDED_DAMAGE,CUS00622,PROD00622,Smartphone,NovaTech,NOV-SMA-0622,SN-2026-000622,36,Active,549,No,Mechanical Failure,Water Damage,No,Yes,Yes,No,No,Yes,Yes,Yes,No,0,,No,,Yes,Yes,No,No,No,No,Yes,0,688.01,0.0,0.907,Email,Invalid Claim,547,2,5,0,0
CLM00039,VALID_39,CUS00039,PROD00039,Refrigerator,Aster,AST-REF-0039,SN-2026-000039,36,Active,549,No,Power Failure,Manufacturing Defect,Yes,Yes,Yes,Yes,Yes,Yes,Yes,No,No,0,,No,,Yes,Yes,No,No,No,Yes,Yes,1,1063.84,0.0,0.947,Email,Valid Claim,547,1,13,0,0
CLM00142,VALID_142,CUS00142,PROD00142,Refrigerator,HomePro,HOM-REF-0142,SN-2026-000142,36,Active,762,No,Noise,Electrical Failure,Yes,Yes,Yes,Yes,Yes,Yes,Yes,No,No,0,,No,,Yes,Yes,No,No,No,Yes,Yes,0,459.69,0.0,0.986,Mobile App,Valid Claim,334,1,11,0,0
CLM01005,MANUAL_05_UNCLEAR_REPAIR,CUS01005,PROD01005,Laptop,NovaTech,NOV-LAP-1005,SN-2026-001005,24,Active,365,No,Display Failure,Manufacturing Defect,Yes,Yes,Yes,Yes,Yes,Yes,Yes,Yes,Yes,2,Unknown,No,,Yes,Yes,No,No,No,No,Yes,1,328.78,0.0,0.974,Web,Manual Review,366,0,4,1,0
CLM00009,VALID_09,CUS00009,PROD00009,Camera,NovaTech,NOV-CAM-0009,SN-2026-000009,24,Active,304,No,Water Leakage,Electrical Failure,Yes,Yes,Yes,Yes,Yes,Yes,Yes,No,No,0,,No,,Yes,Yes,No,No,No,Yes,Yes,0,904.41,0.0,0.959,Mobile App,Valid Claim,427,1,1,0,0
CLM00580,INVALID_80_EXCLUDED_DAMAGE,CUS00580,PROD00580,Laptop,Aster,AST-LAP-0580,SN-2026-000580,36,Active,549,No,Display Failure,Accidental Damage,No,Yes,Yes,No,Yes,Yes,Yes,Yes,No,0,,No,,Yes,Yes,No,No,No,No,Yes,3,2345.46,0.0,0.827,Mobile App,Invalid Claim,546,1,5,0,0
CLM01317,MANUAL_317_UNCLEAR_REPAIR,CUS01317,PROD01317,Printer,PrimeView,PRI-PRI-1317,SN-2026-001317,12,Active,182,No,Noise,Electrical Failure,Yes,Yes,Yes,Yes,Yes,Yes,Yes,Yes,Yes,1,Unknown,No,,Yes,Yes,No,No,No,No,Yes,2,845.72,901.84,0.983,Mobile App,Manual Review,184,0,6,1,0
CLM00075,VALID_75,CUS00075,PROD00075,Washing Machine,Aster,AST-WAS-0075,SN-2026-000075,12,Active,61,No,Overheating,Manufacturing Defect,Yes,Yes,Yes,Yes,Yes,Yes,Yes,No,No,0,,No,,Yes,Yes,No,No,No,Yes,Yes,0,1039.71,0.0,0.912,Web,Valid Claim,304,1,2,0,0
CLM00441,VALID_441,CUS00441,PROD00441,Laptop,HomePro,HOM-LAP-0441,SN-2026-000441,12,Active,184,No,Mechanical Failure,Manufacturing Defect,Yes,Yes,Yes,Yes,Yes,Yes,Yes,No,No,0,,No,,Yes,Yes,No,No,No,Yes,Yes,1,2192.51,0.0,0.917,Email,Valid Claim,181,1,1,0,0
CLM00044,VALID_44,CUS00044,PROD00044,Printer,Aster,AST-PRI-0044,SN-2026-000044,12,Active,150,No,Connectivity Issue,Electrical Failure,Yes,Yes,Yes,Yes,Yes,Yes,Yes,No,No,0,,No,,Yes,Yes,No,No,No,Yes,Yes,1,2446.87,0.0,0.95,Email,Valid Claim,215,1,7,0,0
CLM01116,MANUAL_116_CONTRADICTION,CUS01116,PROD01116,Television,ZenCore,ZEN-TEL-1116,SN-2026-001116,12,Active,182,Yes,Battery Problem,Manufacturing Defect,Yes,Yes,Yes,Yes,Yes,Yes,No,Yes,No,0,,Yes,Yes,Yes,No,No,No,Yes,No,Yes,2,449.3,0.0,0.926,Mobile App,Manual Review,183,1,1,0,1
CLM01325,MANUAL_325_MISSING_DOCUMENT,CUS01325,PROD01325,Television,ZenCore,ZEN-TEL-1325,SN-2026-001325,36,Active,547,Yes,Display Failure,Electrical Failure,Yes,Yes,Yes,Yes,Yes,Yes,Yes,No,No,0,,No,,Yes,Yes,No,No,No,No,Yes,1,1639.36,0.0,0.845,Email,Manual Review,549,1,12,0,0
CLM00006,VALID_06,CUS00006,PROD00006,Smartphone,Aster,AST-SMA-0006,SN-2026-000006,36,Active,760,Yes,Water Leakage,Manufacturing Defect,Yes,Yes,Yes,Yes,Yes,Yes,Yes,No,No,0,,No,,Yes,Yes,No,No,No,Yes,Yes,1,241.52,0.0,0.955,Web,Valid Claim,335,1,12,0,0
CLM01146,MANUAL_146_CONTRADICTION,CUS01146,PROD01146,Refrigerator,NovaTech,NOV-REF-1146,SN-2026-001146,36,Active,548,No,Connectivity Issue,Manufacturing Defect,Yes,Yes,Yes,Yes,No,Yes,Yes,Yes,Yes,1,Yes,No,,Yes,No,No,No,Yes,No,Yes,0,1615.61,1266.45,0.872,Service Center,Manual Review,548,1,9,1,0
CLM01343,MANUAL_343_MISSING_DOCUMENT,CUS01343,PROD01343,Smartphone,HomePro,HOM-SMA-1343,SN-2026-001343,36,Active,547,No,Connectivity Issue,Manufacturing Defect,Yes,Yes,Yes,No,Yes,Yes,Yes,No,No,0,,No,,Yes,No,No,No,No,No,Yes,0,140.62,0.0,0.983,Email,Manual Review,549,2,11,0,0
CLM01220,MANUAL_220_SERIAL_WARNING,CUS01220,PROD01220,Laptop,PrimeView,PRI-LAP-1220,SN-2026-001220,24,Active,365,No,Water Leakage,Manufacturing Defect,Yes,Yes,Yes,Yes,Yes,Yes,Yes,No,No,0,,No,,Unknown,Yes,No,No,No,No,Yes,2,2475.68,0.0,0.79,Email,Manual Review,365,1,14,0,0
CLM00186,VALID_186,CUS00186,PROD00186,Smartphone,NovaTech,NOV-SMA-0186,SN-2026-000186,36,Active,975,No,Mechanical Failure,Electrical Failure,Yes,Yes,Yes,Yes,Yes,Yes,Yes,No,No,0,,No,,Yes,Yes,No,No,No,Yes,Yes,1,1147.9,0.0,0.909,Web,Valid Claim,120,1,3,0,0
CLM01039,MANUAL_39_LOW_OCR_CONFIDENCE,CUS01039,PROD01039,Smartphone,HomePro,HOM-SMA-1039,SN-2026-001039,36,Active,547,No,Power Failure,Electrical Failure,Yes,Yes,Yes,No,Yes,Yes,No,Yes,Yes,3,Yes,No,,Yes,Yes,No,No,No,Yes,Yes,3,1680.46,290.02,0.466,Mobile App,Manual Review,549,2,3,1,0
CLM00179,VALID_179,CUS00179,PROD00179,Printer,Aster,AST-PRI-0179,SN-2026-000179,24,Active,426,No,Display Failure,Electrical Failure,Yes,Yes,Yes,Yes,Yes,Yes,Yes,No,No,0,,No,,Yes,Yes,No,No,No,Yes,Yes,0,1924.83,0.0,0.961,Service Center,Valid Claim,304,1,14,0,0
CLM01030,MANUAL_30_INCOMPLETE_EVIDENCE,CUS01030,PROD01030,Printer,NovaTech,NOV-PRI-1030,SN-2026-001030,12,Active,184,Yes,Connectivity Issue,Electrical Failure,Yes,Yes,Yes,No,Yes,Yes,No,Yes,No,0,,No,,Yes,Yes,No,No,Yes,No,Yes,3,1662.89,0.0,0.854,Web,Manual Review,181,2,10,0,0
CLM01464,MANUAL_464_CONTRADICTION,CUS01464,PROD01464,Refrigerator,NovaTech,NOV-REF-1464,SN-2026-001464,36,Active,546,No,Noise,Electrical Failure,Yes,Yes,Yes,Yes,Yes,Yes,Yes,No,Yes,3,Yes,No,,Yes,No,No,No,Yes,Yes,Yes,2,2040.48,1134.34,0.986,Service Center,Manual Review,549,1,7,1,0
CLM01330,MANUAL_330_INCOMPLETE_EVIDENCE,CUS01330,PROD01330,Printer,NovaTech,NOV-PRI-1330,SN-2026-001330,12,Active,184,No,Overheating,Manufacturing Defect,Yes,Yes,Yes,No,Yes,Yes,No,No,No,0,,No,,Yes,Yes,No,No,No,No,Yes,3,2764.74,0.0,0.963,Web,Manual Review,181,3,7,0,0
CLM00687,INVALID_187_EXPIRED_WARRANTY,CUS00687,PROD00687,Television,HomePro,HOM-TEL-0687,SN-2026-000687,24,Expired,-90,No,Connectivity Issue,Manufacturing Defect,Yes,Yes,Yes,Yes,No,Yes,Yes,Yes,No,0,,Yes,Yes,Yes,Yes,No,No,No,No,Yes,1,2389.65,0.0,0.935,Web,Invalid Claim,820,1,10,0,1
CLM00773,INVALID_273_SERIAL_MISMATCH,CUS00773,PROD00773,Washing Machine,ZenCore,ZEN-WAS-0773,SN-2026-000773,24,Active,99,No,Noise,Manufacturing Defect,Yes,Yes,Yes,Yes,Yes,Yes,Yes,Yes,No,0,,No,,No,Yes,No,No,No,Yes,Yes,2,1495.75,0.0,0.767,Web,Invalid Claim,631,0,10,0,0
CLM00824,INVALID_324_DUPLICATE_CLAIM,CUS00824,PROD00824,Smartphone,NovaTech,NOV-SMA-0824,SN-2026-000824,24,Active,141,No,Mechanical Failure,Manufacturing Defect,Yes,Yes,Yes,Yes,Yes,Yes,Yes,Yes,Yes,2,Yes,No,,Yes,Yes,Yes,Yes,No,Yes,Yes,2,1543.49,647.53,0.853,Web,Invalid Claim,589,0,28,1,0
CLM00796,INVALID_296_EXCLUDED_DAMAGE,CUS00796,PROD00796,Laptop,ZenCore,ZEN-LAP-0796,SN-2026-000796,12,Active,184,Yes,Power Failure,Physical Damage,No,Yes,No,No,Yes,Yes,Yes,Yes,No,0,,Yes,Yes,Yes,Yes,No,No,No,No,No,3,2364.82,0.0,0.837,Service Center,Invalid Claim,181,2,5,0,1
CLM00226,VALID_226,CUS00226,PROD00226,Washing Machine,HomePro,HOM-WAS-0226,SN-2026-000226,36,Active,396,No,Connectivity Issue,Manufacturing Defect,Yes,Yes,Yes,Yes,Yes,Yes,Yes,No,No,0,,No,,Yes,Yes,No,No,No,Yes,Yes,0,1554.81,0.0,0.918,Service Center,Valid Claim,700,1,4,0,0
CLM00135,VALID_135,CUS00135,PROD00135,Air Conditioner,NovaTech,NOV-AIR-0135,SN-2026-000135,12,Active,61,No,Power Failure,Manufacturing Defect,Yes,Yes,Yes,Yes,Yes,Yes,Yes,No,No,0,,No,,Yes,Yes,No,No,No,Yes,Yes,0,2721.72,0.0,0.902,Web,Valid Claim,304,1,5,0,0
CLM01125,MANUAL_125_UNCLEAR_REPAIR,CUS01125,PROD01125,Air Conditioner,PrimeView,PRI-AIR-1125,SN-2026-001125,24,Active,365,No,Power Failure,Manufacturing Defect,Yes,Yes,Yes,No,No,No,Yes,No,Yes,1,Unknown,No,,Yes,Yes,No,No,No,No,Yes,0,2931.33,0.0,0.886,Service Center,Manual Review,365,4,5,1,0
CLM00450,VALID_450,CUS00450,PROD00450,Laptop,HomePro,HOM-LAP-0450,SN-2026-000450,24,Active,671,No,Battery Problem,Electrical Failure,Yes,Yes,Yes,Yes,Yes,Yes,Yes,Yes,Yes,1,Yes,No,,Yes,Yes,No,No,No,Yes,Yes,1,293.51,577.35,0.924,Mobile App,Valid Claim,60,0,12,1,0
CLM01193,MANUAL_193_MISSING_DOCUMENT,CUS01193,PROD01193,Washing Machine,Aster,AST-WAS-1193,SN-2026-001193,24,Active,365,No,Water Leakage,Manufacturing Defect,Yes,Yes,Yes,No,Yes,Yes,No,No,No,0,,No,,Yes,Yes,No,No,No,No,Yes,3,1946.59,0.0,0.919,Email,Manual Review,365,3,5,0,0
CLM00930,INVALID_430_UNAUTHORIZED_REPAIR,CUS00930,PROD00930,Laptop,Aster,AST-LAP-0930,SN-2026-000930,36,Active,572,No,Noise,Manufacturing Defect,Yes,Yes,Yes,No,No,Yes,No,Yes,Yes,2,No,Yes,Yes,Yes,Yes,No,No,No,No,Yes,3,2481.33,1083.03,0.947,Web,Invalid Claim,524,3,13,1,1
CLM00133,VALID_133,CUS00133,PROD00133,Washing Machine,NovaTech,NOV-WAS-0133,SN-2026-000133,36,Active,579,No,Mechanical Failure,Electrical Failure,Yes,Yes,Yes,Yes,Yes,Yes,Yes,No,No,0,,No,,Yes,Yes,No,No,No,Yes,Yes,0,2345.64,0.0,0.947,Service Center,Valid Claim,517,1,2,0,0
CLM00756,INVALID_256_UNAUTHORIZED_REPAIR,CUS00756,PROD00756,Laptop,ZenCore,ZEN-LAP-0756,SN-2026-000756,24,Active,-55,No,Noise,Electrical Failure,Yes,Yes,Yes,Yes,Yes,Yes,Yes,Yes,Yes,1,No,Yes,Yes,Yes,Yes,No,No,No,Yes,Yes,2,2095.83,516.98,0.752,Web,Invalid Claim,785,0,23,1,1
CLM00212,VALID_212,CUS00212,PROD00212,Camera,Aster,AST-CAM-0212,SN-2026-000212,12,Active,184,No,Power Failure,Manufacturing Defect,Yes,Yes,Yes,Yes,Yes,Yes,Yes,No,No,0,,No,,Yes,Yes,No,No,No,Yes,Yes,1,162.56,0.0,0.977,Web,Valid Claim,181,1,3,0,0
CLM00248,VALID_248,CUS00248,PROD00248,Air Conditioner,ZenCore,ZEN-AIR-0248,SN-2026-000248,24,Active,306,No,Battery Problem,Electrical Failure,Yes,Yes,Yes,Yes,Yes,Yes,Yes,No,No,0,,No,,Yes,Yes,No,No,No,Yes,Yes,1,553.11,0.0,0.978,Mobile App,Valid Claim,424,1,10,0,0
CLM00446,VALID_446,CUS00446,PROD00446,Smartphone,HomePro,HOM-SMA-0446,SN-2026-000446,36,Active,212,No,Noise,Manufacturing Defect,Yes,Yes,Yes,Yes,Yes,Yes,Yes,No,No,0,,No,,Yes,Yes,No,No,No,Yes,Yes,1,1165.9,0.0,0.901,Service Center,Valid Claim,883,1,14,0,0
CLM00479,VALID_479,CUS00479,PROD00479,Television,Aster,AST-TEL-0479,SN-2026-000479,24,Active,456,No,Power Failure,Electrical Failure,Yes,Yes,Yes,Yes,Yes,Yes,Yes,No,No,0,,No,,Yes,Yes,No,No,No,Yes,Yes,1,1116.66,0.0,0.953,Service Center,Valid Claim,275,1,9,0,0
CLM01421,MANUAL_421_MISSING_DOCUMENT,CUS01421,PROD01421,Air Conditioner,ZenCore,ZEN-AIR-1421,SN-2026-001421,36,Active,546,No,Overheating,Manufacturing Defect,Yes,Yes,Yes,No,Yes,Yes,No,No,No,0,,No,,Yes,Yes,No,No,No,No,Yes,3,1140.97,0.0,0.972,Email,Manual Review,550,3,4,0,0
CLM00163,VALID_163,CUS00163,PROD00163,Laptop,PrimeView,PRI-LAP-0163,SN-2026-000163,36,Active,761,No,Display Failure,Electrical Failure,Yes,Yes,Yes,Yes,Yes,Yes,Yes,No,No,0,,No,,Yes,Yes,No,No,No,Yes,Yes,0,1089.54,0.0,0.92,Service Center,Valid Claim,335,1,3,0,0
CLM00801,INVALID_301_EXPIRED_WARRANTY,CUS00801,PROD00801,Smartphone,HomePro,HOM-SMA-0801,SN-2026-000801,24,Expired,-90,No,Noise,Electrical Failure,Yes,Yes,Yes,Yes,Yes,Yes,No,No,No,0,,No,,Yes,Yes,No,No,No,No,Yes,3,2493.49,0.0,0.952,Web,Invalid Claim,820,2,10,0,0
CLM00519,INVALID_19_EXPIRED_WARRANTY,CUS00519,PROD00519,Smartphone,NovaTech,NOV-SMA-0519,SN-2026-000519,12,Expired,-90,No,Overheating,Electrical Failure,Yes,Yes,Yes,No,Yes,No,Yes,Yes,No,0,,No,,Yes,Yes,No,No,No,No,Yes,0,2166.43,0.0,0.854,Email,Invalid Claim,456,2,10,0,0
CLM00462,VALID_462,CUS00462,PROD00462,Television,ZenCore,ZEN-TEL-0462,SN-2026-000462,24,Active,608,No,Power Failure,Electrical Failure,Yes,Yes,Yes,Yes,Yes,Yes,Yes,No,No,0,,No,,Yes,Yes,No,No,No,Yes,Yes,1,2638.0,0.0,0.902,Email,Valid Claim,123,1,3,0,0
CLM00166,VALID_166,CUS00166,PROD00166,Smartphone,PrimeView,PRI-SMA-0166,SN-2026-000166,36,Active,183,No,Display Failure,Electrical Failure,Yes,Yes,Yes,Yes,Yes,Yes,Yes,No,No,0,,No,,Yes,Yes,No,No,No,Yes,Yes,0,2050.46,0.0,0.959,Service Center,Valid Claim,913,1,2,0,0
CLM00945,INVALID_445_EXPIRED_WARRANTY,CUS00945,PROD00945,Washing Machine,ZenCore,ZEN-WAS-0945,SN-2026-000945,36,Expired,-90,No,Power Failure,Manufacturing Defect,Yes,Yes,Yes,Yes,Yes,Yes,Yes,Yes,No,0,,No,,Yes,Yes,No,No,No,Yes,Yes,3,1046.09,0.0,0.886,Email,Invalid Claim,1186,0,10,0,0
CLM00324,VALID_324,CUS00324,PROD00324,Laptop,HomePro,HOM-LAP-0324,SN-2026-000324,12,Active,184,No,Display Failure,Electrical Failure,Yes,Yes,Yes,Yes,Yes,Yes,Yes,No,No,0,,No,,Yes,Yes,No,No,No,Yes,Yes,1,681.99,0.0,0.916,Service Center,Valid Claim,181,1,7,0,0
CLM01429,MANUAL_429_LOW_OCR_CONFIDENCE,CUS01429,PROD01429,Laptop,ZenCore,ZEN-LAP-1429,SN-2026-001429,24,Active,365,No,Mechanical Failure,Electrical Failure,Yes,Yes,Yes,Yes,Yes,Yes,Yes,Yes,No,0,,No,,Yes,Yes,No,No,No,Yes,Yes,1,2001.12,0.0,0.452,Service Center,Manual Review,365,0,1,0,0
CLM00139,VALID_139,CUS00139,PROD00139,Printer,ZenCore,ZEN-PRI-0139,SN-2026-000139,12,Active,92,No,Power Failure,Electrical Failure,Yes,Yes,Yes,Yes,Yes,Yes,Yes,No,No,0,,No,,Yes,Yes,No,No,No,Yes,Yes,0,701.9,0.0,0.942,Service Center,Valid Claim,273,1,11,0,0
CLM01003,MANUAL_03_LOW_OCR_CONFIDENCE,CUS01003,PROD01003,Television,NovaTech,NOV-TEL-1003,SN-2026-001003,36,Active,546,No,Display Failure,Manufacturing Defect,Yes,Yes,Yes,Yes,Yes,Yes,Yes,Yes,Yes,2,Yes,Yes,Yes,Yes,Yes,No,No,No,Yes,Yes,0,1818.31,621.38,0.485,Service Center,Manual Review,550,0,7,1,1
CLM00695,INVALID_195_SERIAL_MISMATCH,CUS00695,PROD00695,Refrigerator,Aster,AST-REF-0695,SN-2026-000695,36,Active,974,Yes,Power Failure,Electrical Failure,Yes,Yes,Yes,Yes,Yes,Yes,Yes,Yes,No,0,,No,,No,Yes,No,No,Yes,Yes,Yes,0,1419.54,0.0,0.901,Service Center,Invalid Claim,122,0,28,0,0
CLM00062,VALID_62,CUS00062,PROD00062,Printer,ZenCore,ZEN-PRI-0062,SN-2026-000062,12,Active,273,No,Noise,Electrical Failure,Yes,Yes,Yes,Yes,Yes,Yes,Yes,No,No,0,,No,,Yes,Yes,No,No,No,Yes,Yes,0,1555.35,0.0,0.933,Email,Valid Claim,92,1,9,0,0
CLM01253,MANUAL_253_MISSING_DOCUMENT,CUS01253,PROD01253,Printer,ZenCore,ZEN-PRI-1253,SN-2026-001253,24,Active,365,No,Overheating,Manufacturing Defect,Yes,Yes,Yes,Yes,Yes,Yes,No,No,Yes,1,Yes,No,,Yes,Yes,No,No,No,No,Yes,2,1500.86,758.38,0.841,Service Center,Manual Review,365,2,5,1,0
CLM00102,VALID_102,CUS00102,PROD00102,Television,HomePro,HOM-TEL-0102,SN-2026-000102,12,Active,122,Yes,Overheating,Electrical Failure,Yes,Yes,Yes,Yes,Yes,Yes,Yes,Yes,Yes,2,Yes,No,,Yes,Yes,No,No,No,Yes,Yes,0,1522.27,228.44,0.915,Email,Valid Claim,243,0,6,1,0
CLM01365,MANUAL_365_UNCLEAR_REPAIR,CUS01365,PROD01365,Printer,HomePro,HOM-PRI-1365,SN-2026-001365,24,Active,365,No,Connectivity Issue,Manufacturing Defect,Yes,Yes,Yes,Yes,Yes,Yes,Yes,Yes,Yes,1,Unknown,No,,Yes,Yes,No,No,No,No,Yes,0,2530.83,0.0,0.758,Mobile App,Manual Review,366,0,9,1,0
CLM00323,VALID_323,CUS00323,PROD00323,Air Conditioner,NovaTech,NOV-AIR-0323,SN-2026-000323,24,Active,183,No,Noise,Electrical Failure,Yes,Yes,Yes,Yes,Yes,Yes,Yes,Yes,Yes,1,Yes,No,,Yes,Yes,No,No,No,Yes,Yes,0,1193.89,519.75,0.916,Email,Valid Claim,548,0,3,1,0
CLM01425,MANUAL_425_UNCLEAR_REPAIR,CUS01425,PROD01425,Refrigerator,ZenCore,ZEN-REF-1425,SN-2026-001425,12,Active,184,No,Overheating,Manufacturing Defect,Yes,Yes,Yes,Yes,No,Yes,Yes,Yes,Yes,2,Unknown,No,,No,Yes,No,No,No,No,Yes,2,718.1,0.0,0.925,Mobile App,Manual Review,181,1,6,1,0
CLM01148,MANUAL_148_SERIAL_WARNING,CUS01148,PROD01148,Printer,NovaTech,NOV-PRI-1148,SN-2026-001148,12,Active,184,No,Mechanical Failure,Electrical Failure,Yes,Yes,Yes,No,No,Yes,Yes,Yes,No,0,,Yes,Yes,Unknown,Yes,No,No,No,No,Yes,2,1946.65,0.0,0.886,Email,Manual Review,182,2,9,0,1
CLM01488,MANUAL_488_CONTRADICTION,CUS01488,PROD01488,Refrigerator,Aster,AST-REF-1488,SN-2026-001488,24,Active,365,No,Water Leakage,Manufacturing Defect,Yes,Yes,Yes,No,Yes,Yes,No,No,Yes,1,Yes,No,,Yes,No,No,No,Yes,No,Yes,1,2605.32,120.17,0.959,Mobile App,Manual Review,366,3,11,1,0
CLM01188,MANUAL_188_CONTRADICTION,CUS01188,PROD01188,Washing Machine,PrimeView,PRI-WAS-1188,SN-2026-001188,24,Active,365,No,Battery Problem,Manufacturing Defect,Yes,Yes,Yes,Yes,Yes,No,Yes,Yes,No,0,,No,,Yes,No,No,No,Yes,No,Yes,2,780.11,0.0,0.9,Service Center,Manual Review,366,1,5,0,0
CLM00144,VALID_144,CUS00144,PROD00144,Laptop,HomePro,HOM-LAP-0144,SN-2026-000144,12,Active,306,No,Battery Problem,Manufacturing Defect,Yes,Yes,Yes,Yes,Yes,Yes,Yes,Yes,Yes,1,Yes,No,,Yes,Yes,No,No,No,Yes,Yes,0,1577.63,93.82,0.956,Web,Valid Claim,59,0,14,1,0
CLM00188,VALID_188,CUS00188,PROD00188,Washing Machine,Aster,AST-WAS-0188,SN-2026-000188,12,Active,61,Yes,Noise,Manufacturing Defect,Yes,Yes,Yes,Yes,Yes,Yes,Yes,No,No,0,,No,,Yes,Yes,No,No,No,Yes,Yes,1,1484.41,0.0,0.943,Email,Valid Claim,304,1,10,0,0
CLM00317,VALID_317,CUS00317,PROD00317,Refrigerator,NovaTech,NOV-REF-0317,SN-2026-000317,12,Active,121,No,Noise,Electrical Failure,Yes,Yes,Yes,Yes,Yes,Yes,Yes,Yes,Yes,1,Yes,No,,Yes,Yes,No,No,No,Yes,Yes,0,2028.05,509.67,0.911,Web,Valid Claim,244,0,7,1,0
CLM00213,VALID_213,CUS00213,PROD00213,Smartphone,PrimeView,PRI-SMA-0213,SN-2026-000213,12,Active,153,No,Display Failure,Electrical Failure,Yes,Yes,Yes,Yes,Yes,Yes,Yes,No,No,0,,No,,Yes,Yes,No,No,No,Yes,Yes,0,2282.64,0.0,0.901,Web,Valid Claim,212,1,10,0,0
CLM00662,INVALID_162_DUPLICATE_CLAIM,CUS00662,PROD00662,Smartphone,Aster,AST-SMA-0662,SN-2026-000662,24,Active,47,No,Power Failure,Manufacturing Defect,Yes,Yes,Yes,No,Yes,No,Yes,Yes,No,0,,No,,Yes,Yes,Yes,Yes,No,No,Yes,3,2045.45,0.0,0.83,Email,Invalid Claim,683,2,23,0,0
CLM00526,INVALID_26_EXCLUDED_DAMAGE,CUS00526,PROD00526,Television,HomePro,HOM-TEL-0526,SN-2026-000526,36,Active,546,No,Noise,Normal Wear,No,Yes,Yes,Yes,Yes,Yes,Yes,Yes,No,0,,No,,Yes,Yes,No,No,No,Yes,Yes,1,1363.59,0.0,0.864,Service Center,Invalid Claim,550,0,5,0,0
CLM00366,VALID_366,CUS00366,PROD00366,Printer,HomePro,HOM-PRI-0366,SN-2026-000366,36,Active,153,No,Display Failure,Electrical Failure,Yes,Yes,Yes,Yes,Yes,Yes,Yes,No,No,0,,No,,Yes,Yes,No,No,No,Yes,Yes,0,2962.38,0.0,0.931,Service Center,Valid Claim,942,1,5,0,0
CLM00992,INVALID_492_DUPLICATE_CLAIM,CUS00992,PROD00992,Air Conditioner,NovaTech,NOV-AIR-0992,SN-2026-000992,12,Active,-335,No,Power Failure,Electrical Failure,Yes,Yes,Yes,Yes,Yes,Yes,Yes,Yes,No,0,,No,,Yes,Yes,Yes,Yes,No,Yes,Yes,2,1331.41,0.0,0.917,Email,Invalid Claim,700,0,19,0,0
CLM00698,INVALID_198_DUPLICATE_CLAIM,CUS00698,PROD00698,Camera,NovaTech,NOV-CAM-0698,SN-2026-000698,12,Active,-441,No,Power Failure,Electrical Failure,Yes,Yes,Yes,Yes,Yes,Yes,Yes,Yes,No,0,,No,,Yes,Yes,Yes,Yes,No,Yes,Yes,1,165.09,0.0,0.763,Web,Invalid Claim,807,0,5,0,0
CLM00924,INVALID_424_UNAUTHORIZED_REPAIR,CUS00924,PROD00924,Camera,PrimeView,PRI-CAM-0924,SN-2026-000924,24,Active,425,No,Overheating,Electrical Failure,Yes,Yes,Yes,Yes,Yes,Yes,Yes,Yes,Yes,1,No,No,,Yes,Yes,No,No,No,Yes,Yes,2,1043.2,1083.28,0.91,Service Center,Invalid Claim,306,0,28,1,0
CLM00972,INVALID_472_UNAUTHORIZED_REPAIR,CUS00972,PROD00972,Camera,PrimeView,PRI-CAM-0972,SN-2026-000972,24,Active,407,No,Mechanical Failure,Manufacturing Defect,Yes,Yes,Yes,No,Yes,Yes,Yes,Yes,Yes,2,No,No,,Yes,Yes,No,No,No,No,Yes,3,2090.85,747.42,0.885,Service Center,Invalid Claim,323,1,20,1,0
CLM00111,VALID_111,CUS00111,PROD00111,Laptop,NovaTech,NOV-LAP-0111,SN-2026-000111,24,Active,548,Yes,Display Failure,Manufacturing Defect,Yes,Yes,Yes,Yes,Yes,Yes,Yes,No,No,0,,No,,Yes,Yes,No,No,No,Yes,Yes,0,2511.75,0.0,0.948,Web,Valid Claim,183,1,9,0,0
CLM01007,MANUAL_07_MISSING_DOCUMENT,CUS01007,PROD01007,Air Conditioner,NovaTech,NOV-AIR-1007,SN-2026-001007,24,Active,365,No,Power Failure,Manufacturing Defect,Yes,Yes,Yes,No,Yes,Yes,No,No,No,0,,Yes,Yes,Yes,Yes,No,No,No,No,Yes,1,2222.81,0.0,0.778,Mobile App,Manual Review,365,3,9,0,1
CLM00554,INVALID_54_DUPLICATE_CLAIM,CUS00554,PROD00554,Washing Machine,Aster,AST-WAS-0554,SN-2026-000554,36,Active,661,No,Connectivity Issue,Manufacturing Defect,Yes,Yes,Yes,Yes,Yes,Yes,Yes,Yes,No,0,,No,,Yes,Yes,Yes,Yes,No,Yes,Yes,3,1580.04,0.0,0.76,Service Center,Invalid Claim,435,0,7,0,0
CLM00281,VALID_281,CUS00281,PROD00281,Refrigerator,NovaTech,NOV-REF-0281,SN-2026-000281,24,Active,638,No,Water Leakage,Manufacturing Defect,Yes,Yes,Yes,Yes,Yes,Yes,Yes,No,No,0,,No,,Yes,Yes,No,No,No,Yes,Yes,0,2912.01,0.0,0.984,Service Center,Valid Claim,92,1,12,0,0
CLM01198,MANUAL_198_INCOMPLETE_EVIDENCE,CUS01198,PROD01198,Air Conditioner,NovaTech,NOV-AIR-1198,SN-2026-001198,24,Active,365,No,Mechanical Failure,Manufacturing Defect,Yes,Yes,Yes,No,Yes,Yes,No,No,No,0,,No,,Yes,Yes,No,No,No,No,Yes,0,1010.2,0.0,0.891,Mobile App,Manual Review,365,3,11,0,0
CLM01174,MANUAL_174_INCOMPLETE_EVIDENCE,CUS01174,PROD01174,Air Conditioner,ZenCore,ZEN-AIR-1174,SN-2026-001174,24,Active,365,No,Display Failure,Manufacturing Defect,Yes,Yes,Yes,Yes,Yes,Yes,No,Yes,No,0,,No,,Yes,Yes,Yes,No,No,No,Yes,1,234.4,0.0,0.978,Mobile App,Manual Review,365,1,5,0,0
CLM00096,VALID_96,CUS00096,PROD00096,Refrigerator,PrimeView,PRI-REF-0096,SN-2026-000096,36,Active,548,Yes,Power Failure,Electrical Failure,Yes,Yes,Yes,Yes,Yes,Yes,Yes,No,No,0,,No,,Yes,Yes,No,No,No,Yes,Yes,1,2390.8,0.0,0.953,Email,Valid Claim,547,1,13,0,0
CLM00865,INVALID_365_REPORTING_PERIOD,CUS00865,PROD00865,Smartphone,ZenCore,ZEN-SMA-0865,SN-2026-000865,24,Active,365,No,Overheating,Electrical Failure,Yes,No,Yes,Yes,Yes,Yes,Yes,Yes,No,0,,Yes,Yes,Yes,Yes,No,No,No,Yes,Yes,1,518.37,0.0,0.923,Service Center,Invalid Claim,366,0,60,0,1
CLM01024,MANUAL_24_INCOMPLETE_EVIDENCE,CUS01024,PROD01024,Camera,HomePro,HOM-CAM-1024,SN-2026-001024,12,Active,184,Yes,Mechanical Failure,Manufacturing Defect,Yes,Yes,Yes,Yes,Yes,Yes,No,Yes,No,0,,Yes,Yes,Yes,Yes,No,No,No,No,Yes,0,1964.99,0.0,0.869,Web,Manual Review,182,1,11,0,1
CLM00948,INVALID_448_UNAUTHORIZED_REPAIR,CUS00948,PROD00948,Television,ZenCore,ZEN-TEL-0948,SN-2026-000948,12,Active,335,No,Overheating,Electrical Failure,Yes,Yes,Yes,Yes,Yes,Yes,No,Yes,Yes,1,No,No,,Yes,Yes,No,No,No,No,Yes,0,1191.98,934.04,0.897,Email,Invalid Claim,31,1,28,1,0
CLM00309,VALID_309,CUS00309,PROD00309,Television,NovaTech,NOV-TEL-0309,SN-2026-000309,24,Active,122,No,Connectivity Issue,Electrical Failure,Yes,Yes,Yes,Yes,Yes,Yes,Yes,No,No,0,,No,,Yes,Yes,No,No,No,Yes,Yes,1,1057.74,0.0,0.951,Mobile App,Valid Claim,609,1,13,0,0
CLM01197,MANUAL_197_UNCLEAR_REPAIR,CUS01197,PROD01197,Washing Machine,Aster,AST-WAS-1197,SN-2026-001197,12,Active,183,No,Overheating,Electrical Failure,Yes,Yes,Yes,Yes,Yes,Yes,Yes,No,Yes,2,Unknown,No,,Yes,Yes,No,No,No,No,Yes,2,544.67,0.0,0.979,Mobile App,Manual Review,183,1,7,1,0
CLM01051,MANUAL_51_LOW_OCR_CONFIDENCE,CUS01051,PROD01051,Television,HomePro,HOM-TEL-1051,SN-2026-001051,12,Active,183,No,Noise,Manufacturing Defect,Yes,Yes,Yes,Yes,Yes,Yes,No,Yes,No,0,,No,,Yes,Yes,No,No,No,Yes,Yes,0,2143.39,0.0,0.592,Mobile App,Manual Review,182,1,13,0,0
CLM00696,INVALID_196_UNAUTHORIZED_REPAIR,CUS00696,PROD00696,Refrigerator,Aster,AST-REF-0696,SN-2026-000696,12,Active,21,Yes,Connectivity Issue,Electrical Failure,Yes,Yes,Yes,Yes,Yes,Yes,Yes,Yes,Yes,2,No,No,,Yes,Yes,No,No,No,Yes,Yes,3,792.83,1109.2,0.956,Web,Invalid Claim,344,0,5,1,0
CLM01350,MANUAL_350_CONTRADICTION,CUS01350,PROD01350,Camera,Aster,AST-CAM-1350,SN-2026-001350,36,Active,547,No,Power Failure,Manufacturing Defect,Yes,Yes,Yes,Yes,Yes,Yes,Yes,Yes,No,0,,No,,Yes,No,No,No,Yes,Yes,Yes,3,483.48,0.0,0.853,Mobile App,Manual Review,549,0,9,0,0
CLM01094,MANUAL_94_SERIAL_WARNING,CUS01094,PROD01094,Printer,NovaTech,NOV-PRI-1094,SN-2026-001094,24,Active,365,No,Overheating,Electrical Failure,Yes,Yes,Yes,Yes,Yes,Yes,Yes,Yes,No,0,,No,,Unknown,Yes,No,No,No,No,Yes,2,1510.86,0.0,0.82,Email,Manual Review,366,0,9,0,0
CLM00007,VALID_07,CUS00007,PROD00007,Smartphone,Aster,AST-SMA-0007,SN-2026-000007,36,Active,516,No,Battery Problem,Electrical Failure,Yes,Yes,Yes,Yes,Yes,Yes,Yes,No,No,0,,No,,Yes,Yes,No,No,No,Yes,Yes,0,1727.59,0.0,0.971,Email,Valid Claim,579,1,7,0,0
CLM00190,VALID_190,CUS00190,PROD00190,Smartphone,PrimeView,PRI-SMA-0190,SN-2026-000190,36,Active,640,No,Power Failure,Electrical Failure,Yes,Yes,Yes,Yes,Yes,Yes,Yes,No,No,0,,No,,Yes,Yes,No,No,No,Yes,Yes,1,2353.73,0.0,0.903,Mobile App,Valid Claim,456,1,5,0,0
CLM00971,INVALID_471_SERIAL_MISMATCH,CUS00971,PROD00971,Camera,PrimeView,PRI-CAM-0971,SN-2026-000971,12,Active,-186,No,Mechanical Failure,Manufacturing Defect,Yes,Yes,Yes,Yes,No,No,Yes,Yes,No,0,,No,,No,Yes,No,No,No,No,Yes,0,1513.94,0.0,0.844,Web,Invalid Claim,551,2,7,0,0
CLM00119,VALID_119,CUS00119,PROD00119,Camera,ZenCore,ZEN-CAM-0119,SN-2026-000119,24,Active,304,Yes,Noise,Electrical Failure,Yes,Yes,Yes,Yes,Yes,Yes,Yes,No,No,0,,No,,Yes,Yes,No,No,No,Yes,Yes,1,448.2,0.0,0.982,Email,Valid Claim,426,1,4,0,0
CLM01260,MANUAL_260_CONTRADICTION,CUS01260,PROD01260,Air Conditioner,NovaTech,NOV-AIR-1260,SN-2026-001260,36,Active,548,No,Power Failure,Electrical Failure,Yes,Yes,Yes,Yes,Yes,Yes,Yes,Yes,No,0,,No,,Yes,No,No,No,Yes,Yes,Yes,1,168.32,0.0,0.783,Web,Manual Review,548,0,12,0,0
CLM00117,VALID_117,CUS00117,PROD00117,Washing Machine,HomePro,HOM-WAS-0117,SN-2026-000117,24,Active,365,No,Connectivity Issue,Electrical Failure,Yes,Yes,Yes,Yes,Yes,Yes,Yes,No,No,0,,No,,Yes,Yes,No,No,No,Yes,Yes,1,2098.63,0.0,0.911,Service Center,Valid Claim,365,1,4,0,0
CLM00629,INVALID_129_SERIAL_MISMATCH,CUS00629,PROD00629,Laptop,NovaTech,NOV-LAP-0629,SN-2026-000629,12,Active,122,No,Connectivity Issue,Manufacturing Defect,Yes,Yes,Yes,Yes,Yes,No,Yes,Yes,No,0,,No,,No,Yes,No,No,No,No,Yes,0,1232.76,0.0,0.779,Service Center,Invalid Claim,243,1,3,0,0
CLM01273,MANUAL_273_LOW_OCR_CONFIDENCE,CUS01273,PROD01273,Camera,PrimeView,PRI-CAM-1273,SN-2026-001273,12,Active,182,No,Connectivity Issue,Manufacturing Defect,Yes,Yes,Yes,Yes,Yes,Yes,Yes,Yes,No,0,,No,,No,Yes,No,No,No,Yes,Yes,3,1881.39,0.0,0.665,Email,Manual Review,184,0,8,0,0
CLM00903,INVALID_403_EXPIRED_WARRANTY,CUS00903,PROD00903,Smartphone,NovaTech,NOV-SMA-0903,SN-2026-000903,12,Expired,-90,No,Mechanical Failure,Electrical Failure,Yes,Yes,Yes,Yes,Yes,Yes,Yes,No,No,0,,Yes,Yes,Yes,Yes,No,No,No,Yes,Yes,1,929.5,0.0,0.911,Service Center,Invalid Claim,456,1,10,0,1
CLM01216,MANUAL_216_INCOMPLETE_EVIDENCE,CUS01216,PROD01216,Printer,HomePro,HOM-PRI-1216,SN-2026-001216,24,Active,365,Yes,Mechanical Failure,Electrical Failure,Yes,Yes,Yes,Yes,Yes,Yes,No,No,No,0,,No,,Yes,Yes,No,No,No,No,Yes,1,1954.68,0.0,0.815,Email,Manual Review,365,2,1,0,0
CLM00483,VALID_483,CUS00483,PROD00483,Refrigerator,NovaTech,NOV-REF-0483,SN-2026-000483,36,Active,274,No,Power Failure,Electrical Failure,Yes,Yes,Yes,Yes,Yes,Yes,Yes,No,No,0,,No,,Yes,Yes,No,No,No,Yes,Yes,0,1425.24,0.0,0.944,Web,Valid Claim,822,1,6,0,0
CLM00680,INVALID_180_DUPLICATE_CLAIM,CUS00680,PROD00680,Printer,NovaTech,NOV-PRI-0680,SN-2026-000680,24,Active,289,No,Overheating,Electrical Failure,Yes,Yes,No,Yes,Yes,Yes,Yes,No,No,0,,Yes,Yes,Yes,Yes,Yes,Yes,No,No,No,1,2351.5,0.0,0.767,Web,Invalid Claim,441,2,3,0,1
CLM01222,MANUAL_222_INCOMPLETE_EVIDENCE,CUS01222,PROD01222,Camera,Aster,AST-CAM-1222,SN-2026-001222,36,Active,547,No,Display Failure,Manufacturing Defect,Yes,Yes,No,Yes,Yes,Yes,No,Yes,No,0,,No,,Yes,No,No,No,No,No,No,3,2395.11,0.0,0.886,Email,Manual Review,548,2,10,0,0
CLM01407,MANUAL_407_UNCLEAR_REPAIR,CUS01407,PROD01407,Printer,NovaTech,NOV-PRI-1407,SN-2026-001407,12,Active,182,No,Display Failure,Electrical Failure,Yes,Yes,Yes,Yes,Yes,Yes,Yes,Yes,Yes,1,Unknown,No,,Yes,Yes,No,No,No,No,Yes,3,2803.51,0.0,0.797,Service Center,Manual Review,184,0,6,1,0
CLM00979,INVALID_479_REPORTING_PERIOD,CUS00979,PROD00979,Washing Machine,Aster,AST-WAS-0979,SN-2026-000979,24,Active,365,No,Water Leakage,Electrical Failure,Yes,No,Yes,Yes,Yes,Yes,Yes,No,No,0,,No,,Yes,Yes,No,No,No,Yes,Yes,1,307.07,0.0,0.936,Service Center,Invalid Claim,365,1,60,0,0
CLM00803,INVALID_303_SERIAL_MISMATCH,CUS00803,PROD00803,Air Conditioner,ZenCore,ZEN-AIR-0803,SN-2026-000803,36,Active,946,No,Overheating,Manufacturing Defect,Yes,Yes,Yes,Yes,Yes,Yes,Yes,Yes,No,0,,No,,No,Yes,No,No,No,Yes,Yes,0,1963.51,0.0,0.903,Web,Invalid Claim,150,0,21,0,0
CLM00126,VALID_126,CUS00126,PROD00126,Television,ZenCore,ZEN-TEL-0126,SN-2026-000126,12,Active,275,No,Battery Problem,Manufacturing Defect,Yes,Yes,Yes,Yes,Yes,Yes,Yes,No,No,0,,No,,Yes,Yes,No,No,No,Yes,Yes,1,2184.02,0.0,0.968,Web,Valid Claim,90,1,9,0,0
CLM00937,INVALID_437_REPORTING_PERIOD,CUS00937,PROD00937,Television,HomePro,HOM-TEL-0937,SN-2026-000937,12,Active,183,No,Noise,Electrical Failure,Yes,No,Yes,No,Yes,Yes,Yes,Yes,No,0,,No,,Yes,Yes,No,Yes,No,No,Yes,0,703.05,0.0,0.803,Mobile App,Invalid Claim,182,1,60,0,0
CLM01424,MANUAL_424_SERIAL_WARNING,CUS01424,PROD01424,Laptop,PrimeView,PRI-LAP-1424,SN-2026-001424,12,Active,181,Yes,Battery Problem,Manufacturing Defect,Yes,Yes,Yes,Yes,No,Yes,Yes,Yes,No,0,,No,,Unknown,Yes,No,No,No,No,Yes,1,1038.38,0.0,0.939,Service Center,Manual Review,184,1,2,0,0
CLM00330,VALID_330,CUS00330,PROD00330,Smartphone,PrimeView,PRI-SMA-0330,SN-2026-000330,12,Active,153,No,Battery Problem,Manufacturing Defect,Yes,Yes,Yes,Yes,Yes,Yes,Yes,No,No,0,,No,,Yes,Yes,No,No,No,Yes,Yes,1,374.88,0.0,0.952,Mobile App,Valid Claim,212,1,7,0,0
CLM01144,MANUAL_144_INCOMPLETE_EVIDENCE,CUS01144,PROD01144,Washing Machine,ZenCore,ZEN-WAS-1144,SN-2026-001144,24,Active,365,No,Connectivity Issue,Manufacturing Defect,Yes,Yes,Yes,Yes,Yes,Yes,No,Yes,No,0,,No,,Yes,Yes,No,No,No,No,Yes,2,967.34,0.0,0.84,Mobile App,Manual Review,365,1,5,0,0
CLM00177,VALID_177,CUS00177,PROD00177,Camera,NovaTech,NOV-CAM-0177,SN-2026-000177,24,Active,607,No,Power Failure,Electrical Failure,Yes,Yes,Yes,Yes,Yes,Yes,Yes,Yes,Yes,1,Yes,No,,Yes,Yes,No,No,No,Yes,Yes,0,2584.83,439.42,0.911,Service Center,Valid Claim,123,0,9,1,0
CLM00670,INVALID_170_EXCLUDED_DAMAGE,CUS00670,PROD00670,Printer,ZenCore,ZEN-PRI-0670,SN-2026-000670,12,Active,184,No,Noise,Accidental Damage,No,Yes,Yes,No,Yes,Yes,Yes,Yes,Yes,2,Yes,No,,Yes,No,No,No,No,No,Yes,2,2274.65,413.95,0.981,Mobile App,Invalid Claim,181,1,5,1,0
CLM01281,MANUAL_281_UNCLEAR_REPAIR,CUS01281,PROD01281,Television,HomePro,HOM-TEL-1281,SN-2026-001281,24,Active,365,No,Water Leakage,Manufacturing Defect,Yes,Yes,Yes,No,Yes,No,Yes,No,Yes,1,Unknown,No,,Yes,Yes,No,No,No,No,Yes,1,2126.19,0.0,0.989,Email,Manual Review,365,3,11,1,0
CLM00720,INVALID_220_UNAUTHORIZED_REPAIR,CUS00720,PROD00720,Air Conditioner,NovaTech,NOV-AIR-0720,SN-2026-000720,36,Active,422,No,Mechanical Failure,Electrical Failure,Yes,Yes,Yes,Yes,Yes,Yes,Yes,Yes,Yes,2,No,No,,Yes,Yes,No,No,No,Yes,Yes,1,1097.85,156.86,0.842,Web,Invalid Claim,674,0,28,1,0
CLM01126,MANUAL_126_INCOMPLETE_EVIDENCE,CUS01126,PROD01126,Camera,PrimeView,PRI-CAM-1126,SN-2026-001126,12,Active,182,No,Noise,Manufacturing Defect,Yes,Yes,Yes,Yes,Yes,Yes,No,Yes,No,0,,No,,Yes,Yes,No,No,No,No,Yes,1,2750.65,0.0,0.78,Email,Manual Review,184,1,1,0,0
CLM01187,MANUAL_187_MISSING_DOCUMENT,CUS01187,PROD01187,Refrigerator,Aster,AST-REF-1187,SN-2026-001187,36,Active,548,No,Connectivity Issue,Manufacturing Defect,Yes,Yes,Yes,Yes,Yes,Yes,Yes,No,No,0,,No,,Yes,Yes,No,No,No,No,Yes,0,494.42,0.0,0.88,Email,Manual Review,547,1,11,0,0
CLM01160,MANUAL_160_SERIAL_WARNING,CUS01160,PROD01160,Printer,Aster,AST-PRI-1160,SN-2026-001160,24,Active,365,No,Overheating,Manufacturing Defect,Yes,Yes,Yes,Yes,Yes,Yes,Yes,Yes,No,0,,No,,Unknown,Yes,No,No,No,No,Yes,3,916.66,0.0,0.772,Mobile App,Manual Review,365,0,14,0,0
CLM00639,INVALID_139_EXPIRED_WARRANTY,CUS00639,PROD00639,Camera,HomePro,HOM-CAM-0639,SN-2026-000639,12,Expired,-90,No,Display Failure,Manufacturing Defect,Yes,Yes,Yes,Yes,Yes,Yes,No,Yes,No,0,,No,,Yes,Yes,No,No,No,No,Yes,1,1137.66,0.0,0.848,Mobile App,Invalid Claim,455,1,10,0,0
CLM01026,MANUAL_26_CONTRADICTION,CUS01026,PROD01026,Printer,Aster,AST-PRI-1026,SN-2026-001026,36,Active,547,No,Mechanical Failure,Electrical Failure,Yes,Yes,Yes,Yes,Yes,No,Yes,Yes,No,0,,Yes,Yes,Yes,No,No,No,Yes,No,Yes,0,2951.4,0.0,0.856,Service Center,Manual Review,549,1,7,0,1
CLM00689,INVALID_189_SERIAL_MISMATCH,CUS00689,PROD00689,Refrigerator,NovaTech,NOV-REF-0689,SN-2026-000689,24,Active,680,No,Overheating,Manufacturing Defect,Yes,Yes,Yes,Yes,Yes,Yes,No,Yes,Yes,3,Yes,No,,No,No,No,No,No,No,Yes,2,354.11,674.64,0.936,Mobile App,Invalid Claim,50,1,8,1,0
CLM01044,MANUAL_44_CONTRADICTION,CUS01044,PROD01044,Smartphone,PrimeView,PRI-SMA-1044,SN-2026-001044,12,Active,182,No,Power Failure,Electrical Failure,Yes,Yes,Yes,Yes,Yes,Yes,Yes,Yes,No,0,,No,,Yes,No,No,No,Yes,Yes,Yes,0,2225.22,0.0,0.755,Web,Manual Review,184,0,11,0,0
CLM00244,VALID_244,CUS00244,PROD00244,Camera,ZenCore,ZEN-CAM-0244,SN-2026-000244,12,Active,183,No,Water Leakage,Manufacturing Defect,Yes,Yes,Yes,Yes,Yes,Yes,Yes,No,No,0,,No,,Yes,Yes,No,No,No,Yes,Yes,0,1268.94,0.0,0.962,Service Center,Valid Claim,182,1,10,0,0
CLM01432,MANUAL_432_INCOMPLETE_EVIDENCE,CUS01432,PROD01432,Air Conditioner,NovaTech,NOV-AIR-1432,SN-2026-001432,24,Active,365,No,Battery Problem,Manufacturing Defect,Yes,Yes,Yes,Yes,Yes,Yes,No,Yes,No,0,,No,,Yes,No,No,No,No,No,Yes,0,730.22,0.0,0.881,Mobile App,Manual Review,365,1,10,0,0
CLM00926,INVALID_426_DUPLICATE_CLAIM,CUS00926,PROD00926,Refrigerator,NovaTech,NOV-REF-0926,SN-2026-000926,24,Active,201,No,Mechanical Failure,Electrical Failure,Yes,Yes,Yes,Yes,Yes,No,Yes,Yes,No,0,,No,,Yes,Yes,Yes,Yes,No,No,Yes,1,2704.31,0.0,0.847,Web,Invalid Claim,529,1,24,0,0
CLM01016,MANUAL_16_SERIAL_WARNING,CUS01016,PROD01016,Printer,PrimeView,PRI-PRI-1016,SN-2026-001016,12,Active,181,No,Water Leakage,Manufacturing Defect,Yes,Yes,Yes,Yes,Yes,Yes,No,Yes,No,0,,No,,Unknown,Yes,No,No,No,No,Yes,1,2324.69,0.0,0.804,Mobile App,Manual Review,184,1,12,0,0
CLM00976,INVALID_476_EXCLUDED_DAMAGE,CUS00976,PROD00976,Camera,NovaTech,NOV-CAM-0976,SN-2026-000976,36,Active,547,No,Mechanical Failure,Accidental Damage,No,Yes,Yes,Yes,Yes,Yes,Yes,No,No,0,,No,,No,Yes,No,No,No,Yes,Yes,1,627.21,0.0,0.98,Mobile App,Invalid Claim,548,1,5,0,0
CLM01348,MANUAL_348_INCOMPLETE_EVIDENCE,CUS01348,PROD01348,Printer,Aster,AST-PRI-1348,SN-2026-001348,12,Active,182,No,Mechanical Failure,Electrical Failure,Yes,Yes,Yes,Yes,Yes,Yes,No,Yes,Yes,3,No,No,,Yes,No,No,No,No,No,Yes,1,135.97,532.97,0.961,Service Center,Manual Review,183,1,11,1,0
CLM00470,VALID_470,CUS00470,PROD00470,Refrigerator,PrimeView,PRI-REF-0470,SN-2026-000470,24,Active,61,No,Power Failure,Manufacturing Defect,Yes,Yes,Yes,Yes,Yes,Yes,Yes,No,No,0,,No,,Yes,Yes,No,No,No,Yes,Yes,0,2314.66,0.0,0.976,Web,Valid Claim,669,1,5,0,0
CLM00045,VALID_45,CUS00045,PROD00045,Refrigerator,Aster,AST-REF-0045,SN-2026-000045,24,Active,518,No,Mechanical Failure,Manufacturing Defect,Yes,Yes,Yes,Yes,Yes,Yes,Yes,No,No,0,,No,,Yes,Yes,No,No,No,Yes,Yes,0,1668.49,0.0,0.946,Web,Valid Claim,212,1,5,0,0
CLM00298,VALID_298,CUS00298,PROD00298,Printer,ZenCore,ZEN-PRI-0298,SN-2026-000298,24,Active,365,No,Noise,Manufacturing Defect,Yes,Yes,Yes,Yes,Yes,Yes,Yes,No,No,0,,No,,Yes,Yes,No,No,No,Yes,Yes,1,1906.15,0.0,0.953,Mobile App,Valid Claim,365,1,14,0,0
CLM00403,VALID_403,CUS00403,PROD00403,Air Conditioner,Aster,AST-AIR-0403,SN-2026-000403,36,Active,882,No,Overheating,Electrical Failure,Yes,Yes,Yes,Yes,Yes,Yes,Yes,No,No,0,,No,,Yes,Yes,No,No,No,Yes,Yes,0,1051.35,0.0,0.976,Web,Valid Claim,214,1,11,0,0
CLM00476,VALID_476,CUS00476,PROD00476,Smartphone,HomePro,HOM-SMA-0476,SN-2026-000476,24,Active,275,Yes,Mechanical Failure,Manufacturing Defect,Yes,Yes,Yes,Yes,Yes,Yes,Yes,No,No,0,,No,,Yes,Yes,No,No,No,Yes,Yes,0,2679.21,0.0,0.986,Email,Valid Claim,455,1,6,0,0
CLM01261,MANUAL_261_LOW_OCR_CONFIDENCE,CUS01261,PROD01261,Laptop,ZenCore,ZEN-LAP-1261,SN-2026-001261,24,Active,365,No,Overheating,Manufacturing Defect,Yes,Yes,Yes,Yes,Yes,Yes,No,Yes,No,0,,No,,Yes,Yes,No,No,No,Yes,Yes,2,2814.25,0.0,0.656,Email,Manual Review,365,1,3,0,0
CLM00178,VALID_178,CUS00178,PROD00178,Camera,NovaTech,NOV-CAM-0178,SN-2026-000178,36,Active,792,No,Water Leakage,Manufacturing Defect,Yes,Yes,Yes,Yes,Yes,Yes,Yes,No,No,0,,No,,Yes,Yes,No,No,No,Yes,Yes,0,2902.27,0.0,0.909,Mobile App,Valid Claim,304,1,1,0,0
CLM01009,MANUAL_09_LOW_OCR_CONFIDENCE,CUS01009,PROD01009,Air Conditioner,ZenCore,ZEN-AIR-1009,SN-2026-001009,36,Active,549,No,Water Leakage,Manufacturing Defect,Yes,Yes,No,Yes,Yes,Yes,No,Yes,No,0,,No,,Yes,Yes,No,No,No,Yes,No,2,2630.28,0.0,0.477,Mobile App,Manual Review,547,2,13,0,0
CLM01328,MANUAL_328_SERIAL_WARNING,CUS01328,PROD01328,Air Conditioner,NovaTech,NOV-AIR-1328,SN-2026-001328,36,Active,547,Yes,Battery Problem,Electrical Failure,Yes,Yes,Yes,Yes,Yes,Yes,Yes,Yes,No,0,,No,,Unknown,Yes,No,No,No,No,Yes,1,1085.26,0.0,0.979,Email,Manual Review,549,0,5,0,0
CLM00683,INVALID_183_SERIAL_MISMATCH,CUS00683,PROD00683,Smartphone,Aster,AST-SMA-0683,SN-2026-000683,12,Active,-248,No,Overheating,Electrical Failure,Yes,Yes,Yes,Yes,Yes,Yes,Yes,No,Yes,2,Yes,No,,No,Yes,No,No,No,Yes,Yes,0,774.63,1212.85,0.967,Service Center,Invalid Claim,613,1,27,1,0
CLM00040,VALID_40,CUS00040,PROD00040,Washing Machine,Aster,AST-WAS-0040,SN-2026-000040,24,Active,456,No,Water Leakage,Electrical Failure,Yes,Yes,Yes,Yes,Yes,Yes,Yes,No,No,0,,No,,Yes,Yes,No,No,No,Yes,Yes,0,2360.57,0.0,0.977,Web,Valid Claim,275,1,8,0,0
CLM00596,INVALID_96_DUPLICATE_CLAIM,CUS00596,PROD00596,Washing Machine,ZenCore,ZEN-WAS-0596,SN-2026-000596,12,Active,-371,No,Display Failure,Electrical Failure,Yes,Yes,Yes,Yes,Yes,Yes,Yes,Yes,No,0,,No,,Yes,Yes,Yes,Yes,No,Yes,Yes,2,2569.92,0.0,0.833,Email,Invalid Claim,736,0,21,0,0
CLM00168,VALID_168,CUS00168,PROD00168,Television,HomePro,HOM-TEL-0168,SN-2026-000168,12,Active,304,No,Battery Problem,Manufacturing Defect,Yes,Yes,Yes,Yes,Yes,Yes,Yes,No,No,0,,No,,Yes,Yes,No,No,No,Yes,Yes,0,209.16,0.0,0.976,Email,Valid Claim,61,1,7,0,0
CLM00442,VALID_442,CUS00442,PROD00442,Laptop,NovaTech,NOV-LAP-0442,SN-2026-000442,24,Active,365,No,Power Failure,Electrical Failure,Yes,Yes,Yes,Yes,Yes,Yes,Yes,No,No,0,,No,,Yes,Yes,No,No,No,Yes,Yes,1,1335.15,0.0,0.979,Web,Valid Claim,365,1,10,0,0
CLM00387,VALID_387,CUS00387,PROD00387,Printer,Aster,AST-PRI-0387,SN-2026-000387,24,Active,486,Yes,Display Failure,Manufacturing Defect,Yes,Yes,Yes,Yes,Yes,Yes,Yes,No,No,0,,No,,Yes,Yes,No,No,No,Yes,Yes,1,215.97,0.0,0.912,Mobile App,Valid Claim,245,1,11,0,0
CLM01237,MANUAL_237_LOW_OCR_CONFIDENCE,CUS01237,PROD01237,Laptop,HomePro,HOM-LAP-1237,SN-2026-001237,12,Active,182,No,Battery Problem,Electrical Failure,Yes,Yes,Yes,Yes,Yes,Yes,No,No,No,0,,No,,Yes,Yes,No,No,No,Yes,Yes,0,2473.48,0.0,0.477,Service Center,Manual Review,184,2,11,0,0
CLM00121,VALID_121,CUS00121,PROD00121,Printer,PrimeView,PRI-PRI-0121,SN-2026-000121,36,Active,731,No,Power Failure,Manufacturing Defect,Yes,Yes,Yes,Yes,Yes,Yes,Yes,No,No,0,,No,,Yes,Yes,No,No,No,Yes,Yes,1,1473.6,0.0,0.931,Web,Valid Claim,365,1,13,0,0
CLM00999,INVALID_499_EXPIRED_WARRANTY,CUS00999,PROD00999,Refrigerator,HomePro,HOM-REF-0999,SN-2026-000999,36,Expired,-90,No,Water Leakage,Electrical Failure,Yes,Yes,Yes,Yes,Yes,Yes,No,Yes,No,0,,No,,Yes,No,No,No,No,No,Yes,3,2401.6,0.0,0.802,Web,Invalid Claim,1186,1,10,0,0
CLM00211,VALID_211,CUS00211,PROD00211,Television,HomePro,HOM-TEL-0211,SN-2026-000211,12,Active,275,No,Battery Problem,Manufacturing Defect,Yes,Yes,Yes,Yes,Yes,Yes,Yes,No,No,0,,No,,Yes,Yes,No,No,No,Yes,Yes,1,325.44,0.0,0.952,Service Center,Valid Claim,91,1,5,0,0
CLM00721,INVALID_221_REPORTING_PERIOD,CUS00721,PROD00721,Washing Machine,Aster,AST-WAS-0721,SN-2026-000721,24,Active,366,No,Connectivity Issue,Electrical Failure,Yes,No,Yes,Yes,Yes,Yes,Yes,No,No,0,,No,,Yes,Yes,No,No,No,Yes,Yes,1,1458.63,0.0,0.759,Mobile App,Invalid Claim,365,1,60,0,0
CLM01480,MANUAL_480_INCOMPLETE_EVIDENCE,CUS01480,PROD01480,Washing Machine,NovaTech,NOV-WAS-1480,SN-2026-001480,12,Active,183,No,Noise,Manufacturing Defect,Yes,Yes,Yes,No,Yes,Yes,No,Yes,Yes,1,Yes,No,,Yes,Yes,No,No,No,No,Yes,0,2340.75,546.16,0.911,Mobile App,Manual Review,182,2,3,1,0
CLM01376,MANUAL_376_SERIAL_WARNING,CUS01376,PROD01376,Printer,PrimeView,PRI-PRI-1376,SN-2026-001376,36,Active,550,No,Overheating,Electrical Failure,Yes,Yes,Yes,Yes,Yes,Yes,Yes,No,Yes,3,Yes,No,,Unknown,Yes,No,No,No,No,Yes,1,1893.26,895.16,0.912,Service Center,Manual Review,546,1,2,1,0
CLM01259,MANUAL_259_MISSING_DOCUMENT,CUS01259,PROD01259,Laptop,HomePro,HOM-LAP-1259,SN-2026-001259,12,Active,183,No,Power Failure,Manufacturing Defect,Yes,Yes,Yes,No,Yes,Yes,Yes,No,No,0,,No,,Yes,No,No,Yes,No,No,Yes,1,2207.58,0.0,0.771,Web,Manual Review,182,2,14,0,0
CLM01132,MANUAL_132_INCOMPLETE_EVIDENCE,CUS01132,PROD01132,Washing Machine,PrimeView,PRI-WAS-1132,SN-2026-001132,24,Active,365,No,Water Leakage,Electrical Failure,Yes,Yes,Yes,Yes,Yes,Yes,No,Yes,No,0,,No,,Yes,Yes,No,No,No,No,Yes,1,1346.73,0.0,0.761,Web,Manual Review,365,1,10,0,0
CLM00805,INVALID_305_REPORTING_PERIOD,CUS00805,PROD00805,Refrigerator,PrimeView,PRI-REF-0805,SN-2026-000805,24,Active,365,No,Water Leakage,Manufacturing Defect,Yes,No,No,Yes,Yes,Yes,No,Yes,No,0,,No,,Yes,Yes,No,No,No,No,No,2,1418.24,0.0,0.8,Service Center,Invalid Claim,365,2,60,0,0
CLM01439,MANUAL_439_MISSING_DOCUMENT,CUS01439,PROD01439,Refrigerator,NovaTech,NOV-REF-1439,SN-2026-001439,12,Active,182,No,Power Failure,Manufacturing Defect,Yes,Yes,Yes,Yes,Yes,No,No,No,Yes,2,Yes,No,,Yes,Yes,No,No,No,No,Yes,1,457.08,589.03,0.96,Mobile App,Manual Review,184,3,6,1,0
CLM00116,VALID_116,CUS00116,PROD00116,Camera,ZenCore,ZEN-CAM-0116,SN-2026-000116,12,Active,91,No,Display Failure,Manufacturing Defect,Yes,Yes,Yes,Yes,Yes,Yes,Yes,No,No,0,,No,,Yes,Yes,No,No,No,Yes,Yes,1,51.48,0.0,0.977,Mobile App,Valid Claim,274,1,14,0,0
CLM00487,VALID_487,CUS00487,PROD00487,Refrigerator,Aster,AST-REF-0487,SN-2026-000487,24,Active,486,No,Power Failure,Manufacturing Defect,Yes,Yes,Yes,Yes,Yes,Yes,Yes,No,No,0,,No,,Yes,Yes,No,No,No,Yes,Yes,0,1607.08,0.0,0.974,Web,Valid Claim,245,1,9,0,0
CLM00621,INVALID_121_EXPIRED_WARRANTY,CUS00621,PROD00621,Washing Machine,NovaTech,NOV-WAS-0621,SN-2026-000621,12,Expired,-90,No,Battery Problem,Manufacturing Defect,Yes,Yes,Yes,Yes,Yes,Yes,Yes,No,No,0,,No,,Yes,Yes,No,No,No,Yes,Yes,2,1781.5,0.0,0.914,Web,Invalid Claim,455,1,10,0,0
CLM00445,VALID_445,CUS00445,PROD00445,Television,PrimeView,PRI-TEL-0445,SN-2026-000445,12,Active,92,Yes,Display Failure,Electrical Failure,Yes,Yes,Yes,Yes,Yes,Yes,Yes,No,No,0,,No,,Yes,Yes,No,No,No,Yes,Yes,1,2140.05,0.0,0.911,Email,Valid Claim,274,1,1,0,0
CLM00321,VALID_321,CUS00321,PROD00321,Smartphone,Aster,AST-SMA-0321,SN-2026-000321,12,Active,304,No,Battery Problem,Manufacturing Defect,Yes,Yes,Yes,Yes,Yes,Yes,Yes,No,No,0,,No,,Yes,Yes,No,No,No,Yes,Yes,1,2590.23,0.0,0.954,Web,Valid Claim,61,1,3,0,0
CLM00711,INVALID_211_EXPIRED_WARRANTY,CUS00711,PROD00711,Printer,ZenCore,ZEN-PRI-0711,SN-2026-000711,12,Expired,-90,Yes,Overheating,Electrical Failure,Yes,Yes,Yes,No,Yes,Yes,Yes,No,No,0,,No,,Yes,No,No,No,No,No,Yes,1,1369.41,0.0,0.946,Mobile App,Invalid Claim,456,2,10,0,0
CLM00498,VALID_498,CUS00498,PROD00498,Camera,ZenCore,ZEN-CAM-0498,SN-2026-000498,24,Active,456,Yes,Power Failure,Electrical Failure,Yes,Yes,Yes,Yes,Yes,Yes,Yes,No,No,0,,No,,Yes,Yes,No,No,No,Yes,Yes,0,1864.84,0.0,0.924,Service Center,Valid Claim,275,1,14,0,0
CLM00987,INVALID_487_EXPIRED_WARRANTY,CUS00987,PROD00987,Refrigerator,HomePro,HOM-REF-0987,SN-2026-000987,24,Expired,-90,No,Noise,Electrical Failure,Yes,Yes,Yes,Yes,Yes,Yes,Yes,No,No,0,,No,,Yes,Yes,No,No,No,Yes,Yes,3,2032.78,0.0,0.766,Mobile App,Invalid Claim,820,1,10,0,0
CLM00043,VALID_43,CUS00043,PROD00043,Smartphone,ZenCore,ZEN-SMA-0043,SN-2026-000043,24,Active,89,No,Noise,Manufacturing Defect,Yes,Yes,Yes,Yes,Yes,Yes,Yes,No,No,0,,No,,Yes,Yes,No,No,No,Yes,Yes,0,1025.41,0.0,0.942,Service Center,Valid Claim,641,1,1,0,0
CLM00267,VALID_267,CUS00267,PROD00267,Printer,HomePro,HOM-PRI-0267,SN-2026-000267,12,Active,273,No,Battery Problem,Manufacturing Defect,Yes,Yes,Yes,Yes,Yes,Yes,Yes,Yes,Yes,2,Yes,No,,Yes,Yes,No,No,No,Yes,Yes,1,1912.62,459.24,0.985,Web,Valid Claim,92,0,8,1,0
CLM00439,VALID_439,CUS00439,PROD00439,Printer,PrimeView,PRI-PRI-0439,SN-2026-000439,36,Active,517,No,Power Failure,Manufacturing Defect,Yes,Yes,Yes,Yes,Yes,Yes,Yes,No,No,0,,No,,Yes,Yes,No,No,No,Yes,Yes,1,1038.19,0.0,0.97,Email,Valid Claim,579,1,5,0,0
CLM00644,INVALID_144_DUPLICATE_CLAIM,CUS00644,PROD00644,Camera,HomePro,HOM-CAM-0644,SN-2026-000644,24,Active,123,No,Battery Problem,Manufacturing Defect,Yes,Yes,Yes,Yes,Yes,Yes,Yes,Yes,No,0,,No,,Yes,Yes,Yes,Yes,No,Yes,Yes,3,2022.56,0.0,0.89,Mobile App,Invalid Claim,608,0,29,0,0
CLM00464,VALID_464,CUS00464,PROD00464,Laptop,PrimeView,PRI-LAP-0464,SN-2026-000464,36,Active,365,Yes,Connectivity Issue,Manufacturing Defect,Yes,Yes,Yes,Yes,Yes,Yes,Yes,No,No,0,,No,,Yes,Yes,No,No,No,Yes,Yes,1,1214.49,0.0,0.906,Mobile App,Valid Claim,731,1,9,0,0
CLM01282,MANUAL_282_INCOMPLETE_EVIDENCE,CUS01282,PROD01282,Refrigerator,NovaTech,NOV-REF-1282,SN-2026-001282,12,Active,184,No,Overheating,Electrical Failure,Yes,Yes,Yes,Yes,Yes,Yes,No,Yes,No,0,,Yes,Yes,Yes,Yes,No,No,No,No,Yes,2,991.39,0.0,0.945,Email,Manual Review,181,1,7,0,1
CLM00752,INVALID_252_DUPLICATE_CLAIM,CUS00752,PROD00752,Smartphone,ZenCore,ZEN-SMA-0752,SN-2026-000752,12,Active,327,No,Noise,Manufacturing Defect,Yes,Yes,Yes,No,Yes,Yes,Yes,No,No,0,,No,,Yes,Yes,Yes,Yes,No,No,Yes,2,1985.3,0.0,0.751,Web,Invalid Claim,39,2,4,0,0
CLM00206,VALID_206,CUS00206,PROD00206,Refrigerator,PrimeView,PRI-REF-0206,SN-2026-000206,12,Active,59,Yes,Water Leakage,Electrical Failure,Yes,Yes,Yes,Yes,Yes,Yes,Yes,No,No,0,,No,,Yes,Yes,No,No,No,Yes,Yes,0,2039.87,0.0,0.943,Service Center,Valid Claim,306,1,9,0,0
CLM00691,INVALID_191_REPORTING_PERIOD,CUS00691,PROD00691,Laptop,ZenCore,ZEN-LAP-0691,SN-2026-000691,12,Active,184,No,Power Failure,Manufacturing Defect,Yes,No,Yes,Yes,Yes,Yes,Yes,Yes,No,0,,No,,Yes,Yes,No,No,No,Yes,Yes,0,110.98,0.0,0.923,Web,Invalid Claim,181,0,60,0,0
CLM00053,VALID_53,CUS00053,PROD00053,Refrigerator,Aster,AST-REF-0053,SN-2026-000053,24,Active,577,No,Water Leakage,Manufacturing Defect,Yes,Yes,Yes,Yes,Yes,Yes,Yes,No,No,0,,No,,Yes,Yes,No,No,No,Yes,Yes,0,2430.93,0.0,0.983,Email,Valid Claim,153,1,14,0,0
CLM00294,VALID_294,CUS00294,PROD00294,Camera,Aster,AST-CAM-0294,SN-2026-000294,36,Active,577,No,Overheating,Manufacturing Defect,Yes,Yes,Yes,Yes,Yes,Yes,Yes,No,No,0,,No,,Yes,Yes,No,No,No,Yes,Yes,1,1778.83,0.0,0.949,Mobile App,Valid Claim,518,1,14,0,0
CLM00363,VALID_363,CUS00363,PROD00363,Laptop,Aster,AST-LAP-0363,SN-2026-000363,24,Active,181,No,Mechanical Failure,Electrical Failure,Yes,Yes,Yes,Yes,Yes,Yes,Yes,No,No,0,,No,,Yes,Yes,No,No,No,Yes,Yes,0,1834.6,0.0,0.952,Service Center,Valid Claim,549,1,12,0,0
CLM00284,VALID_284,CUS00284,PROD00284,Camera,HomePro,HOM-CAM-0284,SN-2026-000284,12,Active,184,No,Power Failure,Electrical Failure,Yes,Yes,Yes,Yes,Yes,Yes,Yes,No,No,0,,No,,Yes,Yes,No,No,No,Yes,Yes,0,332.73,0.0,0.932,Email,Valid Claim,181,1,12,0,0
CLM01267,MANUAL_267_LOW_OCR_CONFIDENCE,CUS01267,PROD01267,Printer,NovaTech,NOV-PRI-1267,SN-2026-001267,12,Active,181,No,Battery Problem,Electrical Failure,Yes,Yes,Yes,Yes,Yes,Yes,Yes,No,No,0,,No,,Yes,Yes,No,No,No,Yes,Yes,2,522.92,0.0,0.556,Web,Manual Review,184,1,9,0,0
CLM01440,MANUAL_440_CONTRADICTION,CUS01440,PROD01440,Printer,HomePro,HOM-PRI-1440,SN-2026-001440,36,Active,549,No,Water Leakage,Manufacturing Defect,Yes,Yes,Yes,Yes,Yes,Yes,Yes,Yes,No,0,,No,,Yes,No,No,No,Yes,Yes,Yes,3,1818.08,0.0,0.838,Service Center,Manual Review,547,0,11,0,0
CLM00291,VALID_291,CUS00291,PROD00291,Washing Machine,ZenCore,ZEN-WAS-0291,SN-2026-000291,36,Active,427,No,Display Failure,Electrical Failure,Yes,Yes,Yes,Yes,Yes,Yes,Yes,No,No,0,,No,,Yes,Yes,No,No,No,Yes,Yes,0,2132.98,0.0,0.975,Service Center,Valid Claim,669,1,5,0,0
CLM00800,INVALID_300_DUPLICATE_CLAIM,CUS00800,PROD00800,Television,ZenCore,ZEN-TEL-0800,SN-2026-000800,36,Active,480,No,Overheating,Electrical Failure,Yes,Yes,Yes,Yes,Yes,Yes,Yes,Yes,No,0,,No,,Yes,Yes,Yes,Yes,No,Yes,Yes,3,1289.65,0.0,0.897,Mobile App,Invalid Claim,615,0,13,0,0
CLM00332,VALID_332,CUS00332,PROD00332,Laptop,NovaTech,NOV-LAP-0332,SN-2026-000332,12,Active,151,No,Mechanical Failure,Manufacturing Defect,Yes,Yes,Yes,Yes,Yes,Yes,Yes,Yes,Yes,1,Yes,No,,Yes,Yes,No,No,No,Yes,Yes,1,1295.88,928.65,0.963,Mobile App,Valid Claim,215,0,5,1,0
CLM00381,VALID_381,CUS00381,PROD00381,Air Conditioner,ZenCore,ZEN-AIR-0381,SN-2026-000381,36,Active,973,No,Overheating,Manufacturing Defect,Yes,Yes,Yes,Yes,Yes,Yes,Yes,No,No,0,,No,,Yes,Yes,No,No,No,Yes,Yes,0,603.18,0.0,0.915,Email,Valid Claim,122,1,9,0,0
CLM00254,VALID_254,CUS00254,PROD00254,Refrigerator,HomePro,HOM-REF-0254,SN-2026-000254,12,Active,92,Yes,Display Failure,Manufacturing Defect,Yes,Yes,Yes,Yes,Yes,Yes,Yes,No,No,0,,No,,Yes,Yes,No,No,No,Yes,Yes,0,859.56,0.0,0.929,Web,Valid Claim,273,1,12,0,0
CLM00812,INVALID_312_DUPLICATE_CLAIM,CUS00812,PROD00812,Air Conditioner,Aster,AST-AIR-0812,SN-2026-000812,36,Active,991,Yes,Overheating,Electrical Failure,Yes,Yes,Yes,Yes,Yes,Yes,No,No,No,0,,No,,Yes,Yes,Yes,Yes,No,No,Yes,3,2900.07,0.0,0.772,Web,Invalid Claim,105,2,8,0,0
CLM00600,INVALID_100_UNAUTHORIZED_REPAIR,CUS00600,PROD00600,Smartphone,PrimeView,PRI-SMA-0600,SN-2026-000600,12,Active,-456,No,Connectivity Issue,Manufacturing Defect,Yes,Yes,Yes,Yes,No,Yes,Yes,Yes,Yes,1,No,No,,Yes,Yes,No,No,Yes,No,Yes,0,2961.38,696.73,0.803,Web,Invalid Claim,821,1,7,1,0
CLM00923,INVALID_423_SERIAL_MISMATCH,CUS00923,PROD00923,Laptop,HomePro,HOM-LAP-0923,SN-2026-000923,24,Active,565,No,Display Failure,Electrical Failure,Yes,Yes,Yes,Yes,Yes,Yes,Yes,No,No,0,,No,,No,Yes,No,No,No,Yes,Yes,0,413.43,0.0,0.929,Service Center,Invalid Claim,165,1,9,0,0
CLM00431,VALID_431,CUS00431,PROD00431,Washing Machine,NovaTech,NOV-WAS-0431,SN-2026-000431,12,Active,304,No,Power Failure,Manufacturing Defect,Yes,Yes,Yes,Yes,Yes,Yes,Yes,No,No,0,,No,,Yes,Yes,No,No,No,Yes,Yes,0,2969.43,0.0,0.905,Mobile App,Valid Claim,62,1,8,0,0
CLM00582,INVALID_82_UNAUTHORIZED_REPAIR,CUS00582,PROD00582,Printer,PrimeView,PRI-PRI-0582,SN-2026-000582,36,Active,764,No,Water Leakage,Manufacturing Defect,Yes,Yes,Yes,Yes,Yes,Yes,Yes,Yes,Yes,1,No,No,,Yes,No,No,No,No,Yes,Yes,2,2550.89,669.83,0.85,Email,Invalid Claim,332,0,16,1,0
CLM00874,INVALID_374_EXCLUDED_DAMAGE,CUS00874,PROD00874,Refrigerator,PrimeView,PRI-REF-0874,SN-2026-000874,36,Active,548,No,Power Failure,Water Damage,No,Yes,Yes,Yes,Yes,Yes,Yes,No,No,0,,No,,Yes,Yes,No,No,No,Yes,Yes,1,1727.72,0.0,0.754,Web,Invalid Claim,548,1,5,0,0
CLM00603,INVALID_103_EXPIRED_WARRANTY,CUS00603,PROD00603,Smartphone,HomePro,HOM-SMA-0603,SN-2026-000603,36,Expired,-90,No,Battery Problem,Manufacturing Defect,Yes,Yes,Yes,Yes,No,Yes,Yes,Yes,No,0,,No,,Yes,Yes,No,No,No,No,Yes,3,1500.48,0.0,0.903,Service Center,Invalid Claim,1186,1,10,0,0
CLM00913,INVALID_413_REPORTING_PERIOD,CUS00913,PROD00913,Television,PrimeView,PRI-TEL-0913,SN-2026-000913,12,Active,182,No,Power Failure,Manufacturing Defect,Yes,No,Yes,Yes,Yes,Yes,Yes,No,No,0,,No,,Yes,Yes,No,No,No,Yes,Yes,0,721.64,0.0,0.916,Service Center,Invalid Claim,183,1,60,0,0
CLM01105,MANUAL_105_LOW_OCR_CONFIDENCE,CUS01105,PROD01105,Smartphone,PrimeView,PRI-SMA-1105,SN-2026-001105,24,Active,365,No,Connectivity Issue,Electrical Failure,Yes,Yes,Yes,Yes,Yes,Yes,No,Yes,No,0,,No,,Yes,Yes,No,No,No,Yes,Yes,0,2216.69,0.0,0.533,Web,Manual Review,366,1,6,0,0
CLM01057,MANUAL_57_LOW_OCR_CONFIDENCE,CUS01057,PROD01057,Printer,HomePro,HOM-PRI-1057,SN-2026-001057,12,Active,184,No,Battery Problem,Electrical Failure,Yes,Yes,Yes,Yes,Yes,No,Yes,Yes,No,0,,No,,Yes,Yes,No,No,No,Yes,Yes,3,667.78,0.0,0.48,Email,Manual Review,181,1,4,0,0
CLM00348,VALID_348,CUS00348,PROD00348,Printer,Aster,AST-PRI-0348,SN-2026-000348,12,Active,213,Yes,Mechanical Failure,Manufacturing Defect,Yes,Yes,Yes,Yes,Yes,Yes,Yes,No,No,0,,No,,Yes,Yes,No,No,No,Yes,Yes,1,2310.06,0.0,0.904,Service Center,Valid Claim,153,1,1,0,0
CLM00529,INVALID_29_REPORTING_PERIOD,CUS00529,PROD00529,Camera,PrimeView,PRI-CAM-0529,SN-2026-000529,36,Active,548,No,Mechanical Failure,Electrical Failure,Yes,No,Yes,No,Yes,Yes,Yes,No,No,0,,Yes,Yes,Yes,Yes,No,No,Yes,No,Yes,2,2208.41,0.0,0.955,Service Center,Invalid Claim,548,2,60,0,1
CLM01162,MANUAL_162_INCOMPLETE_EVIDENCE,CUS01162,PROD01162,Refrigerator,HomePro,HOM-REF-1162,SN-2026-001162,12,Active,182,No,Water Leakage,Manufacturing Defect,Yes,Yes,Yes,Yes,Yes,Yes,No,Yes,No,0,,No,,Yes,Yes,No,No,No,No,Yes,1,2252.45,0.0,0.956,Mobile App,Manual Review,184,1,1,0,0
CLM00415,VALID_415,CUS00415,PROD00415,Smartphone,ZenCore,ZEN-SMA-0415,SN-2026-000415,12,Active,214,No,Connectivity Issue,Electrical Failure,Yes,Yes,Yes,Yes,Yes,Yes,Yes,Yes,Yes,2,Yes,No,,Yes,Yes,No,No,No,Yes,Yes,1,1202.1,853.6,0.96,Service Center,Valid Claim,151,0,4,1,0
CLM00003,VALID_03,CUS00003,PROD00003,Refrigerator,NovaTech,NOV-REF-0003,SN-2026-000003,36,Active,608,No,Battery Problem,Manufacturing Defect,Yes,Yes,Yes,Yes,Yes,Yes,Yes,Yes,Yes,1,Yes,No,,Yes,Yes,No,No,No,Yes,Yes,1,2746.69,682.13,0.987,Service Center,Valid Claim,487,0,9,1,0
CLM01054,MANUAL_54_INCOMPLETE_EVIDENCE,CUS01054,PROD01054,Air Conditioner,ZenCore,ZEN-AIR-1054,SN-2026-001054,12,Active,182,No,Noise,Electrical Failure,Yes,Yes,Yes,No,Yes,Yes,No,Yes,No,0,,No,,Yes,Yes,No,No,No,No,Yes,1,2891.85,0.0,0.926,Mobile App,Manual Review,184,2,7,0,0
CLM00352,VALID_352,CUS00352,PROD00352,Laptop,NovaTech,NOV-LAP-0352,SN-2026-000352,12,Active,61,No,Noise,Electrical Failure,Yes,Yes,Yes,Yes,Yes,Yes,Yes,No,No,0,,No,,Yes,Yes,No,No,No,Yes,Yes,1,1560.16,0.0,0.957,Email,Valid Claim,304,1,4,0,0
CLM00862,INVALID_362_EXCLUDED_DAMAGE,CUS00862,PROD00862,Television,Aster,AST-TEL-0862,SN-2026-000862,12,Active,184,No,Connectivity Issue,Physical Damage,No,Yes,Yes,Yes,Yes,Yes,Yes,No,No,0,,No,,Yes,Yes,Yes,No,No,Yes,Yes,1,1059.18,0.0,0.932,Mobile App,Invalid Claim,182,1,5,0,0
CLM00423,VALID_423,CUS00423,PROD00423,Refrigerator,HomePro,HOM-REF-0423,SN-2026-000423,36,Active,668,No,Noise,Electrical Failure,Yes,Yes,Yes,Yes,Yes,Yes,Yes,No,No,0,,No,,Yes,Yes,No,No,No,Yes,Yes,1,2699.62,0.0,0.945,Web,Valid Claim,428,1,10,0,0
CLM00714,INVALID_214_UNAUTHORIZED_REPAIR,CUS00714,PROD00714,Printer,ZenCore,ZEN-PRI-0714,SN-2026-000714,36,Active,767,Yes,Display Failure,Manufacturing Defect,Yes,Yes,Yes,Yes,Yes,Yes,Yes,Yes,Yes,1,No,Yes,Yes,Yes,Yes,No,No,No,Yes,Yes,0,2080.95,561.55,0.849,Service Center,Invalid Claim,329,0,12,1,1
CLM00396,VALID_396,CUS00396,PROD00396,Television,PrimeView,PRI-TEL-0396,SN-2026-000396,12,Active,91,No,Power Failure,Electrical Failure,Yes,Yes,Yes,Yes,Yes,Yes,Yes,No,No,0,,No,,Yes,Yes,No,No,No,Yes,Yes,1,2243.39,0.0,0.989,Mobile App,Valid Claim,274,1,7,0,0
CLM00892,INVALID_392_EXCLUDED_DAMAGE,CUS00892,PROD00892,Air Conditioner,NovaTech,NOV-AIR-0892,SN-2026-000892,12,Active,184,No,Overheating,Water Damage,No,Yes,Yes,Yes,Yes,Yes,Yes,Yes,No,0,,No,,Yes,Yes,No,No,No,Yes,Yes,1,641.08,0.0,0.985,Web,Invalid Claim,181,0,5,0,0
CLM00634,INVALID_134_EXCLUDED_DAMAGE,CUS00634,PROD00634,Printer,NovaTech,NOV-PRI-0634,SN-2026-000634,36,Active,546,No,Power Failure,Physical Damage,No,Yes,Yes,Yes,Yes,Yes,Yes,Yes,No,0,,No,,Yes,Yes,No,No,Yes,Yes,Yes,3,1565.09,0.0,0.88,Mobile App,Invalid Claim,549,0,5,0,0
CLM00048,VALID_48,CUS00048,PROD00048,Air Conditioner,Aster,AST-AIR-0048,SN-2026-000048,24,Active,488,No,Overheating,Electrical Failure,Yes,Yes,Yes,Yes,Yes,Yes,Yes,No,No,0,,No,,Yes,Yes,No,No,No,Yes,Yes,1,2529.07,0.0,0.946,Mobile App,Valid Claim,243,1,12,0,0
CLM00819,INVALID_319_EXPIRED_WARRANTY,CUS00819,PROD00819,Refrigerator,PrimeView,PRI-REF-0819,SN-2026-000819,36,Expired,-90,No,Display Failure,Electrical Failure,Yes,Yes,Yes,No,Yes,Yes,Yes,Yes,No,0,,No,,Yes,Yes,No,No,No,No,Yes,0,1770.7,0.0,0.958,Service Center,Invalid Claim,1186,1,10,0,0
CLM01402,MANUAL_402_INCOMPLETE_EVIDENCE,CUS01402,PROD01402,Printer,Aster,AST-PRI-1402,SN-2026-001402,36,Active,549,No,Connectivity Issue,Manufacturing Defect,Yes,Yes,Yes,No,Yes,Yes,No,Yes,Yes,2,No,No,,Yes,Yes,No,No,No,No,Yes,1,2076.41,1205.87,0.922,Email,Manual Review,547,2,9,1,0
CLM00785,INVALID_285_SERIAL_MISMATCH,CUS00785,PROD00785,Smartphone,NovaTech,NOV-SMA-0785,SN-2026-000785,24,Active,389,Yes,Water Leakage,Manufacturing Defect,Yes,Yes,Yes,No,Yes,Yes,Yes,Yes,No,0,,No,,No,Yes,No,Yes,No,No,Yes,1,427.9,0.0,0.911,Web,Invalid Claim,341,1,21,0,0
CLM01040,MANUAL_40_SERIAL_WARNING,CUS01040,PROD01040,Laptop,HomePro,HOM-LAP-1040,SN-2026-001040,24,Active,365,No,Connectivity Issue,Electrical Failure,Yes,Yes,Yes,Yes,Yes,Yes,Yes,No,No,0,,Yes,Yes,Unknown,No,No,No,No,No,Yes,2,1521.88,0.0,0.873,Mobile App,Manual Review,366,1,8,0,1
CLM00817,INVALID_317_REPORTING_PERIOD,CUS00817,PROD00817,Air Conditioner,HomePro,HOM-AIR-0817,SN-2026-000817,12,Active,184,No,Water Leakage,Manufacturing Defect,Yes,No,Yes,Yes,Yes,Yes,No,Yes,No,0,,No,,Yes,No,No,Yes,No,No,Yes,0,445.98,0.0,0.819,Web,Invalid Claim,181,1,60,0,0
CLM00605,INVALID_105_SERIAL_MISMATCH,CUS00605,PROD00605,Air Conditioner,NovaTech,NOV-AIR-0605,SN-2026-000605,12,Active,226,No,Power Failure,Electrical Failure,Yes,Yes,No,Yes,Yes,Yes,Yes,Yes,No,0,,No,,No,Yes,No,No,Yes,No,No,2,1602.9,0.0,0.755,Email,Invalid Claim,139,1,25,0,0
CLM00080,VALID_80,CUS00080,PROD00080,Printer,PrimeView,PRI-PRI-0080,SN-2026-000080,24,Active,426,No,Overheating,Electrical Failure,Yes,Yes,Yes,Yes,Yes,Yes,Yes,No,No,0,,No,,Yes,Yes,No,No,No,Yes,Yes,0,2272.82,0.0,0.921,Service Center,Valid Claim,305,1,7,0,0
CLM01206,MANUAL_206_CONTRADICTION,CUS01206,PROD01206,Camera,ZenCore,ZEN-CAM-1206,SN-2026-001206,36,Active,549,Yes,Connectivity Issue,Electrical Failure,Yes,Yes,Yes,Yes,No,Yes,Yes,No,No,0,,No,,Yes,No,No,No,Yes,No,Yes,2,2292.55,0.0,0.868,Email,Manual Review,547,2,3,0,0
CLM00702,INVALID_202_UNAUTHORIZED_REPAIR,CUS00702,PROD00702,Camera,ZenCore,ZEN-CAM-0702,SN-2026-000702,36,Active,306,No,Overheating,Manufacturing Defect,Yes,Yes,Yes,Yes,Yes,Yes,Yes,Yes,Yes,1,No,No,,Yes,Yes,No,No,No,Yes,Yes,0,496.37,816.65,0.896,Mobile App,Invalid Claim,789,0,8,1,0
CLM01049,MANUAL_49_MISSING_DOCUMENT,CUS01049,PROD01049,Laptop,PrimeView,PRI-LAP-1049,SN-2026-001049,36,Active,546,No,Connectivity Issue,Manufacturing Defect,Yes,Yes,Yes,Yes,Yes,Yes,No,No,No,0,,No,,Yes,Yes,No,No,No,No,Yes,2,2234.1,0.0,0.949,Mobile App,Manual Review,550,2,1,0,0
CLM00482,VALID_482,CUS00482,PROD00482,Laptop,NovaTech,NOV-LAP-0482,SN-2026-000482,12,Active,89,Yes,Overheating,Manufacturing Defect,Yes,Yes,Yes,Yes,Yes,Yes,Yes,No,No,0,,No,,Yes,Yes,No,No,No,Yes,Yes,0,1439.97,0.0,0.921,Service Center,Valid Claim,276,1,3,0,0
CLM00049,VALID_49,CUS00049,PROD00049,Refrigerator,Aster,AST-REF-0049,SN-2026-000049,24,Active,304,Yes,Power Failure,Electrical Failure,Yes,Yes,Yes,Yes,Yes,Yes,Yes,No,No,0,,No,,Yes,Yes,No,No,No,Yes,Yes,1,2016.69,0.0,0.964,Web,Valid Claim,426,1,4,0,0
CLM00414,VALID_414,CUS00414,PROD00414,Printer,Aster,AST-PRI-0414,SN-2026-000414,24,Active,303,No,Overheating,Manufacturing Defect,Yes,Yes,Yes,Yes,Yes,Yes,Yes,No,No,0,,No,,Yes,Yes,No,No,No,Yes,Yes,1,775.17,0.0,0.912,Service Center,Valid Claim,428,1,5,0,0
CLM00939,INVALID_439_EXPIRED_WARRANTY,CUS00939,PROD00939,Air Conditioner,Aster,AST-AIR-0939,SN-2026-000939,12,Expired,-90,No,Battery Problem,Electrical Failure,Yes,Yes,No,Yes,Yes,Yes,Yes,Yes,No,0,,No,,Yes,Yes,No,No,No,No,No,1,1772.15,0.0,0.908,Email,Invalid Claim,455,1,10,0,0
CLM00041,VALID_41,CUS00041,PROD00041,Refrigerator,PrimeView,PRI-REF-0041,SN-2026-000041,12,Active,244,No,Connectivity Issue,Manufacturing Defect,Yes,Yes,Yes,Yes,Yes,Yes,Yes,No,No,0,,No,,Yes,Yes,No,No,No,Yes,Yes,0,2979.03,0.0,0.933,Service Center,Valid Claim,122,1,7,0,0
CLM00852,INVALID_352_UNAUTHORIZED_REPAIR,CUS00852,PROD00852,Washing Machine,PrimeView,PRI-WAS-0852,SN-2026-000852,24,Active,278,No,Battery Problem,Manufacturing Defect,Yes,Yes,Yes,Yes,Yes,Yes,Yes,Yes,Yes,1,No,No,,Yes,Yes,No,No,No,Yes,Yes,1,532.85,398.27,0.771,Service Center,Invalid Claim,453,0,21,1,0
CLM01048,MANUAL_48_INCOMPLETE_EVIDENCE,CUS01048,PROD01048,Air Conditioner,Aster,AST-AIR-1048,SN-2026-001048,36,Active,547,No,Water Leakage,Electrical Failure,Yes,Yes,Yes,Yes,Yes,Yes,No,Yes,No,0,,No,,Yes,Yes,No,No,No,No,Yes,3,868.45,0.0,0.759,Web,Manual Review,549,1,11,0,0
CLM00098,VALID_98,CUS00098,PROD00098,Air Conditioner,ZenCore,ZEN-AIR-0098,SN-2026-000098,12,Active,214,No,Mechanical Failure,Manufacturing Defect,Yes,Yes,Yes,Yes,Yes,Yes,Yes,No,No,0,,No,,Yes,Yes,No,No,No,Yes,Yes,1,2092.53,0.0,0.946,Email,Valid Claim,151,1,2,0,0
CLM00339,VALID_339,CUS00339,PROD00339,Printer,NovaTech,NOV-PRI-0339,SN-2026-000339,24,Active,457,No,Battery Problem,Manufacturing Defect,Yes,Yes,Yes,Yes,Yes,Yes,Yes,No,No,0,,No,,Yes,Yes,No,No,No,Yes,Yes,1,886.59,0.0,0.91,Web,Valid Claim,273,1,6,0,0
CLM01471,MANUAL_471_LOW_OCR_CONFIDENCE,CUS01471,PROD01471,Printer,ZenCore,ZEN-PRI-1471,SN-2026-001471,36,Active,550,No,Mechanical Failure,Electrical Failure,Yes,Yes,Yes,Yes,Yes,Yes,Yes,Yes,No,0,,No,,Yes,Yes,No,No,No,Yes,Yes,3,701.95,0.0,0.647,Service Center,Manual Review,546,0,6,0,0
CLM01038,MANUAL_38_CONTRADICTION,CUS01038,PROD01038,Washing Machine,HomePro,HOM-WAS-1038,SN-2026-001038,36,Active,549,No,Connectivity Issue,Electrical Failure,Yes,Yes,Yes,Yes,Yes,Yes,Yes,No,No,0,,Yes,Yes,Yes,No,No,No,Yes,Yes,Yes,1,808.05,0.0,0.845,Email,Manual Review,547,1,9,0,1
CLM00170,VALID_170,CUS00170,PROD00170,Refrigerator,HomePro,HOM-REF-0170,SN-2026-000170,36,Active,820,Yes,Display Failure,Manufacturing Defect,Yes,Yes,Yes,Yes,Yes,Yes,Yes,No,No,0,,No,,Yes,Yes,No,No,No,Yes,Yes,0,1958.7,0.0,0.939,Web,Valid Claim,275,1,11,0,0
CLM01133,MANUAL_133_MISSING_DOCUMENT,CUS01133,PROD01133,Camera,NovaTech,NOV-CAM-1133,SN-2026-001133,24,Active,365,No,Power Failure,Electrical Failure,Yes,Yes,Yes,Yes,Yes,No,Yes,No,Yes,3,Yes,No,,Yes,Yes,No,No,Yes,No,Yes,1,2606.2,989.38,0.777,Email,Manual Review,366,2,11,1,0
CLM00654,INVALID_154_UNAUTHORIZED_REPAIR,CUS00654,PROD00654,Smartphone,ZenCore,ZEN-SMA-0654,SN-2026-000654,12,Active,-234,Yes,Display Failure,Manufacturing Defect,Yes,Yes,Yes,Yes,No,Yes,No,Yes,Yes,1,No,No,,Yes,Yes,No,No,No,No,Yes,0,478.27,349.73,0.931,Email,Invalid Claim,599,2,15,1,0
CLM00253,VALID_253,CUS00253,PROD00253,Printer,HomePro,HOM-PRI-0253,SN-2026-000253,24,Active,120,No,Overheating,Manufacturing Defect,Yes,Yes,Yes,Yes,Yes,Yes,Yes,No,No,0,,No,,Yes,Yes,No,No,No,Yes,Yes,0,694.78,0.0,0.973,Mobile App,Valid Claim,610,1,6,0,0
CLM00806,INVALID_306_DUPLICATE_CLAIM,CUS00806,PROD00806,Television,PrimeView,PRI-TEL-0806,SN-2026-000806,12,Active,203,No,Power Failure,Manufacturing Defect,Yes,Yes,Yes,Yes,Yes,Yes,Yes,Yes,No,0,,No,,Yes,Yes,Yes,Yes,No,Yes,Yes,1,2255.96,0.0,0.93,Mobile App,Invalid Claim,162,0,9,0,0
CLM01112,MANUAL_112_SERIAL_WARNING,CUS01112,PROD01112,Washing Machine,HomePro,HOM-WAS-1112,SN-2026-001112,24,Active,365,No,Overheating,Manufacturing Defect,Yes,Yes,Yes,Yes,Yes,Yes,No,Yes,No,0,,No,,Unknown,Yes,No,No,No,No,Yes,0,1453.48,0.0,0.874,Web,Manual Review,365,1,10,0,0
CLM00404,VALID_404,CUS00404,PROD00404,Printer,Aster,AST-PRI-0404,SN-2026-000404,36,Active,395,Yes,Connectivity Issue,Electrical Failure,Yes,Yes,Yes,Yes,Yes,Yes,Yes,No,No,0,,No,,Yes,Yes,No,No,No,Yes,Yes,0,2704.41,0.0,0.935,Web,Valid Claim,700,1,2,0,0
CLM00645,INVALID_145_EXPIRED_WARRANTY,CUS00645,PROD00645,Printer,Aster,AST-PRI-0645,SN-2026-000645,12,Expired,-90,No,Noise,Manufacturing Defect,Yes,Yes,Yes,Yes,Yes,Yes,No,Yes,No,0,,No,,Yes,Yes,No,No,No,No,Yes,0,2812.19,0.0,0.983,Mobile App,Invalid Claim,455,1,10,0,0
CLM01311,MANUAL_311_UNCLEAR_REPAIR,CUS01311,PROD01311,Air Conditioner,NovaTech,NOV-AIR-1311,SN-2026-001311,12,Active,181,No,Overheating,Manufacturing Defect,Yes,Yes,Yes,Yes,Yes,Yes,Yes,Yes,Yes,1,Unknown,No,,Yes,Yes,No,No,No,No,Yes,1,1683.79,0.0,0.895,Mobile App,Manual Review,184,0,11,1,0
CLM01095,MANUAL_95_UNCLEAR_REPAIR,CUS01095,PROD01095,Camera,Aster,AST-CAM-1095,SN-2026-001095,36,Active,550,Yes,Water Leakage,Electrical Failure,Yes,Yes,Yes,Yes,Yes,Yes,Yes,No,Yes,1,Unknown,No,,Yes,Yes,No,No,No,No,Yes,1,1512.26,516.48,0.878,Mobile App,Manual Review,546,1,8,1,0
CLM00753,INVALID_253_EXPIRED_WARRANTY,CUS00753,PROD00753,Air Conditioner,PrimeView,PRI-AIR-0753,SN-2026-000753,12,Expired,-90,No,Overheating,Manufacturing Defect,Yes,Yes,Yes,No,Yes,Yes,Yes,Yes,No,0,,No,,Yes,Yes,No,No,No,No,Yes,2,477.6,0.0,0.931,Email,Invalid Claim,455,1,10,0,0
CLM01103,MANUAL_103_MISSING_DOCUMENT,CUS01103,PROD01103,Television,ZenCore,ZEN-TEL-1103,SN-2026-001103,36,Active,549,No,Display Failure,Manufacturing Defect,Yes,Yes,Yes,No,Yes,No,Yes,No,No,0,,No,,Yes,Yes,No,No,No,No,Yes,2,1034.75,0.0,0.792,Service Center,Manual Review,547,3,12,0,0
CLM01462,MANUAL_462_INCOMPLETE_EVIDENCE,CUS01462,PROD01462,Television,HomePro,HOM-TEL-1462,SN-2026-001462,36,Active,549,No,Connectivity Issue,Electrical Failure,Yes,Yes,Yes,Yes,Yes,Yes,No,No,No,0,,No,,Yes,Yes,No,No,No,No,Yes,3,833.71,0.0,0.951,Email,Manual Review,547,2,7,0,0
CLM00751,INVALID_251_REPORTING_PERIOD,CUS00751,PROD00751,Washing Machine,Aster,AST-WAS-0751,SN-2026-000751,12,Active,184,No,Power Failure,Electrical Failure,Yes,No,Yes,Yes,Yes,No,No,Yes,Yes,3,Yes,No,,Yes,Yes,No,No,No,No,Yes,3,388.31,658.6,0.928,Service Center,Invalid Claim,181,2,60,1,0
CLM01150,MANUAL_150_INCOMPLETE_EVIDENCE,CUS01150,PROD01150,Smartphone,ZenCore,ZEN-SMA-1150,SN-2026-001150,36,Active,549,No,Power Failure,Electrical Failure,Yes,Yes,Yes,Yes,Yes,Yes,No,Yes,No,0,,No,,Yes,Yes,No,No,No,No,Yes,2,576.1,0.0,0.943,Email,Manual Review,547,1,5,0,0
CLM00677,INVALID_177_SERIAL_MISMATCH,CUS00677,PROD00677,Laptop,NovaTech,NOV-LAP-0677,SN-2026-000677,36,Active,867,No,Power Failure,Electrical Failure,Yes,Yes,Yes,Yes,Yes,Yes,Yes,Yes,No,0,,No,,No,Yes,No,No,No,Yes,Yes,3,1334.97,0.0,0.969,Web,Invalid Claim,229,0,10,0,0
CLM00548,INVALID_48_DUPLICATE_CLAIM,CUS00548,PROD00548,Smartphone,HomePro,HOM-SMA-0548,SN-2026-000548,36,Active,695,No,Connectivity Issue,Electrical Failure,Yes,Yes,Yes,Yes,Yes,Yes,Yes,No,No,0,,No,,Yes,Yes,Yes,Yes,No,Yes,Yes,3,2550.35,0.0,0.898,Email,Invalid Claim,401,1,14,0,0
CLM00748,INVALID_248_EXCLUDED_DAMAGE,CUS00748,PROD00748,Washing Machine,Aster,AST-WAS-0748,SN-2026-000748,12,Active,182,Yes,Water Leakage,Accidental Damage,No,Yes,Yes,No,Yes,Yes,Yes,Yes,No,0,,No,,Yes,Yes,No,No,Yes,No,Yes,3,469.88,0.0,0.936,Web,Invalid Claim,183,1,5,0,0
CLM01086,MANUAL_86_CONTRADICTION,CUS01086,PROD01086,Refrigerator,Aster,AST-REF-1086,SN-2026-001086,36,Active,549,No,Display Failure,Manufacturing Defect,Yes,Yes,Yes,No,Yes,Yes,Yes,No,Yes,3,Yes,Yes,Yes,Yes,No,No,No,Yes,No,Yes,0,222.67,819.84,0.886,Web,Manual Review,547,2,10,1,1
CLM01140,MANUAL_140_CONTRADICTION,CUS01140,PROD01140,Air Conditioner,ZenCore,ZEN-AIR-1140,SN-2026-001140,12,Active,182,No,Display Failure,Electrical Failure,Yes,Yes,Yes,Yes,No,Yes,Yes,No,No,0,,No,,Yes,No,Yes,Yes,Yes,No,Yes,2,2499.29,0.0,0.941,Web,Manual Review,183,2,5,0,0
CLM00233,VALID_233,CUS00233,PROD00233,Television,Aster,AST-TEL-0233,SN-2026-000233,24,Active,61,No,Mechanical Failure,Electrical Failure,Yes,Yes,Yes,Yes,Yes,Yes,Yes,No,No,0,,No,,Yes,Yes,No,No,No,Yes,Yes,0,2313.32,0.0,0.927,Web,Valid Claim,670,1,14,0,0
CLM01257,MANUAL_257_UNCLEAR_REPAIR,CUS01257,PROD01257,Smartphone,NovaTech,NOV-SMA-1257,SN-2026-001257,12,Active,184,No,Mechanical Failure,Manufacturing Defect,Yes,Yes,Yes,Yes,Yes,Yes,Yes,No,Yes,1,Unknown,No,,Yes,No,No,No,No,No,Yes,0,1201.82,0.0,0.877,Web,Manual Review,181,1,7,1,0
CLM01364,MANUAL_364_SERIAL_WARNING,CUS01364,PROD01364,Printer,NovaTech,NOV-PRI-1364,SN-2026-001364,24,Active,365,No,Mechanical Failure,Electrical Failure,Yes,Yes,Yes,Yes,No,Yes,Yes,Yes,No,0,,No,,Unknown,Yes,No,No,No,No,Yes,2,2079.7,0.0,0.865,Mobile App,Manual Review,365,1,12,0,0
CLM00367,VALID_367,CUS00367,PROD00367,Camera,NovaTech,NOV-CAM-0367,SN-2026-000367,12,Active,243,No,Connectivity Issue,Electrical Failure,Yes,Yes,Yes,Yes,Yes,Yes,Yes,No,No,0,,No,,Yes,Yes,No,No,No,Yes,Yes,1,2528.54,0.0,0.972,Service Center,Valid Claim,122,1,11,0,0
CLM01265,MANUAL_265_MISSING_DOCUMENT,CUS01265,PROD01265,Washing Machine,HomePro,HOM-WAS-1265,SN-2026-001265,36,Active,549,No,Battery Problem,Manufacturing Defect,Yes,Yes,Yes,No,Yes,Yes,No,No,Yes,3,Yes,No,,Yes,Yes,No,No,No,No,Yes,0,268.76,280.22,0.85,Service Center,Manual Review,547,3,6,1,0
CLM00513,INVALID_13_EXPIRED_WARRANTY,CUS00513,PROD00513,Smartphone,NovaTech,NOV-SMA-0513,SN-2026-000513,12,Expired,-90,No,Mechanical Failure,Manufacturing Defect,Yes,Yes,Yes,Yes,Yes,Yes,No,No,No,0,,No,,Yes,Yes,No,No,No,No,Yes,0,387.11,0.0,0.782,Mobile App,Invalid Claim,455,2,10,0,0
CLM00518,INVALID_18_DUPLICATE_CLAIM,CUS00518,PROD00518,Smartphone,ZenCore,ZEN-SMA-0518,SN-2026-000518,24,Active,281,Yes,Battery Problem,Manufacturing Defect,Yes,Yes,Yes,Yes,Yes,Yes,Yes,Yes,No,0,,No,,Yes,Yes,Yes,Yes,No,Yes,Yes,1,1589.1,0.0,0.966,Web,Invalid Claim,449,0,22,0,0
CLM00664,INVALID_164_EXCLUDED_DAMAGE,CUS00664,PROD00664,Laptop,ZenCore,ZEN-LAP-0664,SN-2026-000664,36,Active,549,No,Mechanical Failure,Physical Damage,No,Yes,Yes,Yes,No,Yes,Yes,Yes,No,0,,No,,Yes,Yes,No,No,No,No,Yes,2,206.03,0.0,0.831,Email,Invalid Claim,547,1,5,0,0
CLM01394,MANUAL_394_SERIAL_WARNING,CUS01394,PROD01394,Refrigerator,Aster,AST-REF-1394,SN-2026-001394,12,Active,182,No,Battery Problem,Manufacturing Defect,Yes,Yes,Yes,Yes,Yes,Yes,Yes,Yes,No,0,,No,,Unknown,Yes,No,No,No,No,Yes,3,1991.87,0.0,0.796,Service Center,Manual Review,184,0,14,0,0
CLM00314,VALID_314,CUS00314,PROD00314,Air Conditioner,NovaTech,NOV-AIR-0314,SN-2026-000314,24,Active,518,No,Connectivity Issue,Manufacturing Defect,Yes,Yes,Yes,Yes,Yes,Yes,Yes,No,No,0,,No,,Yes,Yes,No,No,No,Yes,Yes,1,2904.19,0.0,0.92,Mobile App,Valid Claim,212,1,8,0,0
CLM00648,INVALID_148_UNAUTHORIZED_REPAIR,CUS00648,PROD00648,Laptop,ZenCore,ZEN-LAP-0648,SN-2026-000648,12,Active,-155,No,Water Leakage,Electrical Failure,Yes,Yes,Yes,Yes,Yes,Yes,Yes,Yes,Yes,1,No,No,,Yes,Yes,No,No,Yes,Yes,Yes,0,1293.56,1008.83,0.859,Service Center,Invalid Claim,521,0,7,1,0
CLM01036,MANUAL_36_INCOMPLETE_EVIDENCE,CUS01036,PROD01036,Printer,NovaTech,NOV-PRI-1036,SN-2026-001036,12,Active,181,No,Display Failure,Electrical Failure,Yes,Yes,Yes,Yes,Yes,Yes,No,Yes,No,0,,No,,Yes,Yes,No,No,No,No,Yes,2,2454.16,0.0,0.852,Email,Manual Review,184,1,2,0,0
CLM00154,VALID_154,CUS00154,PROD00154,Camera,HomePro,HOM-CAM-0154,SN-2026-000154,24,Active,273,No,Overheating,Manufacturing Defect,Yes,Yes,Yes,Yes,Yes,Yes,Yes,No,No,0,,No,,Yes,Yes,No,No,No,Yes,Yes,0,838.06,0.0,0.9,Email,Valid Claim,458,1,2,0,0
CLM01088,MANUAL_88_SERIAL_WARNING,CUS01088,PROD01088,Air Conditioner,ZenCore,ZEN-AIR-1088,SN-2026-001088,36,Active,548,Yes,Display Failure,Manufacturing Defect,Yes,Yes,Yes,Yes,Yes,Yes,Yes,Yes,No,0,,No,,Unknown,Yes,No,Yes,No,No,Yes,2,172.34,0.0,0.773,Email,Manual Review,547,0,3,0,0
CLM01445,MANUAL_445_MISSING_DOCUMENT,CUS01445,PROD01445,Washing Machine,ZenCore,ZEN-WAS-1445,SN-2026-001445,12,Active,184,No,Connectivity Issue,Manufacturing Defect,Yes,Yes,Yes,No,Yes,No,Yes,No,Yes,3,No,Yes,Yes,Yes,Yes,No,No,No,No,Yes,3,1378.44,110.36,0.823,Mobile App,Manual Review,181,3,12,1,1
CLM00678,INVALID_178_UNAUTHORIZED_REPAIR,CUS00678,PROD00678,Camera,HomePro,HOM-CAM-0678,SN-2026-000678,12,Active,57,No,Display Failure,Electrical Failure,Yes,Yes,No,Yes,Yes,Yes,Yes,Yes,Yes,1,No,Yes,No,Yes,Yes,Yes,No,No,No,No,2,2581.54,800.49,0.857,Email,Invalid Claim,308,1,2,1,1
CLM01391,MANUAL_391_MISSING_DOCUMENT,CUS01391,PROD01391,Washing Machine,ZenCore,ZEN-WAS-1391,SN-2026-001391,36,Active,549,No,Overheating,Electrical Failure,Yes,Yes,Yes,No,Yes,No,Yes,No,No,0,,No,,Yes,Yes,No,No,No,No,Yes,1,1609.42,0.0,0.843,Service Center,Manual Review,546,3,5,0,0
CLM01304,MANUAL_304_SERIAL_WARNING,CUS01304,PROD01304,Camera,ZenCore,ZEN-CAM-1304,SN-2026-001304,36,Active,549,Yes,Display Failure,Manufacturing Defect,Yes,Yes,Yes,Yes,Yes,Yes,Yes,No,No,0,,No,,Unknown,Yes,No,No,No,No,Yes,2,1812.55,0.0,0.844,Email,Manual Review,547,1,6,0,0
CLM01417,MANUAL_417_LOW_OCR_CONFIDENCE,CUS01417,PROD01417,Printer,Aster,AST-PRI-1417,SN-2026-001417,36,Active,550,No,Noise,Electrical Failure,Yes,Yes,Yes,Yes,Yes,Yes,Yes,Yes,No,0,,No,,Yes,Yes,No,No,No,Yes,Yes,0,1815.05,0.0,0.472,Email,Manual Review,546,0,8,0,0
CLM01254,MANUAL_254_CONTRADICTION,CUS01254,PROD01254,Television,PrimeView,PRI-TEL-1254,SN-2026-001254,24,Active,365,No,Mechanical Failure,Manufacturing Defect,Yes,Yes,Yes,Yes,Yes,Yes,Yes,Yes,Yes,3,Yes,No,,Yes,No,No,No,Yes,Yes,Yes,1,2456.49,270.68,0.972,Service Center,Manual Review,365,0,6,1,0
CLM01436,MANUAL_436_SERIAL_WARNING,CUS01436,PROD01436,Printer,HomePro,HOM-PRI-1436,SN-2026-001436,36,Active,549,No,Battery Problem,Electrical Failure,Yes,Yes,Yes,No,Yes,Yes,Yes,Yes,No,0,,No,,Unknown,Yes,Yes,No,No,No,Yes,3,158.88,0.0,0.852,Mobile App,Manual Review,546,1,4,0,0
CLM01481,MANUAL_481_MISSING_DOCUMENT,CUS01481,PROD01481,Camera,HomePro,HOM-CAM-1481,SN-2026-001481,24,Active,365,No,Noise,Manufacturing Defect,Yes,Yes,Yes,No,Yes,No,No,No,No,0,,No,,Yes,Yes,No,No,Yes,No,Yes,2,2455.32,0.0,0.751,Service Center,Manual Review,365,4,9,0,0
CLM00072,VALID_72,CUS00072,PROD00072,Laptop,NovaTech,NOV-LAP-0072,SN-2026-000072,36,Active,153,No,Overheating,Manufacturing Defect,Yes,Yes,Yes,Yes,Yes,Yes,Yes,No,No,0,,No,,Yes,Yes,No,No,No,Yes,Yes,0,1050.88,0.0,0.917,Service Center,Valid Claim,943,1,9,0,0
CLM00123,VALID_123,CUS00123,PROD00123,Laptop,HomePro,HOM-LAP-0123,SN-2026-000123,12,Active,121,No,Connectivity Issue,Electrical Failure,Yes,Yes,Yes,Yes,Yes,Yes,Yes,No,No,0,,No,,Yes,Yes,No,No,No,Yes,Yes,0,2047.45,0.0,0.932,Mobile App,Valid Claim,244,1,3,0,0
CLM01015,MANUAL_15_LOW_OCR_CONFIDENCE,CUS01015,PROD01015,Refrigerator,HomePro,HOM-REF-1015,SN-2026-001015,36,Active,546,Yes,Noise,Manufacturing Defect,Yes,Yes,Yes,No,Yes,Yes,Yes,No,No,0,,No,,Yes,Yes,No,No,No,Yes,Yes,1,1227.19,0.0,0.469,Email,Manual Review,550,2,11,0,0
CLM01291,MANUAL_291_LOW_OCR_CONFIDENCE,CUS01291,PROD01291,Camera,ZenCore,ZEN-CAM-1291,SN-2026-001291,24,Active,365,No,Display Failure,Manufacturing Defect,Yes,Yes,Yes,Yes,Yes,Yes,Yes,Yes,Yes,2,Yes,No,,Yes,Yes,No,No,No,Yes,Yes,3,515.76,593.08,0.506,Email,Manual Review,366,0,4,1,0
CLM00936,INVALID_436_UNAUTHORIZED_REPAIR,CUS00936,PROD00936,Air Conditioner,NovaTech,NOV-AIR-0936,SN-2026-000936,24,Active,45,No,Water Leakage,Manufacturing Defect,Yes,Yes,Yes,Yes,Yes,Yes,Yes,Yes,Yes,1,No,No,,Yes,Yes,No,No,No,Yes,Yes,2,2279.46,898.83,0.968,Mobile App,Invalid Claim,686,0,8,1,0
CLM01215,MANUAL_215_UNCLEAR_REPAIR,CUS01215,PROD01215,Smartphone,Aster,AST-SMA-1215,SN-2026-001215,12,Active,183,No,Connectivity Issue,Manufacturing Defect,Yes,Yes,Yes,Yes,Yes,Yes,Yes,No,Yes,1,Unknown,No,,Yes,Yes,No,No,No,No,Yes,3,333.59,317.06,0.947,Web,Manual Review,182,1,8,1,0
CLM00216,VALID_216,CUS00216,PROD00216,Washing Machine,HomePro,HOM-WAS-0216,SN-2026-000216,12,Active,153,No,Noise,Electrical Failure,Yes,Yes,Yes,Yes,Yes,Yes,Yes,No,No,0,,No,,Yes,Yes,No,No,No,Yes,Yes,0,1711.24,0.0,0.956,Mobile App,Valid Claim,213,1,6,0,0
CLM00084,VALID_84,CUS00084,PROD00084,Refrigerator,PrimeView,PRI-REF-0084,SN-2026-000084,24,Active,153,No,Battery Problem,Manufacturing Defect,Yes,Yes,Yes,Yes,Yes,Yes,Yes,No,No,0,,No,,Yes,Yes,No,No,No,Yes,Yes,1,1658.89,0.0,0.939,Web,Valid Claim,577,1,8,0,0
CLM00897,INVALID_397_EXPIRED_WARRANTY,CUS00897,PROD00897,Laptop,PrimeView,PRI-LAP-0897,SN-2026-000897,36,Expired,-90,No,Mechanical Failure,Electrical Failure,Yes,Yes,Yes,Yes,Yes,Yes,Yes,Yes,No,0,,No,,Yes,Yes,No,No,No,Yes,Yes,0,2701.96,0.0,0.982,Web,Invalid Claim,1186,0,10,0,0
CLM00789,INVALID_289_EXPIRED_WARRANTY,CUS00789,PROD00789,Air Conditioner,HomePro,HOM-AIR-0789,SN-2026-000789,36,Expired,-90,No,Water Leakage,Manufacturing Defect,Yes,Yes,Yes,Yes,Yes,Yes,Yes,Yes,No,0,,No,,Yes,Yes,No,No,No,Yes,Yes,3,2793.99,0.0,0.961,Mobile App,Invalid Claim,1186,0,10,0,0
CLM00925,INVALID_425_REPORTING_PERIOD,CUS00925,PROD00925,Printer,PrimeView,PRI-PRI-0925,SN-2026-000925,12,Active,184,No,Water Leakage,Electrical Failure,Yes,No,Yes,Yes,No,No,Yes,Yes,Yes,3,Yes,No,,Yes,Yes,No,No,No,No,Yes,1,1009.23,1447.84,0.936,Web,Invalid Claim,181,2,60,1,0
CLM00432,VALID_432,CUS00432,PROD00432,Laptop,Aster,AST-LAP-0432,SN-2026-000432,36,Active,396,No,Power Failure,Electrical Failure,Yes,Yes,Yes,Yes,Yes,Yes,Yes,No,No,0,,No,,Yes,Yes,No,No,No,Yes,Yes,1,77.36,0.0,0.929,Service Center,Valid Claim,699,1,2,0,0
CLM00322,VALID_322,CUS00322,PROD00322,Refrigerator,PrimeView,PRI-REF-0322,SN-2026-000322,24,Active,212,No,Water Leakage,Manufacturing Defect,Yes,Yes,Yes,Yes,Yes,Yes,Yes,No,No,0,,No,,Yes,Yes,No,No,No,Yes,Yes,1,2777.5,0.0,0.958,Web,Valid Claim,519,1,8,0,0
CLM00804,INVALID_304_UNAUTHORIZED_REPAIR,CUS00804,PROD00804,Washing Machine,ZenCore,ZEN-WAS-0804,SN-2026-000804,24,Active,-165,No,Overheating,Electrical Failure,Yes,Yes,Yes,Yes,Yes,Yes,Yes,Yes,Yes,1,No,No,,Yes,Yes,No,No,No,Yes,Yes,1,1451.35,559.4,0.969,Service Center,Invalid Claim,895,0,22,1,0
CLM01079,MANUAL_79_MISSING_DOCUMENT,CUS01079,PROD01079,Laptop,ZenCore,ZEN-LAP-1079,SN-2026-001079,24,Active,365,No,Noise,Electrical Failure,Yes,Yes,Yes,Yes,Yes,No,No,No,No,0,,No,,Yes,Yes,No,No,No,No,Yes,0,2839.71,0.0,0.827,Web,Manual Review,365,3,1,0,0
CLM01164,MANUAL_164_CONTRADICTION,CUS01164,PROD01164,Smartphone,ZenCore,ZEN-SMA-1164,SN-2026-001164,24,Active,365,No,Battery Problem,Electrical Failure,Yes,Yes,Yes,No,Yes,Yes,No,Yes,No,0,,No,,Yes,No,No,No,Yes,No,Yes,3,1190.58,0.0,0.808,Email,Manual Review,366,2,3,0,0
CLM00005,VALID_05,CUS00005,PROD00005,Television,NovaTech,NOV-TEL-0005,SN-2026-000005,12,Active,275,Yes,Battery Problem,Manufacturing Defect,Yes,Yes,Yes,Yes,Yes,Yes,Yes,No,No,0,,No,,Yes,Yes,No,No,No,Yes,Yes,1,621.02,0.0,0.918,Service Center,Valid Claim,90,1,5,0,0
CLM01063,MANUAL_63_LOW_OCR_CONFIDENCE,CUS01063,PROD01063,Printer,ZenCore,ZEN-PRI-1063,SN-2026-001063,12,Active,181,No,Display Failure,Manufacturing Defect,Yes,Yes,Yes,Yes,No,Yes,Yes,No,Yes,1,Yes,No,,No,Yes,No,No,No,Yes,Yes,0,115.03,1289.86,0.593,Email,Manual Review,184,2,9,1,0
CLM01154,MANUAL_154_SERIAL_WARNING,CUS01154,PROD01154,Air Conditioner,NovaTech,NOV-AIR-1154,SN-2026-001154,24,Active,365,No,Water Leakage,Electrical Failure,Yes,Yes,Yes,Yes,Yes,Yes,Yes,No,No,0,,No,,Unknown,Yes,No,No,No,No,Yes,3,1785.83,0.0,0.934,Mobile App,Manual Review,366,1,5,0,0
CLM00195,VALID_195,CUS00195,PROD00195,Air Conditioner,ZenCore,ZEN-AIR-0195,SN-2026-000195,24,Active,516,Yes,Power Failure,Electrical Failure,Yes,Yes,Yes,Yes,Yes,Yes,Yes,No,No,0,,No,,Yes,Yes,No,No,No,Yes,Yes,1,65.6,0.0,0.954,Mobile App,Valid Claim,214,1,5,0,0
CLM01047,MANUAL_47_UNCLEAR_REPAIR,CUS01047,PROD01047,Printer,ZenCore,ZEN-PRI-1047,SN-2026-001047,12,Active,183,No,Battery Problem,Electrical Failure,Yes,Yes,Yes,Yes,Yes,Yes,Yes,Yes,Yes,1,Unknown,No,,Yes,Yes,No,No,No,No,Yes,3,1075.17,0.0,0.862,Email,Manual Review,183,0,9,1,0
CLM01498,MANUAL_498_INCOMPLETE_EVIDENCE,CUS01498,PROD01498,Television,Aster,AST-TEL-1498,SN-2026-001498,36,Active,550,No,Connectivity Issue,Manufacturing Defect,Yes,Yes,Yes,Yes,Yes,Yes,No,Yes,Yes,3,Yes,Yes,Yes,Yes,Yes,No,No,No,No,Yes,1,2966.32,935.52,0.929,Service Center,Manual Review,546,1,2,1,1
CLM01309,MANUAL_309_LOW_OCR_CONFIDENCE,CUS01309,PROD01309,Camera,Aster,AST-CAM-1309,SN-2026-001309,24,Active,365,No,Noise,Manufacturing Defect,Yes,Yes,Yes,Yes,Yes,No,Yes,Yes,No,0,,No,,Yes,Yes,No,No,No,Yes,Yes,0,1584.54,0.0,0.609,Web,Manual Review,365,1,6,0,0
CLM00180,VALID_180,CUS00180,PROD00180,Refrigerator,Aster,AST-REF-0180,SN-2026-000180,24,Active,123,No,Noise,Electrical Failure,Yes,Yes,Yes,Yes,Yes,Yes,Yes,Yes,Yes,2,Yes,No,,Yes,Yes,No,No,No,Yes,Yes,0,1779.71,279.26,0.975,Service Center,Valid Claim,607,0,13,1,0
CLM00757,INVALID_257_REPORTING_PERIOD,CUS00757,PROD00757,Refrigerator,ZenCore,ZEN-REF-0757,SN-2026-000757,36,Active,549,Yes,Battery Problem,Electrical Failure,Yes,No,Yes,Yes,Yes,Yes,Yes,Yes,No,0,,No,,Yes,Yes,No,No,No,Yes,Yes,0,927.22,0.0,0.844,Service Center,Invalid Claim,547,0,60,0,0
CLM01308,MANUAL_308_CONTRADICTION,CUS01308,PROD01308,Air Conditioner,Aster,AST-AIR-1308,SN-2026-001308,12,Active,184,No,Water Leakage,Manufacturing Defect,Yes,Yes,No,Yes,No,Yes,No,Yes,No,0,,No,,Yes,No,No,No,Yes,No,No,1,990.24,0.0,0.818,Email,Manual Review,182,3,10,0,0
CLM00191,VALID_191,CUS00191,PROD00191,Air Conditioner,PrimeView,PRI-AIR-0191,SN-2026-000191,24,Active,243,Yes,Water Leakage,Electrical Failure,Yes,Yes,Yes,Yes,Yes,Yes,Yes,No,No,0,,No,,Yes,Yes,No,No,No,Yes,Yes,1,1110.37,0.0,0.99,Mobile App,Valid Claim,488,1,8,0,0
CLM00260,VALID_260,CUS00260,PROD00260,Television,Aster,AST-TEL-0260,SN-2026-000260,36,Active,181,No,Water Leakage,Electrical Failure,Yes,Yes,Yes,Yes,Yes,Yes,Yes,No,No,0,,No,,Yes,Yes,No,No,No,Yes,Yes,0,1488.95,0.0,0.902,Email,Valid Claim,914,1,7,0,0
CLM01041,MANUAL_41_UNCLEAR_REPAIR,CUS01041,PROD01041,Laptop,ZenCore,ZEN-LAP-1041,SN-2026-001041,12,Active,182,No,Power Failure,Manufacturing Defect,Yes,Yes,Yes,Yes,Yes,Yes,No,Yes,Yes,2,Unknown,No,,Yes,Yes,No,No,No,No,Yes,0,1430.09,0.0,0.945,Email,Manual Review,184,1,10,1,0
CLM01298,MANUAL_298_SERIAL_WARNING,CUS01298,PROD01298,Refrigerator,Aster,AST-REF-1298,SN-2026-001298,24,Active,365,No,Battery Problem,Manufacturing Defect,Yes,Yes,Yes,Yes,Yes,Yes,Yes,Yes,Yes,2,Yes,No,,Unknown,Yes,No,No,No,No,Yes,3,1188.61,226.47,0.969,Email,Manual Review,365,0,9,1,0
CLM00424,VALID_424,CUS00424,PROD00424,Washing Machine,Aster,AST-WAS-0424,SN-2026-000424,12,Active,304,No,Water Leakage,Electrical Failure,Yes,Yes,Yes,Yes,Yes,Yes,Yes,No,No,0,,No,,Yes,Yes,No,No,No,Yes,Yes,1,2752.64,0.0,0.914,Mobile App,Valid Claim,61,1,2,0,0
CLM00758,INVALID_258_DUPLICATE_CLAIM,CUS00758,PROD00758,Television,NovaTech,NOV-TEL-0758,SN-2026-000758,36,Active,317,No,Power Failure,Electrical Failure,Yes,Yes,Yes,Yes,Yes,Yes,Yes,Yes,Yes,1,Yes,No,,Yes,Yes,Yes,Yes,No,Yes,Yes,1,629.55,331.22,0.97,Web,Invalid Claim,778,0,3,1,0
CLM00663,INVALID_163_EXPIRED_WARRANTY,CUS00663,PROD00663,Smartphone,NovaTech,NOV-SMA-0663,SN-2026-000663,24,Expired,-90,No,Overheating,Manufacturing Defect,Yes,Yes,Yes,Yes,Yes,Yes,Yes,No,No,0,,No,,Yes,Yes,No,No,No,Yes,Yes,0,1318.82,0.0,0.78,Email,Invalid Claim,821,1,10,0,0
CLM00429,VALID_429,CUS00429,PROD00429,Washing Machine,HomePro,HOM-WAS-0429,SN-2026-000429,12,Active,245,No,Connectivity Issue,Manufacturing Defect,Yes,Yes,Yes,Yes,Yes,Yes,Yes,No,No,0,,No,,Yes,Yes,No,No,No,Yes,Yes,1,2232.48,0.0,0.925,Mobile App,Valid Claim,120,1,9,0,0
CLM01306,MANUAL_306_INCOMPLETE_EVIDENCE,CUS01306,PROD01306,Washing Machine,HomePro,HOM-WAS-1306,SN-2026-001306,36,Active,546,No,Battery Problem,Manufacturing Defect,Yes,Yes,Yes,Yes,Yes,Yes,No,Yes,No,0,,No,,Yes,Yes,No,No,No,No,Yes,2,2630.31,0.0,0.889,Web,Manual Review,549,1,4,0,0
CLM00771,INVALID_271_EXPIRED_WARRANTY,CUS00771,PROD00771,Laptop,PrimeView,PRI-LAP-0771,SN-2026-000771,24,Expired,-90,Yes,Display Failure,Electrical Failure,Yes,Yes,Yes,Yes,Yes,Yes,Yes,Yes,No,0,,No,,Yes,Yes,No,No,No,Yes,Yes,3,2623.27,0.0,0.949,Mobile App,Invalid Claim,820,0,10,0,0
CLM01318,MANUAL_318_INCOMPLETE_EVIDENCE,CUS01318,PROD01318,Smartphone,Aster,AST-SMA-1318,SN-2026-001318,36,Active,549,No,Connectivity Issue,Electrical Failure,Yes,Yes,Yes,Yes,Yes,Yes,No,No,No,0,,No,,Yes,Yes,No,No,No,No,Yes,2,693.3,0.0,0.87,Web,Manual Review,546,2,9,0,0
CLM00717,INVALID_217_EXPIRED_WARRANTY,CUS00717,PROD00717,Smartphone,ZenCore,ZEN-SMA-0717,SN-2026-000717,24,Expired,-90,Yes,Water Leakage,Electrical Failure,Yes,Yes,Yes,Yes,Yes,Yes,Yes,Yes,No,0,,No,,Yes,Yes,No,No,No,Yes,Yes,1,886.12,0.0,0.985,Email,Invalid Claim,821,0,10,0,0
CLM01396,MANUAL_396_INCOMPLETE_EVIDENCE,CUS01396,PROD01396,Washing Machine,HomePro,HOM-WAS-1396,SN-2026-001396,36,Active,547,No,Connectivity Issue,Electrical Failure,Yes,Yes,Yes,Yes,Yes,Yes,No,Yes,No,0,,No,,Yes,Yes,No,No,No,No,Yes,3,2574.05,0.0,0.937,Service Center,Manual Review,549,1,9,0,0
CLM00848,INVALID_348_DUPLICATE_CLAIM,CUS00848,PROD00848,Television,NovaTech,NOV-TEL-0848,SN-2026-000848,12,Active,320,No,Display Failure,Electrical Failure,Yes,Yes,Yes,Yes,Yes,Yes,Yes,No,No,0,,No,,Yes,No,Yes,Yes,No,Yes,Yes,1,1056.31,0.0,0.845,Service Center,Invalid Claim,46,1,10,0,0
CLM01381,MANUAL_381_LOW_OCR_CONFIDENCE,CUS01381,PROD01381,Air Conditioner,Aster,AST-AIR-1381,SN-2026-001381,36,Active,549,No,Battery Problem,Electrical Failure,Yes,Yes,Yes,Yes,Yes,Yes,Yes,Yes,No,0,,No,,Yes,Yes,No,No,No,Yes,Yes,3,745.16,0.0,0.535,Email,Manual Review,547,0,12,0,0
CLM00730,INVALID_230_EXCLUDED_DAMAGE,CUS00730,PROD00730,Refrigerator,HomePro,HOM-REF-0730,SN-2026-000730,36,Active,546,No,Mechanical Failure,Normal Wear,No,Yes,Yes,No,Yes,Yes,Yes,Yes,No,0,,No,,Yes,Yes,No,No,No,No,Yes,3,2367.24,0.0,0.934,Service Center,Invalid Claim,550,1,5,0,0
CLM00013,VALID_13,CUS00013,PROD00013,Smartphone,HomePro,HOM-SMA-0013,SN-2026-000013,12,Active,121,Yes,Noise,Manufacturing Defect,Yes,Yes,Yes,Yes,Yes,Yes,Yes,No,No,0,,No,,Yes,Yes,No,No,No,Yes,Yes,0,192.4,0.0,0.984,Mobile App,Valid Claim,245,1,13,0,0
CLM01195,MANUAL_195_LOW_OCR_CONFIDENCE,CUS01195,PROD01195,Television,Aster,AST-TEL-1195,SN-2026-001195,36,Active,550,No,Noise,Electrical Failure,Yes,Yes,Yes,Yes,Yes,Yes,No,No,No,0,,No,,Yes,Yes,No,No,No,Yes,Yes,3,808.56,0.0,0.485,Service Center,Manual Review,546,2,10,0,0
CLM01102,MANUAL_102_INCOMPLETE_EVIDENCE,CUS01102,PROD01102,Smartphone,PrimeView,PRI-SMA-1102,SN-2026-001102,36,Active,546,No,Battery Problem,Manufacturing Defect,Yes,Yes,Yes,Yes,Yes,Yes,No,No,No,0,,No,,Yes,Yes,No,No,No,No,Yes,1,2621.12,0.0,0.845,Email,Manual Review,550,2,3,0,0
CLM00523,INVALID_23_REPORTING_PERIOD,CUS00523,PROD00523,Laptop,PrimeView,PRI-LAP-0523,SN-2026-000523,24,Active,365,No,Water Leakage,Manufacturing Defect,Yes,No,Yes,Yes,Yes,Yes,No,Yes,No,0,,No,,Yes,Yes,No,No,No,No,Yes,2,1412.38,0.0,0.851,Web,Invalid Claim,365,1,60,0,0
CLM00397,VALID_397,CUS00397,PROD00397,Smartphone,HomePro,HOM-SMA-0397,SN-2026-000397,24,Active,151,No,Display Failure,Manufacturing Defect,Yes,Yes,Yes,Yes,Yes,Yes,Yes,No,No,0,,No,,Yes,Yes,No,No,No,Yes,Yes,0,1201.71,0.0,0.949,Email,Valid Claim,579,1,5,0,0
CLM00390,VALID_390,CUS00390,PROD00390,Television,PrimeView,PRI-TEL-0390,SN-2026-000390,12,Active,273,No,Mechanical Failure,Manufacturing Defect,Yes,Yes,Yes,Yes,Yes,Yes,Yes,No,No,0,,No,,Yes,Yes,No,No,No,Yes,Yes,0,948.41,0.0,0.93,Service Center,Valid Claim,92,1,14,0,0
CLM00278,VALID_278,CUS00278,PROD00278,Smartphone,PrimeView,PRI-SMA-0278,SN-2026-000278,24,Active,90,No,Power Failure,Electrical Failure,Yes,Yes,Yes,Yes,Yes,Yes,Yes,No,No,0,,No,,Yes,Yes,No,No,No,Yes,Yes,1,1414.87,0.0,0.906,Web,Valid Claim,640,1,11,0,0
CLM01349,MANUAL_349_MISSING_DOCUMENT,CUS01349,PROD01349,Smartphone,Aster,AST-SMA-1349,SN-2026-001349,36,Active,547,No,Display Failure,Manufacturing Defect,Yes,Yes,Yes,No,Yes,Yes,No,No,No,0,,No,,Yes,Yes,No,No,No,No,Yes,1,2908.88,0.0,0.899,Web,Manual Review,549,3,6,0,0
CLM00911,INVALID_411_SERIAL_MISMATCH,CUS00911,PROD00911,Television,Aster,AST-TEL-0911,SN-2026-000911,12,Active,-72,No,Mechanical Failure,Manufacturing Defect,Yes,Yes,Yes,Yes,No,Yes,No,No,Yes,3,Yes,No,,No,Yes,Yes,No,No,No,Yes,3,170.63,1393.01,0.923,Mobile App,Invalid Claim,438,3,16,1,0
CLM01128,MANUAL_128_CONTRADICTION,CUS01128,PROD01128,Refrigerator,NovaTech,NOV-REF-1128,SN-2026-001128,12,Active,184,No,Battery Problem,Electrical Failure,Yes,Yes,Yes,Yes,Yes,Yes,Yes,Yes,No,0,,No,,Yes,No,No,No,Yes,Yes,Yes,2,2353.13,0.0,0.756,Web,Manual Review,181,0,4,0,0
CLM00303,VALID_303,CUS00303,PROD00303,Washing Machine,PrimeView,PRI-WAS-0303,SN-2026-000303,12,Active,60,No,Display Failure,Electrical Failure,Yes,Yes,Yes,Yes,Yes,Yes,Yes,No,No,0,,No,,Yes,Yes,No,No,No,Yes,Yes,1,1288.86,0.0,0.903,Email,Valid Claim,306,1,9,0,0
CLM00763,INVALID_263_REPORTING_PERIOD,CUS00763,PROD00763,Television,ZenCore,ZEN-TEL-0763,SN-2026-000763,24,Active,365,No,Battery Problem,Manufacturing Defect,Yes,No,Yes,Yes,No,Yes,Yes,Yes,No,0,,No,,Yes,Yes,No,No,No,No,Yes,2,2763.82,0.0,0.939,Mobile App,Invalid Claim,366,1,60,0,0
CLM00993,INVALID_493_EXPIRED_WARRANTY,CUS00993,PROD00993,Refrigerator,Aster,AST-REF-0993,SN-2026-000993,12,Expired,-90,No,Water Leakage,Manufacturing Defect,Yes,Yes,Yes,Yes,Yes,Yes,Yes,No,No,0,,No,,Yes,Yes,Yes,No,No,Yes,Yes,0,1676.58,0.0,0.841,Email,Invalid Claim,455,1,10,0,0
CLM00336,VALID_336,CUS00336,PROD00336,Smartphone,ZenCore,ZEN-SMA-0336,SN-2026-000336,12,Active,243,No,Display Failure,Manufacturing Defect,Yes,Yes,Yes,Yes,Yes,Yes,Yes,No,No,0,,No,,Yes,Yes,No,No,No,Yes,Yes,0,1773.03,0.0,0.903,Email,Valid Claim,122,1,1,0,0
CLM01479,MANUAL_479_UNCLEAR_REPAIR,CUS01479,PROD01479,Washing Machine,Aster,AST-WAS-1479,SN-2026-001479,36,Active,549,No,Display Failure,Manufacturing Defect,Yes,Yes,Yes,Yes,Yes,Yes,Yes,Yes,Yes,1,Unknown,No,,Yes,Yes,No,No,No,No,Yes,2,1793.25,0.0,0.954,Email,Manual Review,547,0,14,1,0
CLM00776,INVALID_276_DUPLICATE_CLAIM,CUS00776,PROD00776,Smartphone,HomePro,HOM-SMA-0776,SN-2026-000776,24,Active,323,Yes,Power Failure,Electrical Failure,Yes,Yes,Yes,Yes,Yes,Yes,Yes,Yes,No,0,,No,,Yes,Yes,Yes,Yes,No,Yes,Yes,3,2284.34,0.0,0.87,Service Center,Invalid Claim,407,0,26,0,0
CLM00863,INVALID_363_SERIAL_MISMATCH,CUS00863,PROD00863,Television,HomePro,HOM-TEL-0863,SN-2026-000863,36,Active,339,No,Display Failure,Manufacturing Defect,Yes,Yes,Yes,No,Yes,Yes,Yes,Yes,No,0,,No,,No,Yes,No,No,No,No,Yes,2,1007.59,0.0,0.927,Service Center,Invalid Claim,757,1,1,0,0
CLM00912,INVALID_412_UNAUTHORIZED_REPAIR,CUS00912,PROD00912,Laptop,PrimeView,PRI-LAP-0912,SN-2026-000912,24,Active,398,No,Power Failure,Manufacturing Defect,Yes,Yes,Yes,Yes,Yes,Yes,No,Yes,Yes,1,No,No,,Yes,Yes,No,No,No,No,Yes,2,338.35,556.41,0.925,Mobile App,Invalid Claim,332,1,13,1,0
CLM01117,MANUAL_117_LOW_OCR_CONFIDENCE,CUS01117,PROD01117,Printer,PrimeView,PRI-PRI-1117,SN-2026-001117,12,Active,181,No,Battery Problem,Electrical Failure,Yes,Yes,Yes,Yes,Yes,Yes,Yes,Yes,Yes,3,Yes,No,,Yes,Yes,No,No,No,Yes,Yes,0,875.36,136.92,0.537,Mobile App,Manual Review,184,0,12,1,0
CLM01184,MANUAL_184_SERIAL_WARNING,CUS01184,PROD01184,Laptop,NovaTech,NOV-LAP-1184,SN-2026-001184,36,Active,546,No,Water Leakage,Manufacturing Defect,Yes,Yes,Yes,No,Yes,Yes,Yes,Yes,No,0,,No,,Unknown,Yes,No,No,No,No,Yes,2,630.85,0.0,0.918,Email,Manual Review,550,1,11,0,0
CLM00857,INVALID_357_SERIAL_MISMATCH,CUS00857,PROD00857,Smartphone,HomePro,HOM-SMA-0857,SN-2026-000857,36,Active,688,No,Battery Problem,Electrical Failure,Yes,Yes,No,No,Yes,Yes,Yes,Yes,No,0,,No,,No,Yes,No,No,No,No,No,1,2529.64,0.0,0.855,Mobile App,Invalid Claim,408,2,28,0,0
CLM00129,VALID_129,CUS00129,PROD00129,Air Conditioner,PrimeView,PRI-AIR-0129,SN-2026-000129,24,Active,516,No,Water Leakage,Manufacturing Defect,Yes,Yes,Yes,Yes,Yes,Yes,Yes,No,No,0,,No,,Yes,Yes,No,No,No,Yes,Yes,1,2561.02,0.0,0.927,Email,Valid Claim,215,1,11,0,0
CLM00779,INVALID_279_SERIAL_MISMATCH,CUS00779,PROD00779,Washing Machine,HomePro,HOM-WAS-0779,SN-2026-000779,12,Active,-117,No,Noise,Electrical Failure,Yes,Yes,Yes,Yes,Yes,Yes,No,Yes,No,0,,No,,No,Yes,No,Yes,No,No,Yes,3,512.84,0.0,0.971,Service Center,Invalid Claim,482,1,20,0,0
CLM01020,MANUAL_20_CONTRADICTION,CUS01020,PROD01020,Washing Machine,HomePro,HOM-WAS-1020,SN-2026-001020,12,Active,182,No,Overheating,Electrical Failure,Yes,Yes,Yes,No,Yes,Yes,Yes,Yes,No,0,,No,,Yes,No,No,No,Yes,No,Yes,3,381.46,0.0,0.907,Mobile App,Manual Review,184,1,10,0,0
CLM00995,INVALID_495_SERIAL_MISMATCH,CUS00995,PROD00995,Printer,PrimeView,PRI-PRI-0995,SN-2026-000995,24,Active,265,No,Overheating,Manufacturing Defect,Yes,Yes,No,Yes,Yes,Yes,Yes,No,No,0,,No,,No,Yes,No,No,No,No,No,0,296.15,0.0,0.851,Email,Invalid Claim,465,2,13,0,0
CLM00713,INVALID_213_SERIAL_MISMATCH,CUS00713,PROD00713,Smartphone,HomePro,HOM-SMA-0713,SN-2026-000713,12,Active,-518,No,Connectivity Issue,Electrical Failure,Yes,Yes,Yes,Yes,Yes,No,Yes,Yes,Yes,2,Yes,No,,No,No,No,No,No,No,Yes,1,2490.99,639.26,0.912,Web,Invalid Claim,883,1,16,1,0
CLM00120,VALID_120,CUS00120,PROD00120,Refrigerator,ZenCore,ZEN-REF-0120,SN-2026-000120,36,Active,516,No,Noise,Electrical Failure,Yes,Yes,Yes,Yes,Yes,Yes,Yes,No,No,0,,No,,Yes,Yes,No,No,No,Yes,Yes,0,2259.66,0.0,0.911,Web,Valid Claim,579,1,10,0,0
CLM00870,INVALID_370_UNAUTHORIZED_REPAIR,CUS00870,PROD00870,Printer,ZenCore,ZEN-PRI-0870,SN-2026-000870,36,Active,453,No,Battery Problem,Electrical Failure,Yes,Yes,Yes,Yes,Yes,Yes,Yes,Yes,Yes,2,No,No,,Yes,Yes,No,No,No,Yes,Yes,2,2295.07,270.41,0.785,Mobile App,Invalid Claim,643,0,20,1,0
CLM00782,INVALID_282_DUPLICATE_CLAIM,CUS00782,PROD00782,Camera,Aster,AST-CAM-0782,SN-2026-000782,12,Active,-45,No,Overheating,Electrical Failure,Yes,Yes,No,No,Yes,Yes,Yes,Yes,Yes,2,No,No,,Yes,Yes,Yes,Yes,No,No,No,2,1092.43,278.58,0.941,Email,Invalid Claim,411,2,3,1,0
CLM00982,INVALID_482_EXCLUDED_DAMAGE,CUS00982,PROD00982,Smartphone,ZenCore,ZEN-SMA-0982,SN-2026-000982,36,Active,547,No,Display Failure,Water Damage,No,Yes,Yes,Yes,Yes,Yes,No,Yes,No,0,,No,,Yes,Yes,No,No,No,No,Yes,3,2337.19,0.0,0.797,Web,Invalid Claim,549,1,5,0,0
CLM01404,MANUAL_404_CONTRADICTION,CUS01404,PROD01404,Printer,PrimeView,PRI-PRI-1404,SN-2026-001404,12,Active,182,No,Connectivity Issue,Electrical Failure,Yes,Yes,No,Yes,Yes,Yes,Yes,Yes,Yes,3,Yes,No,,Yes,No,No,No,Yes,No,No,3,1494.15,53.48,0.905,Mobile App,Manual Review,184,1,3,1,0
CLM01499,MANUAL_499_MISSING_DOCUMENT,CUS01499,PROD01499,Air Conditioner,NovaTech,NOV-AIR-1499,SN-2026-001499,24,Active,365,No,Overheating,Manufacturing Defect,Yes,Yes,Yes,No,Yes,Yes,Yes,No,No,0,,No,,Yes,Yes,Yes,No,No,No,Yes,3,2237.3,0.0,0.801,Service Center,Manual Review,365,2,1,0,0
CLM01403,MANUAL_403_MISSING_DOCUMENT,CUS01403,PROD01403,Printer,Aster,AST-PRI-1403,SN-2026-001403,24,Active,365,Yes,Water Leakage,Manufacturing Defect,Yes,Yes,Yes,No,Yes,No,No,No,Yes,2,Yes,No,,Yes,Yes,No,No,No,No,Yes,2,327.54,679.1,0.869,Email,Manual Review,366,4,10,1,0
CLM00590,INVALID_90_DUPLICATE_CLAIM,CUS00590,PROD00590,Air Conditioner,NovaTech,NOV-AIR-0590,SN-2026-000590,12,Active,-292,No,Overheating,Electrical Failure,Yes,Yes,Yes,Yes,Yes,Yes,No,Yes,No,0,,No,,Yes,Yes,Yes,Yes,No,No,Yes,3,425.02,0.0,0.966,Mobile App,Invalid Claim,658,1,27,0,0
CLM00818,INVALID_318_DUPLICATE_CLAIM,CUS00818,PROD00818,Washing Machine,ZenCore,ZEN-WAS-0818,SN-2026-000818,24,Active,622,Yes,Battery Problem,Electrical Failure,Yes,Yes,No,No,Yes,Yes,Yes,No,No,0,,No,,Yes,Yes,Yes,Yes,Yes,No,No,3,2501.38,0.0,0.911,Service Center,Invalid Claim,108,3,26,0,0
CLM01375,MANUAL_375_LOW_OCR_CONFIDENCE,CUS01375,PROD01375,Printer,HomePro,HOM-PRI-1375,SN-2026-001375,12,Active,182,No,Mechanical Failure,Electrical Failure,Yes,Yes,Yes,No,No,Yes,No,Yes,No,0,,No,,Yes,Yes,No,No,Yes,Yes,Yes,1,2358.05,0.0,0.455,Service Center,Manual Review,183,3,7,0,0
CLM01231,MANUAL_231_LOW_OCR_CONFIDENCE,CUS01231,PROD01231,Camera,NovaTech,NOV-CAM-1231,SN-2026-001231,24,Active,365,No,Connectivity Issue,Electrical Failure,Yes,Yes,Yes,Yes,Yes,Yes,Yes,Yes,No,0,,No,,Yes,Yes,No,No,No,Yes,Yes,3,2149.69,0.0,0.501,Service Center,Manual Review,365,0,13,0,0
CLM01230,MANUAL_230_CONTRADICTION,CUS01230,PROD01230,Washing Machine,PrimeView,PRI-WAS-1230,SN-2026-001230,36,Active,547,No,Battery Problem,Electrical Failure,Yes,Yes,Yes,Yes,No,No,Yes,Yes,Yes,2,Yes,No,,Yes,No,No,No,Yes,No,Yes,0,971.67,1151.69,0.822,Email,Manual Review,549,2,1,1,0
CLM01478,MANUAL_478_SERIAL_WARNING,CUS01478,PROD01478,Refrigerator,PrimeView,PRI-REF-1478,SN-2026-001478,12,Active,184,No,Noise,Electrical Failure,Yes,Yes,Yes,Yes,Yes,Yes,Yes,Yes,No,0,,No,,Unknown,Yes,No,No,No,No,Yes,0,510.07,0.0,0.847,Mobile App,Manual Review,181,0,12,0,0
CLM00496,VALID_496,CUS00496,PROD00496,Smartphone,HomePro,HOM-SMA-0496,SN-2026-000496,36,Active,151,Yes,Battery Problem,Electrical Failure,Yes,Yes,Yes,Yes,Yes,Yes,Yes,No,No,0,,No,,Yes,Yes,No,No,No,Yes,Yes,1,1012.53,0.0,0.965,Mobile App,Valid Claim,945,1,11,0,0
CLM01386,MANUAL_386_CONTRADICTION,CUS01386,PROD01386,Smartphone,HomePro,HOM-SMA-1386,SN-2026-001386,24,Active,365,No,Mechanical Failure,Manufacturing Defect,Yes,Yes,Yes,No,Yes,Yes,No,Yes,No,0,,No,,Yes,No,No,No,Yes,No,Yes,3,1200.2,0.0,0.899,Mobile App,Manual Review,365,2,2,0,0
CLM01412,MANUAL_412_SERIAL_WARNING,CUS01412,PROD01412,Air Conditioner,Aster,AST-AIR-1412,SN-2026-001412,24,Active,365,No,Overheating,Manufacturing Defect,Yes,Yes,Yes,Yes,Yes,Yes,Yes,Yes,No,0,,No,,Unknown,Yes,No,No,No,No,Yes,0,367.38,0.0,0.945,Service Center,Manual Review,365,0,10,0,0
CLM01032,MANUAL_32_CONTRADICTION,CUS01032,PROD01032,Printer,PrimeView,PRI-PRI-1032,SN-2026-001032,36,Active,546,No,Mechanical Failure,Manufacturing Defect,Yes,Yes,Yes,Yes,Yes,Yes,Yes,Yes,No,0,,No,,Yes,No,No,No,Yes,Yes,Yes,0,932.41,0.0,0.968,Email,Manual Review,549,0,11,0,0
CLM01356,MANUAL_356_CONTRADICTION,CUS01356,PROD01356,Smartphone,NovaTech,NOV-SMA-1356,SN-2026-001356,12,Active,182,No,Water Leakage,Manufacturing Defect,Yes,Yes,Yes,Yes,Yes,Yes,Yes,Yes,No,0,,No,,Yes,No,No,No,Yes,Yes,Yes,0,1749.2,0.0,0.836,Email,Manual Review,184,0,10,0,0
CLM00867,INVALID_367_EXPIRED_WARRANTY,CUS00867,PROD00867,Printer,HomePro,HOM-PRI-0867,SN-2026-000867,24,Expired,-90,No,Mechanical Failure,Manufacturing Defect,Yes,Yes,Yes,Yes,Yes,Yes,Yes,Yes,No,0,,No,,Yes,Yes,No,No,No,Yes,Yes,3,373.86,0.0,0.845,Email,Invalid Claim,821,0,10,0,0
CLM00300,VALID_300,CUS00300,PROD00300,Television,NovaTech,NOV-TEL-0300,SN-2026-000300,12,Active,151,No,Display Failure,Electrical Failure,Yes,Yes,Yes,Yes,Yes,Yes,Yes,No,No,0,,No,,Yes,Yes,No,No,No,Yes,Yes,1,2905.49,0.0,0.99,Web,Valid Claim,214,1,9,0,0
CLM01476,MANUAL_476_CONTRADICTION,CUS01476,PROD01476,Camera,ZenCore,ZEN-CAM-1476,SN-2026-001476,24,Active,365,No,Battery Problem,Electrical Failure,Yes,Yes,Yes,No,Yes,Yes,Yes,No,No,0,,No,,Yes,No,No,No,Yes,No,Yes,0,1214.33,0.0,0.753,Mobile App,Manual Review,366,2,7,0,0
CLM01012,MANUAL_12_INCOMPLETE_EVIDENCE,CUS01012,PROD01012,Refrigerator,PrimeView,PRI-REF-1012,SN-2026-001012,12,Active,181,No,Overheating,Manufacturing Defect,Yes,Yes,Yes,No,Yes,Yes,No,Yes,No,0,,No,,Yes,Yes,No,No,No,No,Yes,1,1015.68,0.0,0.899,Mobile App,Manual Review,184,2,9,0,0
CLM00868,INVALID_368_EXCLUDED_DAMAGE,CUS00868,PROD00868,Air Conditioner,Aster,AST-AIR-0868,SN-2026-000868,12,Active,182,Yes,Mechanical Failure,Normal Wear,No,Yes,Yes,Yes,No,Yes,Yes,Yes,No,0,,Yes,Yes,Yes,Yes,No,No,No,No,Yes,2,2585.93,0.0,0.859,Email,Invalid Claim,184,1,5,0,1
CLM01461,MANUAL_461_UNCLEAR_REPAIR,CUS01461,PROD01461,Laptop,Aster,AST-LAP-1461,SN-2026-001461,12,Active,181,No,Mechanical Failure,Manufacturing Defect,Yes,Yes,Yes,Yes,Yes,Yes,Yes,Yes,Yes,1,Unknown,No,,Yes,Yes,No,No,No,No,Yes,3,1664.23,0.0,0.789,Email,Manual Review,184,0,1,1,0
CLM00821,INVALID_321_SERIAL_MISMATCH,CUS00821,PROD00821,Camera,NovaTech,NOV-CAM-0821,SN-2026-000821,24,Active,503,No,Water Leakage,Manufacturing Defect,Yes,Yes,Yes,No,Yes,Yes,Yes,No,Yes,1,Yes,No,,No,Yes,No,No,No,No,Yes,2,926.16,1149.63,0.784,Email,Invalid Claim,228,2,20,1,0
CLM00257,VALID_257,CUS00257,PROD00257,Refrigerator,HomePro,HOM-REF-0257,SN-2026-000257,12,Active,273,No,Water Leakage,Manufacturing Defect,Yes,Yes,Yes,Yes,Yes,Yes,Yes,No,No,0,,No,,Yes,Yes,No,No,No,Yes,Yes,0,971.25,0.0,0.969,Service Center,Valid Claim,92,1,14,0,0
CLM00586,INVALID_86_EXCLUDED_DAMAGE,CUS00586,PROD00586,Refrigerator,ZenCore,ZEN-REF-0586,SN-2026-000586,12,Active,183,Yes,Battery Problem,Normal Wear,No,Yes,Yes,Yes,Yes,Yes,Yes,No,No,0,,Yes,Yes,Yes,Yes,No,No,No,Yes,Yes,3,259.51,0.0,0.848,Web,Invalid Claim,183,1,5,0,1
CLM01209,MANUAL_209_UNCLEAR_REPAIR,CUS01209,PROD01209,Laptop,HomePro,HOM-LAP-1209,SN-2026-001209,24,Active,365,No,Connectivity Issue,Manufacturing Defect,Yes,Yes,Yes,Yes,Yes,Yes,Yes,Yes,Yes,1,Unknown,No,,Yes,Yes,No,No,No,No,Yes,3,701.7,190.34,0.901,Mobile App,Manual Review,366,0,12,1,0
CLM00232,VALID_232,CUS00232,PROD00232,Refrigerator,HomePro,HOM-REF-0232,SN-2026-000232,36,Active,212,No,Water Leakage,Manufacturing Defect,Yes,Yes,Yes,Yes,Yes,Yes,Yes,No,No,0,,No,,Yes,Yes,No,No,No,Yes,Yes,0,1624.38,0.0,0.955,Mobile App,Valid Claim,884,1,1,0,0
CLM01355,MANUAL_355_MISSING_DOCUMENT,CUS01355,PROD01355,Smartphone,ZenCore,ZEN-SMA-1355,SN-2026-001355,24,Active,365,No,Display Failure,Manufacturing Defect,Yes,Yes,Yes,Yes,Yes,Yes,No,No,No,0,,No,,Yes,Yes,No,No,No,No,Yes,1,1926.6,0.0,0.751,Mobile App,Manual Review,365,2,11,0,0
CLM00516,INVALID_16_UNAUTHORIZED_REPAIR,CUS00516,PROD00516,Refrigerator,ZenCore,ZEN-REF-0516,SN-2026-000516,24,Active,399,No,Mechanical Failure,Manufacturing Defect,Yes,Yes,Yes,Yes,Yes,Yes,Yes,Yes,Yes,1,No,Yes,Yes,Yes,Yes,No,No,No,Yes,Yes,3,1462.21,1168.29,0.773,Mobile App,Invalid Claim,332,0,4,1,1
CLM00279,VALID_279,CUS00279,PROD00279,Television,HomePro,HOM-TEL-0279,SN-2026-000279,36,Active,882,No,Mechanical Failure,Manufacturing Defect,Yes,Yes,Yes,Yes,Yes,Yes,Yes,No,No,0,,No,,Yes,Yes,No,No,No,Yes,Yes,1,1623.65,0.0,0.969,Mobile App,Valid Claim,214,1,7,0,0
CLM00910,INVALID_410_EXCLUDED_DAMAGE,CUS00910,PROD00910,Camera,Aster,AST-CAM-0910,SN-2026-000910,12,Active,181,No,Power Failure,Water Damage,No,Yes,Yes,No,Yes,Yes,Yes,Yes,No,0,,No,,Yes,No,No,No,No,No,Yes,3,1692.84,0.0,0.811,Service Center,Invalid Claim,184,1,5,0,0
CLM00016,VALID_16,CUS00016,PROD00016,Laptop,HomePro,HOM-LAP-0016,SN-2026-000016,36,Active,396,No,Overheating,Manufacturing Defect,Yes,Yes,Yes,Yes,Yes,Yes,Yes,No,No,0,,No,,Yes,Yes,No,No,No,Yes,Yes,1,244.52,0.0,0.981,Email,Valid Claim,700,1,11,0,0
CLM00712,INVALID_212_EXCLUDED_DAMAGE,CUS00712,PROD00712,Television,ZenCore,ZEN-TEL-0712,SN-2026-000712,36,Active,549,No,Battery Problem,Physical Damage,No,Yes,Yes,No,No,Yes,Yes,Yes,No,0,,No,,Yes,Yes,No,No,No,No,Yes,0,2578.12,0.0,0.785,Service Center,Invalid Claim,547,2,5,0,0
CLM01219,MANUAL_219_LOW_OCR_CONFIDENCE,CUS01219,PROD01219,Washing Machine,NovaTech,NOV-WAS-1219,SN-2026-001219,24,Active,365,No,Connectivity Issue,Manufacturing Defect,Yes,Yes,Yes,Yes,No,Yes,Yes,No,No,0,,No,,Yes,Yes,No,No,No,Yes,Yes,0,449.27,0.0,0.684,Web,Manual Review,365,2,6,0,0
CLM01000,INVALID_500_EXCLUDED_DAMAGE,CUS01000,PROD01000,Smartphone,NovaTech,NOV-SMA-1000,SN-2026-001000,36,Active,547,No,Power Failure,Normal Wear,No,Yes,No,No,Yes,Yes,Yes,No,No,0,,No,,Yes,Yes,Yes,No,No,No,No,3,2470.66,0.0,0.933,Web,Invalid Claim,549,3,5,0,0
CLM00703,INVALID_203_REPORTING_PERIOD,CUS00703,PROD00703,Camera,ZenCore,ZEN-CAM-0703,SN-2026-000703,12,Active,182,No,Connectivity Issue,Manufacturing Defect,Yes,No,No,Yes,Yes,Yes,No,Yes,No,0,,No,,Yes,Yes,Yes,No,No,No,No,2,872.85,0.0,0.889,Web,Invalid Claim,183,2,60,0,0
CLM00536,INVALID_36_DUPLICATE_CLAIM,CUS00536,PROD00536,Camera,HomePro,HOM-CAM-0536,SN-2026-000536,24,Active,-92,No,Noise,Electrical Failure,Yes,Yes,Yes,Yes,Yes,Yes,Yes,No,No,0,,Yes,Yes,Yes,Yes,Yes,Yes,Yes,Yes,Yes,3,2351.93,0.0,0.882,Email,Invalid Claim,822,1,21,0,1
CLM00533,INVALID_33_SERIAL_MISMATCH,CUS00533,PROD00533,Television,Aster,AST-TEL-0533,SN-2026-000533,12,Active,-366,Yes,Power Failure,Electrical Failure,Yes,Yes,Yes,Yes,No,Yes,No,Yes,No,0,,No,,No,Yes,No,No,No,No,Yes,1,592.86,0.0,0.821,Service Center,Invalid Claim,732,2,15,0,0
CLM00949,INVALID_449_REPORTING_PERIOD,CUS00949,PROD00949,Laptop,HomePro,HOM-LAP-0949,SN-2026-000949,24,Active,365,No,Power Failure,Manufacturing Defect,Yes,No,Yes,No,Yes,Yes,Yes,Yes,No,0,,No,,Yes,Yes,No,No,No,No,Yes,1,236.65,0.0,0.938,Web,Invalid Claim,365,1,60,0,0
CLM01107,MANUAL_107_UNCLEAR_REPAIR,CUS01107,PROD01107,Laptop,ZenCore,ZEN-LAP-1107,SN-2026-001107,36,Active,548,Yes,Connectivity Issue,Manufacturing Defect,Yes,Yes,Yes,Yes,No,Yes,Yes,Yes,Yes,1,Unknown,No,,Yes,Yes,No,No,No,No,Yes,2,2335.35,1208.1,0.926,Mobile App,Manual Review,548,1,9,1,0
CLM00395,VALID_395,CUS00395,PROD00395,Laptop,PrimeView,PRI-LAP-0395,SN-2026-000395,12,Active,92,No,Power Failure,Electrical Failure,Yes,Yes,Yes,Yes,Yes,Yes,Yes,No,No,0,,No,,Yes,Yes,No,No,No,Yes,Yes,1,1184.93,0.0,0.938,Mobile App,Valid Claim,273,1,11,0,0
CLM00079,VALID_79,CUS00079,PROD00079,Washing Machine,Aster,AST-WAS-0079,SN-2026-000079,12,Active,245,No,Display Failure,Manufacturing Defect,Yes,Yes,Yes,Yes,Yes,Yes,Yes,No,No,0,,No,,Yes,Yes,No,No,No,Yes,Yes,0,1689.98,0.0,0.974,Service Center,Valid Claim,120,1,9,0,0
CLM00933,INVALID_433_EXPIRED_WARRANTY,CUS00933,PROD00933,Air Conditioner,ZenCore,ZEN-AIR-0933,SN-2026-000933,24,Expired,-90,No,Noise,Electrical Failure,Yes,Yes,Yes,Yes,No,No,Yes,No,No,0,,No,,Yes,Yes,No,No,No,No,Yes,1,1209.49,0.0,0.877,Mobile App,Invalid Claim,820,3,10,0,0
CLM00088,VALID_88,CUS00088,PROD00088,Refrigerator,HomePro,HOM-REF-0088,SN-2026-000088,12,Active,306,No,Noise,Electrical Failure,Yes,Yes,Yes,Yes,Yes,Yes,Yes,No,No,0,,No,,Yes,Yes,No,No,No,Yes,Yes,0,1641.4,0.0,0.944,Service Center,Valid Claim,59,1,4,0,0
CLM01090,MANUAL_90_INCOMPLETE_EVIDENCE,CUS01090,PROD01090,Refrigerator,Aster,AST-REF-1090,SN-2026-001090,36,Active,548,Yes,Power Failure,Manufacturing Defect,Yes,Yes,Yes,Yes,Yes,Yes,No,Yes,No,0,,No,,Yes,Yes,No,No,No,No,Yes,1,1582.65,0.0,0.954,Mobile App,Manual Review,548,1,13,0,0
CLM00607,INVALID_107_REPORTING_PERIOD,CUS00607,PROD00607,Smartphone,Aster,AST-SMA-0607,SN-2026-000607,12,Active,184,No,Water Leakage,Manufacturing Defect,Yes,No,Yes,Yes,Yes,Yes,Yes,Yes,Yes,3,Yes,No,,Yes,Yes,No,No,No,Yes,Yes,2,1824.98,577.11,0.918,Service Center,Invalid Claim,181,0,60,1,0
CLM01493,MANUAL_493_MISSING_DOCUMENT,CUS01493,PROD01493,Printer,NovaTech,NOV-PRI-1493,SN-2026-001493,24,Active,365,No,Mechanical Failure,Manufacturing Defect,Yes,Yes,Yes,Yes,Yes,No,Yes,No,No,0,,No,,Yes,Yes,No,No,No,No,Yes,2,530.86,0.0,0.829,Web,Manual Review,365,2,3,0,0
CLM00187,VALID_187,CUS00187,PROD00187,Washing Machine,HomePro,HOM-WAS-0187,SN-2026-000187,12,Active,243,No,Connectivity Issue,Electrical Failure,Yes,Yes,Yes,Yes,Yes,Yes,Yes,No,No,0,,No,,Yes,Yes,No,No,No,Yes,Yes,1,879.79,0.0,0.902,Web,Valid Claim,122,1,1,0,0
CLM01410,MANUAL_410_CONTRADICTION,CUS01410,PROD01410,Camera,NovaTech,NOV-CAM-1410,SN-2026-001410,12,Active,181,No,Mechanical Failure,Manufacturing Defect,Yes,Yes,Yes,Yes,Yes,Yes,Yes,Yes,Yes,2,Yes,No,,Yes,No,No,No,Yes,Yes,Yes,0,268.04,308.14,0.835,Mobile App,Manual Review,184,0,6,1,0
CLM01121,MANUAL_121_MISSING_DOCUMENT,CUS01121,PROD01121,Printer,HomePro,HOM-PRI-1121,SN-2026-001121,36,Active,547,Yes,Water Leakage,Manufacturing Defect,Yes,Yes,Yes,Yes,Yes,No,Yes,No,No,0,,Yes,Yes,Yes,Yes,No,No,No,No,Yes,0,2479.72,0.0,0.776,Service Center,Manual Review,549,2,9,0,1
CLM01199,MANUAL_199_MISSING_DOCUMENT,CUS01199,PROD01199,Washing Machine,Aster,AST-WAS-1199,SN-2026-001199,24,Active,365,No,Mechanical Failure,Manufacturing Defect,Yes,Yes,Yes,No,Yes,No,No,No,No,0,,No,,Yes,Yes,No,No,No,No,Yes,3,1363.56,0.0,0.909,Web,Manual Review,365,4,7,0,0
CLM00585,INVALID_85_EXPIRED_WARRANTY,CUS00585,PROD00585,Printer,PrimeView,PRI-PRI-0585,SN-2026-000585,12,Expired,-90,Yes,Battery Problem,Manufacturing Defect,Yes,Yes,Yes,Yes,Yes,Yes,Yes,Yes,No,0,,No,,Yes,Yes,No,No,No,Yes,Yes,2,674.28,0.0,0.833,Mobile App,Invalid Claim,456,0,10,0,0
CLM01295,MANUAL_295_MISSING_DOCUMENT,CUS01295,PROD01295,Laptop,NovaTech,NOV-LAP-1295,SN-2026-001295,24,Active,365,No,Display Failure,Electrical Failure,Yes,Yes,Yes,Yes,Yes,Yes,Yes,No,No,0,,No,,No,Yes,No,No,No,No,Yes,0,841.36,0.0,0.838,Email,Manual Review,365,1,6,0,0
CLM00557,INVALID_57_SERIAL_MISMATCH,CUS00557,PROD00557,Camera,Aster,AST-CAM-0557,SN-2026-000557,24,Active,699,No,Water Leakage,Manufacturing Defect,Yes,Yes,Yes,Yes,Yes,Yes,No,Yes,No,0,,No,,No,Yes,No,No,No,No,Yes,0,423.9,0.0,0.9,Mobile App,Invalid Claim,31,1,17,0,0
CLM00932,INVALID_432_DUPLICATE_CLAIM,CUS00932,PROD00932,Air Conditioner,ZenCore,ZEN-AIR-0932,SN-2026-000932,12,Active,-378,No,Water Leakage,Manufacturing Defect,Yes,Yes,Yes,Yes,Yes,Yes,Yes,No,No,0,,No,,Yes,Yes,Yes,Yes,No,Yes,Yes,1,777.72,0.0,0.915,Service Center,Invalid Claim,744,1,23,0,0
CLM01248,MANUAL_248_CONTRADICTION,CUS01248,PROD01248,Air Conditioner,PrimeView,PRI-AIR-1248,SN-2026-001248,24,Active,366,No,Water Leakage,Electrical Failure,Yes,Yes,Yes,No,Yes,Yes,Yes,No,No,0,,No,,Yes,No,Yes,No,Yes,No,Yes,3,1256.87,0.0,0.842,Email,Manual Review,365,2,6,0,0
CLM00337,VALID_337,CUS00337,PROD00337,Smartphone,HomePro,HOM-SMA-0337,SN-2026-000337,24,Active,426,Yes,Battery Problem,Manufacturing Defect,Yes,Yes,Yes,Yes,Yes,Yes,Yes,No,No,0,,No,,Yes,Yes,No,No,No,Yes,Yes,0,503.22,0.0,0.91,Web,Valid Claim,304,1,9,0,0
CLM00828,INVALID_328_UNAUTHORIZED_REPAIR,CUS00828,PROD00828,Printer,NovaTech,NOV-PRI-0828,SN-2026-000828,24,Active,148,No,Display Failure,Manufacturing Defect,Yes,Yes,Yes,No,Yes,Yes,Yes,Yes,Yes,2,No,No,,Yes,Yes,No,No,No,No,Yes,0,2479.72,943.96,0.93,Service Center,Invalid Claim,583,1,23,1,0
CLM00205,VALID_205,CUS00205,PROD00205,Smartphone,Aster,AST-SMA-0205,SN-2026-000205,36,Active,642,No,Power Failure,Manufacturing Defect,Yes,Yes,Yes,Yes,Yes,Yes,Yes,No,No,0,,No,,Yes,Yes,No,No,No,Yes,Yes,0,1148.44,0.0,0.958,Service Center,Valid Claim,454,1,3,0,0
CLM00252,VALID_252,CUS00252,PROD00252,Camera,ZenCore,ZEN-CAM-0252,SN-2026-000252,36,Active,120,No,Water Leakage,Electrical Failure,Yes,Yes,Yes,Yes,Yes,Yes,Yes,No,No,0,,No,,Yes,Yes,No,No,No,Yes,Yes,0,2234.35,0.0,0.918,Service Center,Valid Claim,976,1,14,0,0
CLM00965,INVALID_465_SERIAL_MISMATCH,CUS00965,PROD00965,Air Conditioner,NovaTech,NOV-AIR-0965,SN-2026-000965,12,Active,267,No,Mechanical Failure,Manufacturing Defect,Yes,Yes,Yes,No,Yes,Yes,Yes,Yes,No,0,,No,,No,Yes,No,No,No,No,Yes,0,2114.8,0.0,0.866,Web,Invalid Claim,99,1,29,0,0
CLM00575,INVALID_75_SERIAL_MISMATCH,CUS00575,PROD00575,Refrigerator,Aster,AST-REF-0575,SN-2026-000575,24,Active,-164,No,Display Failure,Electrical Failure,Yes,Yes,Yes,Yes,Yes,Yes,Yes,No,Yes,3,Yes,Yes,Yes,No,Yes,No,No,No,Yes,Yes,1,283.77,1254.25,0.922,Web,Invalid Claim,894,1,27,1,1
CLM00488,VALID_488,CUS00488,PROD00488,Air Conditioner,Aster,AST-AIR-0488,SN-2026-000488,12,Active,243,Yes,Mechanical Failure,Manufacturing Defect,Yes,Yes,Yes,Yes,Yes,Yes,Yes,No,No,0,,No,,Yes,Yes,No,No,No,Yes,Yes,0,885.9,0.0,0.943,Mobile App,Valid Claim,122,1,5,0,0
CLM01332,MANUAL_332_CONTRADICTION,CUS01332,PROD01332,Refrigerator,NovaTech,NOV-REF-1332,SN-2026-001332,24,Active,365,No,Water Leakage,Electrical Failure,Yes,Yes,No,Yes,No,Yes,No,Yes,Yes,1,Yes,No,,Yes,No,No,No,Yes,No,No,0,1740.48,704.63,0.761,Web,Manual Review,365,3,10,1,0
CLM01218,MANUAL_218_CONTRADICTION,CUS01218,PROD01218,Air Conditioner,PrimeView,PRI-AIR-1218,SN-2026-001218,36,Active,549,No,Overheating,Electrical Failure,Yes,Yes,Yes,Yes,Yes,Yes,No,Yes,No,0,,No,,Yes,No,No,No,Yes,No,Yes,3,1492.75,0.0,0.935,Email,Manual Review,547,1,13,0,0
CLM00296,VALID_296,CUS00296,PROD00296,Washing Machine,ZenCore,ZEN-WAS-0296,SN-2026-000296,24,Active,457,No,Noise,Electrical Failure,Yes,Yes,Yes,Yes,Yes,Yes,Yes,No,No,0,,No,,Yes,Yes,No,No,No,Yes,Yes,1,576.81,0.0,0.97,Web,Valid Claim,273,1,1,0,0
CLM00189,VALID_189,CUS00189,PROD00189,Refrigerator,ZenCore,ZEN-REF-0189,SN-2026-000189,36,Active,213,No,Noise,Manufacturing Defect,Yes,Yes,Yes,Yes,Yes,Yes,Yes,No,No,0,,No,,Yes,Yes,No,No,No,Yes,Yes,0,1224.13,0.0,0.985,Web,Valid Claim,883,1,6,0,0
CLM00983,INVALID_483_SERIAL_MISMATCH,CUS00983,PROD00983,Printer,NovaTech,NOV-PRI-0983,SN-2026-000983,36,Active,647,No,Battery Problem,Electrical Failure,Yes,Yes,Yes,Yes,Yes,Yes,Yes,Yes,No,0,,No,,No,Yes,No,No,No,Yes,Yes,0,134.85,0.0,0.98,Service Center,Invalid Claim,449,0,12,0,0
CLM00146,VALID_146,CUS00146,PROD00146,Refrigerator,Aster,AST-REF-0146,SN-2026-000146,36,Active,974,No,Battery Problem,Electrical Failure,Yes,Yes,Yes,Yes,Yes,Yes,Yes,No,No,0,,No,,Yes,Yes,No,No,No,Yes,Yes,0,2610.81,0.0,0.914,Service Center,Valid Claim,122,1,11,0,0
CLM01096,MANUAL_96_INCOMPLETE_EVIDENCE,CUS01096,PROD01096,Air Conditioner,PrimeView,PRI-AIR-1096,SN-2026-001096,36,Active,546,No,Battery Problem,Electrical Failure,Yes,Yes,Yes,Yes,Yes,Yes,No,Yes,No,0,,No,,Yes,Yes,No,No,No,No,Yes,0,2152.02,0.0,0.89,Service Center,Manual Review,549,1,3,0,0
CLM00054,VALID_54,CUS00054,PROD00054,Air Conditioner,PrimeView,PRI-AIR-0054,SN-2026-000054,12,Active,153,No,Water Leakage,Manufacturing Defect,Yes,Yes,Yes,Yes,Yes,Yes,Yes,No,No,0,,No,,Yes,Yes,No,No,No,Yes,Yes,0,1068.92,0.0,0.954,Web,Valid Claim,212,1,1,0,0
CLM00660,INVALID_160_UNAUTHORIZED_REPAIR,CUS00660,PROD00660,Printer,Aster,AST-PRI-0660,SN-2026-000660,12,Active,137,No,Connectivity Issue,Electrical Failure,Yes,Yes,Yes,Yes,No,Yes,Yes,Yes,Yes,2,No,No,,Yes,Yes,No,No,No,No,Yes,0,2946.03,705.01,0.974,Service Center,Invalid Claim,228,1,7,1,0
CLM00357,VALID_357,CUS00357,PROD00357,Air Conditioner,HomePro,HOM-AIR-0357,SN-2026-000357,36,Active,457,No,Overheating,Electrical Failure,Yes,Yes,Yes,Yes,Yes,Yes,Yes,No,No,0,,No,,Yes,Yes,No,No,No,Yes,Yes,0,796.0,0.0,0.924,Mobile App,Valid Claim,639,1,11,0,0
CLM00197,VALID_197,CUS00197,PROD00197,Washing Machine,HomePro,HOM-WAS-0197,SN-2026-000197,36,Active,457,No,Mechanical Failure,Electrical Failure,Yes,Yes,Yes,Yes,Yes,Yes,Yes,No,No,0,,No,,Yes,Yes,No,No,No,Yes,Yes,0,2991.0,0.0,0.909,Service Center,Valid Claim,638,1,3,0,0
CLM00532,INVALID_32_EXCLUDED_DAMAGE,CUS00532,PROD00532,Refrigerator,NovaTech,NOV-REF-0532,SN-2026-000532,24,Active,365,No,Display Failure,Water Damage,No,Yes,Yes,No,Yes,Yes,Yes,Yes,No,0,,No,,Yes,Yes,No,No,No,No,Yes,3,2414.84,0.0,0.928,Email,Invalid Claim,366,1,5,0,0
CLM00975,INVALID_475_EXPIRED_WARRANTY,CUS00975,PROD00975,Smartphone,HomePro,HOM-SMA-0975,SN-2026-000975,24,Expired,-90,Yes,Overheating,Electrical Failure,Yes,Yes,Yes,Yes,Yes,Yes,Yes,Yes,No,0,,No,,Yes,Yes,No,No,No,Yes,Yes,0,730.82,0.0,0.918,Web,Invalid Claim,821,0,10,0,0
CLM00073,VALID_73,CUS00073,PROD00073,Printer,NovaTech,NOV-PRI-0073,SN-2026-000073,12,Active,120,No,Connectivity Issue,Manufacturing Defect,Yes,Yes,Yes,Yes,Yes,Yes,Yes,No,No,0,,No,,Yes,Yes,No,No,No,Yes,Yes,0,2168.02,0.0,0.977,Email,Valid Claim,245,1,8,0,0
CLM01441,MANUAL_441_LOW_OCR_CONFIDENCE,CUS01441,PROD01441,Refrigerator,ZenCore,ZEN-REF-1441,SN-2026-001441,12,Active,183,No,Noise,Electrical Failure,Yes,Yes,Yes,Yes,Yes,Yes,Yes,No,No,0,,No,,Yes,Yes,No,No,No,Yes,Yes,1,1649.48,0.0,0.559,Email,Manual Review,182,1,2,0,0
CLM01366,MANUAL_366_INCOMPLETE_EVIDENCE,CUS01366,PROD01366,Refrigerator,HomePro,HOM-REF-1366,SN-2026-001366,36,Active,549,No,Connectivity Issue,Electrical Failure,Yes,Yes,Yes,No,Yes,Yes,No,Yes,No,0,,No,,Yes,Yes,No,No,No,No,Yes,3,52.34,0.0,0.821,Email,Manual Review,546,2,12,0,0
CLM00947,INVALID_447_SERIAL_MISMATCH,CUS00947,PROD00947,Television,PrimeView,PRI-TEL-0947,SN-2026-000947,36,Active,1066,No,Overheating,Manufacturing Defect,Yes,Yes,Yes,Yes,Yes,Yes,Yes,Yes,Yes,2,No,No,,No,Yes,No,No,No,Yes,Yes,3,2956.46,555.44,0.81,Mobile App,Invalid Claim,30,0,19,1,0
CLM01178,MANUAL_178_SERIAL_WARNING,CUS01178,PROD01178,Printer,ZenCore,ZEN-PRI-1178,SN-2026-001178,24,Active,365,No,Mechanical Failure,Electrical Failure,Yes,Yes,No,Yes,Yes,Yes,Yes,Yes,No,0,,No,,Unknown,Yes,No,No,No,No,No,1,2778.35,0.0,0.827,Service Center,Manual Review,365,1,9,0,0
CLM00032,VALID_32,CUS00032,PROD00032,Camera,HomePro,HOM-CAM-0032,SN-2026-000032,24,Active,426,Yes,Mechanical Failure,Electrical Failure,Yes,Yes,Yes,Yes,Yes,Yes,Yes,No,No,0,,No,,Yes,Yes,No,No,No,Yes,Yes,0,2223.96,0.0,0.954,Mobile App,Valid Claim,304,1,2,0,0
CLM00942,INVALID_442_UNAUTHORIZED_REPAIR,CUS00942,PROD00942,Television,HomePro,HOM-TEL-0942,SN-2026-000942,36,Active,994,No,Mechanical Failure,Electrical Failure,Yes,Yes,Yes,Yes,Yes,Yes,Yes,Yes,Yes,2,No,No,,Yes,Yes,No,No,No,Yes,Yes,1,1186.87,510.61,0.789,Mobile App,Invalid Claim,102,0,15,1,0
CLM01388,MANUAL_388_SERIAL_WARNING,CUS01388,PROD01388,Printer,NovaTech,NOV-PRI-1388,SN-2026-001388,24,Active,365,No,Noise,Manufacturing Defect,Yes,Yes,Yes,No,Yes,Yes,Yes,Yes,No,0,,No,,Unknown,Yes,No,No,No,No,Yes,2,1456.39,0.0,0.918,Web,Manual Review,365,1,7,0,0
CLM00551,INVALID_51_SERIAL_MISMATCH,CUS00551,PROD00551,Printer,ZenCore,ZEN-PRI-0551,SN-2026-000551,24,Active,51,No,Overheating,Manufacturing Defect,Yes,Yes,Yes,Yes,Yes,Yes,No,No,No,0,,No,,No,Yes,No,No,No,No,Yes,3,1043.71,0.0,0.953,Email,Invalid Claim,679,2,9,0,0
CLM00749,INVALID_249_SERIAL_MISMATCH,CUS00749,PROD00749,Camera,PrimeView,PRI-CAM-0749,SN-2026-000749,12,Active,154,No,Power Failure,Manufacturing Defect,Yes,Yes,Yes,Yes,Yes,Yes,Yes,Yes,No,0,,No,,No,Yes,No,No,No,Yes,Yes,0,218.24,0.0,0.836,Email,Invalid Claim,212,0,25,0,0
CLM01285,MANUAL_285_LOW_OCR_CONFIDENCE,CUS01285,PROD01285,Television,Aster,AST-TEL-1285,SN-2026-001285,12,Active,184,No,Overheating,Electrical Failure,Yes,Yes,Yes,Yes,Yes,Yes,Yes,Yes,No,0,,No,,Yes,Yes,No,No,No,Yes,Yes,3,61.21,0.0,0.487,Service Center,Manual Review,181,0,6,0,0
CLM00685,INVALID_185_REPORTING_PERIOD,CUS00685,PROD00685,Printer,ZenCore,ZEN-PRI-0685,SN-2026-000685,36,Active,547,No,Battery Problem,Electrical Failure,Yes,No,Yes,No,No,No,No,Yes,No,0,,No,,Yes,Yes,No,No,No,No,Yes,2,2082.7,0.0,0.761,Mobile App,Invalid Claim,549,4,60,0,0
CLM00277,VALID_277,CUS00277,PROD00277,Camera,HomePro,HOM-CAM-0277,SN-2026-000277,36,Active,244,No,Overheating,Manufacturing Defect,Yes,Yes,Yes,Yes,Yes,Yes,Yes,No,No,0,,No,,Yes,Yes,No,No,No,Yes,Yes,1,2913.77,0.0,0.984,Email,Valid Claim,852,1,7,0,0
CLM00659,INVALID_159_SERIAL_MISMATCH,CUS00659,PROD00659,Camera,Aster,AST-CAM-0659,SN-2026-000659,36,Active,306,No,Noise,Electrical Failure,Yes,Yes,Yes,Yes,Yes,Yes,Yes,Yes,No,0,,No,,No,Yes,No,No,No,Yes,Yes,0,1332.03,0.0,0.86,Email,Invalid Claim,790,0,29,0,0
CLM01339,MANUAL_339_LOW_OCR_CONFIDENCE,CUS01339,PROD01339,Air Conditioner,HomePro,HOM-AIR-1339,SN-2026-001339,36,Active,547,Yes,Battery Problem,Manufacturing Defect,Yes,Yes,Yes,No,Yes,Yes,Yes,Yes,No,0,,No,,Yes,Yes,No,No,No,Yes,Yes,1,1164.15,0.0,0.629,Mobile App,Manual Review,549,1,12,0,0
CLM01251,MANUAL_251_UNCLEAR_REPAIR,CUS01251,PROD01251,Printer,HomePro,HOM-PRI-1251,SN-2026-001251,12,Active,184,No,Water Leakage,Manufacturing Defect,Yes,Yes,Yes,Yes,Yes,Yes,Yes,Yes,Yes,2,Unknown,Yes,Yes,Yes,Yes,No,No,No,No,Yes,1,1598.17,0.0,0.926,Email,Manual Review,181,0,3,1,1
CLM00650,INVALID_150_DUPLICATE_CLAIM,CUS00650,PROD00650,Laptop,ZenCore,ZEN-LAP-0650,SN-2026-000650,24,Active,-63,No,Connectivity Issue,Electrical Failure,Yes,Yes,Yes,Yes,Yes,Yes,Yes,Yes,No,0,,No,,Yes,Yes,Yes,Yes,No,Yes,Yes,2,1357.18,0.0,0.762,Service Center,Invalid Claim,793,0,2,0,0
CLM00103,VALID_103,CUS00103,PROD00103,Camera,HomePro,HOM-CAM-0103,SN-2026-000103,24,Active,92,No,Noise,Manufacturing Defect,Yes,Yes,Yes,Yes,Yes,Yes,Yes,Yes,Yes,1,Yes,No,,Yes,Yes,No,No,No,Yes,Yes,0,1315.82,997.04,0.923,Service Center,Valid Claim,638,0,5,1,0
CLM00553,INVALID_53_REPORTING_PERIOD,CUS00553,PROD00553,Smartphone,Aster,AST-SMA-0553,SN-2026-000553,24,Active,365,No,Display Failure,Manufacturing Defect,Yes,No,Yes,Yes,Yes,Yes,Yes,Yes,Yes,3,Yes,No,,Yes,Yes,No,No,No,Yes,Yes,3,2060.0,1116.06,0.974,Service Center,Invalid Claim,365,0,60,1,0
CLM00722,INVALID_222_DUPLICATE_CLAIM,CUS00722,PROD00722,Television,NovaTech,NOV-TEL-0722,SN-2026-000722,36,Active,877,No,Display Failure,Electrical Failure,Yes,Yes,Yes,Yes,No,Yes,Yes,Yes,No,0,,No,,Yes,Yes,Yes,Yes,No,No,Yes,3,171.55,0.0,0.859,Service Center,Invalid Claim,218,1,21,0,0
CLM00890,INVALID_390_DUPLICATE_CLAIM,CUS00890,PROD00890,Smartphone,NovaTech,NOV-SMA-0890,SN-2026-000890,36,Active,970,No,Display Failure,Electrical Failure,Yes,Yes,Yes,Yes,No,Yes,No,Yes,No,0,,No,,Yes,Yes,Yes,Yes,Yes,No,Yes,2,2713.14,0.0,0.896,Email,Invalid Claim,125,2,21,0,0
CLM00666,INVALID_166_UNAUTHORIZED_REPAIR,CUS00666,PROD00666,Television,NovaTech,NOV-TEL-0666,SN-2026-000666,36,Active,220,No,Connectivity Issue,Electrical Failure,Yes,Yes,Yes,Yes,Yes,Yes,Yes,Yes,Yes,1,No,No,,Yes,Yes,No,No,No,Yes,Yes,3,1709.67,191.73,0.812,Email,Invalid Claim,876,0,8,1,0
CLM01072,MANUAL_72_INCOMPLETE_EVIDENCE,CUS01072,PROD01072,Air Conditioner,ZenCore,ZEN-AIR-1072,SN-2026-001072,36,Active,548,No,Battery Problem,Electrical Failure,Yes,Yes,Yes,Yes,Yes,Yes,No,Yes,No,0,,No,,Yes,Yes,No,No,No,No,Yes,1,1435.62,0.0,0.893,Web,Manual Review,548,1,1,0,0
CLM00312,VALID_312,CUS00312,PROD00312,Television,HomePro,HOM-TEL-0312,SN-2026-000312,24,Active,60,No,Connectivity Issue,Manufacturing Defect,Yes,Yes,Yes,Yes,Yes,Yes,Yes,No,No,0,,No,,Yes,Yes,No,No,No,Yes,Yes,1,1074.54,0.0,0.937,Web,Valid Claim,671,1,3,0,0
CLM01213,MANUAL_213_LOW_OCR_CONFIDENCE,CUS01213,PROD01213,Air Conditioner,Aster,AST-AIR-1213,SN-2026-001213,12,Active,181,No,Display Failure,Manufacturing Defect,Yes,Yes,Yes,No,No,Yes,Yes,Yes,No,0,,No,,Yes,Yes,No,Yes,No,Yes,Yes,3,1204.28,0.0,0.555,Mobile App,Manual Review,184,2,2,0,0
CLM01323,MANUAL_323_UNCLEAR_REPAIR,CUS01323,PROD01323,Smartphone,ZenCore,ZEN-SMA-1323,SN-2026-001323,12,Active,181,No,Connectivity Issue,Manufacturing Defect,Yes,Yes,Yes,Yes,Yes,Yes,Yes,Yes,Yes,1,Unknown,Yes,No,Yes,Yes,No,No,No,No,Yes,0,1190.12,0.0,0.957,Email,Manual Review,184,0,6,1,1
CLM00515,INVALID_15_SERIAL_MISMATCH,CUS00515,PROD00515,Air Conditioner,PrimeView,PRI-AIR-0515,SN-2026-000515,24,Active,228,No,Noise,Electrical Failure,Yes,Yes,No,Yes,Yes,Yes,Yes,No,No,0,,No,,No,Yes,No,No,No,No,No,1,2252.58,0.0,0.76,Web,Invalid Claim,502,2,28,0,0
CLM00866,INVALID_366_DUPLICATE_CLAIM,CUS00866,PROD00866,Laptop,Aster,AST-LAP-0866,SN-2026-000866,12,Active,-420,No,Display Failure,Electrical Failure,Yes,Yes,Yes,Yes,Yes,Yes,Yes,Yes,No,0,,No,,Yes,Yes,Yes,Yes,No,Yes,Yes,3,1160.08,0.0,0.834,Web,Invalid Claim,785,0,2,0,0
CLM00272,VALID_272,CUS00272,PROD00272,Air Conditioner,HomePro,HOM-AIR-0272,SN-2026-000272,36,Active,731,No,Battery Problem,Manufacturing Defect,Yes,Yes,Yes,Yes,Yes,Yes,Yes,No,No,0,,No,,Yes,Yes,No,No,No,Yes,Yes,1,2752.95,0.0,0.967,Mobile App,Valid Claim,365,1,14,0,0
CLM01212,MANUAL_212_CONTRADICTION,CUS01212,PROD01212,Air Conditioner,PrimeView,PRI-AIR-1212,SN-2026-001212,24,Active,365,No,Display Failure,Electrical Failure,Yes,Yes,Yes,No,Yes,Yes,Yes,Yes,No,0,,No,,Yes,No,No,No,Yes,No,Yes,3,2385.96,0.0,0.968,Service Center,Manual Review,365,1,3,0,0
CLM01456,MANUAL_456_INCOMPLETE_EVIDENCE,CUS01456,PROD01456,Printer,NovaTech,NOV-PRI-1456,SN-2026-001456,12,Active,184,No,Mechanical Failure,Manufacturing Defect,Yes,Yes,Yes,Yes,Yes,Yes,No,Yes,Yes,1,Yes,No,,Yes,Yes,No,Yes,No,No,Yes,0,2682.64,140.06,0.866,Service Center,Manual Review,181,1,5,1,0
CLM01190,MANUAL_190_SERIAL_WARNING,CUS01190,PROD01190,Washing Machine,PrimeView,PRI-WAS-1190,SN-2026-001190,12,Active,184,No,Mechanical Failure,Manufacturing Defect,Yes,Yes,Yes,Yes,Yes,Yes,Yes,No,No,0,,No,,Unknown,Yes,No,No,No,No,Yes,2,374.01,0.0,0.827,Service Center,Manual Review,182,1,9,0,0
CLM01496,MANUAL_496_SERIAL_WARNING,CUS01496,PROD01496,Washing Machine,PrimeView,PRI-WAS-1496,SN-2026-001496,12,Active,184,No,Connectivity Issue,Manufacturing Defect,Yes,Yes,Yes,Yes,Yes,Yes,Yes,Yes,No,0,,No,,Unknown,Yes,No,No,No,No,Yes,3,2789.82,0.0,0.782,Service Center,Manual Review,182,0,8,0,0
CLM00546,INVALID_46_UNAUTHORIZED_REPAIR,CUS00546,PROD00546,Laptop,ZenCore,ZEN-LAP-0546,SN-2026-000546,24,Active,105,No,Overheating,Electrical Failure,Yes,Yes,Yes,No,Yes,Yes,No,Yes,Yes,1,No,No,,Yes,Yes,No,No,No,No,Yes,3,70.48,324.7,0.968,Service Center,Invalid Claim,625,2,1,1,0
CLM00822,INVALID_322_UNAUTHORIZED_REPAIR,CUS00822,PROD00822,Camera,PrimeView,PRI-CAM-0822,SN-2026-000822,36,Active,386,Yes,Power Failure,Manufacturing Defect,Yes,Yes,No,No,Yes,Yes,Yes,Yes,Yes,2,No,No,,Yes,No,No,No,No,No,No,3,463.5,324.57,0.812,Web,Invalid Claim,710,2,13,1,0
CLM00798,INVALID_298_UNAUTHORIZED_REPAIR,CUS00798,PROD00798,Washing Machine,Aster,AST-WAS-0798,SN-2026-000798,12,Active,-219,No,Display Failure,Electrical Failure,Yes,Yes,Yes,Yes,Yes,Yes,Yes,Yes,Yes,2,No,No,,Yes,Yes,No,No,No,Yes,Yes,2,1386.28,1155.05,0.862,Email,Invalid Claim,585,0,8,1,0
CLM01119,MANUAL_119_UNCLEAR_REPAIR,CUS01119,PROD01119,Air Conditioner,HomePro,HOM-AIR-1119,SN-2026-001119,24,Active,365,No,Power Failure,Manufacturing Defect,Yes,Yes,Yes,Yes,Yes,Yes,Yes,Yes,Yes,2,Unknown,No,,Yes,Yes,No,No,No,No,Yes,2,2551.66,0.0,0.765,Mobile App,Manual Review,365,0,11,1,0
CLM00153,VALID_153,CUS00153,PROD00153,Washing Machine,HomePro,HOM-WAS-0153,SN-2026-000153,24,Active,456,No,Connectivity Issue,Electrical Failure,Yes,Yes,Yes,Yes,Yes,Yes,Yes,No,No,0,,No,,Yes,Yes,No,No,No,Yes,Yes,0,2082.85,0.0,0.914,Email,Valid Claim,275,1,7,0,0
CLM01061,MANUAL_61_MISSING_DOCUMENT,CUS01061,PROD01061,Air Conditioner,NovaTech,NOV-AIR-1061,SN-2026-001061,36,Active,547,Yes,Display Failure,Electrical Failure,Yes,Yes,Yes,Yes,Yes,No,No,No,No,0,,No,,Yes,Yes,No,No,Yes,No,Yes,0,1977.63,0.0,0.77,Web,Manual Review,549,3,7,0,0
CLM00729,INVALID_229_EXPIRED_WARRANTY,CUS00729,PROD00729,Refrigerator,HomePro,HOM-REF-0729,SN-2026-000729,24,Expired,-90,No,Water Leakage,Manufacturing Defect,Yes,Yes,Yes,Yes,Yes,No,Yes,No,Yes,1,Yes,No,,Yes,Yes,No,No,No,No,Yes,1,419.42,1342.09,0.813,Web,Invalid Claim,821,2,10,1,0
CLM00825,INVALID_325_EXPIRED_WARRANTY,CUS00825,PROD00825,Television,Aster,AST-TEL-0825,SN-2026-000825,36,Expired,-90,No,Display Failure,Manufacturing Defect,Yes,Yes,Yes,No,Yes,Yes,Yes,No,No,0,,No,,Yes,Yes,No,No,No,No,Yes,1,1217.95,0.0,0.913,Web,Invalid Claim,1186,2,10,0,0
CLM01435,MANUAL_435_LOW_OCR_CONFIDENCE,CUS01435,PROD01435,Printer,ZenCore,ZEN-PRI-1435,SN-2026-001435,12,Active,181,No,Power Failure,Manufacturing Defect,Yes,Yes,Yes,Yes,Yes,Yes,Yes,Yes,No,0,,No,,No,Yes,No,No,No,Yes,Yes,3,1774.12,0.0,0.531,Email,Manual Review,184,0,4,0,0
CLM00888,INVALID_388_UNAUTHORIZED_REPAIR,CUS00888,PROD00888,Television,ZenCore,ZEN-TEL-0888,SN-2026-000888,36,Active,576,No,Power Failure,Electrical Failure,Yes,Yes,Yes,No,Yes,Yes,Yes,Yes,Yes,2,No,No,,Yes,Yes,No,No,No,No,Yes,3,2813.63,934.0,0.932,Email,Invalid Claim,519,1,20,1,0
CLM00715,INVALID_215_REPORTING_PERIOD,CUS00715,PROD00715,Laptop,NovaTech,NOV-LAP-0715,SN-2026-000715,12,Active,181,No,Connectivity Issue,Manufacturing Defect,Yes,No,No,Yes,Yes,Yes,No,Yes,No,0,,No,,Yes,Yes,No,No,No,No,No,1,466.84,0.0,0.804,Email,Invalid Claim,184,2,60,0,0
CLM00733,INVALID_233_REPORTING_PERIOD,CUS00733,PROD00733,Television,Aster,AST-TEL-0733,SN-2026-000733,24,Active,365,No,Noise,Electrical Failure,Yes,No,Yes,Yes,Yes,Yes,Yes,No,No,0,,No,,Yes,Yes,No,No,No,Yes,Yes,3,346.09,0.0,0.815,Mobile App,Invalid Claim,365,1,60,0,0
CLM00347,VALID_347,CUS00347,PROD00347,Air Conditioner,NovaTech,NOV-AIR-0347,SN-2026-000347,24,Active,365,Yes,Connectivity Issue,Manufacturing Defect,Yes,Yes,Yes,Yes,Yes,Yes,Yes,Yes,Yes,1,Yes,No,,Yes,Yes,No,No,No,Yes,Yes,0,2548.59,437.3,0.955,Email,Valid Claim,366,0,5,1,0
CLM00306,VALID_306,CUS00306,PROD00306,Air Conditioner,NovaTech,NOV-AIR-0306,SN-2026-000306,12,Active,304,No,Overheating,Electrical Failure,Yes,Yes,Yes,Yes,Yes,Yes,Yes,No,No,0,,No,,Yes,Yes,No,No,No,Yes,Yes,0,2252.5,0.0,0.966,Email,Valid Claim,61,1,14,0,0
CLM01426,MANUAL_426_INCOMPLETE_EVIDENCE,CUS01426,PROD01426,Television,HomePro,HOM-TEL-1426,SN-2026-001426,36,Active,547,No,Overheating,Electrical Failure,Yes,Yes,Yes,No,Yes,Yes,No,No,No,0,,No,,Yes,Yes,No,No,No,No,Yes,1,1918.38,0.0,0.929,Service Center,Manual Review,549,3,3,0,0
CLM00732,INVALID_232_UNAUTHORIZED_REPAIR,CUS00732,PROD00732,Washing Machine,NovaTech,NOV-WAS-0732,SN-2026-000732,36,Active,395,No,Power Failure,Electrical Failure,Yes,Yes,Yes,Yes,Yes,Yes,Yes,Yes,Yes,2,No,No,,Yes,No,No,No,Yes,Yes,Yes,0,989.8,346.55,0.809,Mobile App,Invalid Claim,700,0,29,1,0
CLM00174,VALID_174,CUS00174,PROD00174,Air Conditioner,Aster,AST-AIR-0174,SN-2026-000174,24,Active,518,No,Noise,Manufacturing Defect,Yes,Yes,Yes,Yes,Yes,Yes,Yes,Yes,Yes,2,Yes,No,,Yes,Yes,No,No,No,Yes,Yes,1,2475.52,910.89,0.917,Mobile App,Valid Claim,212,0,2,1,0
CLM01085,MANUAL_85_MISSING_DOCUMENT,CUS01085,PROD01085,Air Conditioner,Aster,AST-AIR-1085,SN-2026-001085,24,Active,365,Yes,Mechanical Failure,Manufacturing Defect,Yes,Yes,Yes,No,Yes,No,No,No,No,0,,No,,Yes,Yes,No,No,No,No,Yes,1,2541.07,0.0,0.767,Web,Manual Review,366,4,10,0,0
CLM00029,VALID_29,CUS00029,PROD00029,Smartphone,HomePro,HOM-SMA-0029,SN-2026-000029,36,Active,609,No,Water Leakage,Manufacturing Defect,Yes,Yes,Yes,Yes,Yes,Yes,Yes,No,No,0,,No,,Yes,Yes,No,No,No,Yes,Yes,1,1813.64,0.0,0.914,Email,Valid Claim,487,1,7,0,0
CLM01180,MANUAL_180_INCOMPLETE_EVIDENCE,CUS01180,PROD01180,Television,Aster,AST-TEL-1180,SN-2026-001180,36,Active,548,No,Mechanical Failure,Electrical Failure,Yes,Yes,Yes,No,Yes,Yes,No,No,No,0,,No,,Yes,Yes,No,No,No,No,Yes,0,851.99,0.0,0.755,Email,Manual Review,548,3,5,0,0
CLM01433,MANUAL_433_MISSING_DOCUMENT,CUS01433,PROD01433,Washing Machine,Aster,AST-WAS-1433,SN-2026-001433,36,Active,549,Yes,Mechanical Failure,Manufacturing Defect,Yes,Yes,Yes,Yes,Yes,Yes,No,No,No,0,,No,,Yes,Yes,No,No,No,No,Yes,3,117.04,0.0,0.754,Mobile App,Manual Review,546,2,6,0,0
CLM01058,MANUAL_58_SERIAL_WARNING,CUS01058,PROD01058,Refrigerator,ZenCore,ZEN-REF-1058,SN-2026-001058,24,Active,365,No,Display Failure,Electrical Failure,Yes,Yes,No,Yes,Yes,Yes,Yes,Yes,No,0,,No,,Unknown,Yes,No,No,No,No,No,2,977.06,0.0,0.813,Web,Manual Review,365,1,13,0,0
CLM00891,INVALID_391_EXPIRED_WARRANTY,CUS00891,PROD00891,Refrigerator,ZenCore,ZEN-REF-0891,SN-2026-000891,24,Expired,-90,No,Water Leakage,Electrical Failure,Yes,Yes,Yes,Yes,Yes,Yes,No,Yes,No,0,,No,,Yes,Yes,No,No,No,No,Yes,1,1736.33,0.0,0.758,Mobile App,Invalid Claim,820,1,10,0,0
CLM01390,MANUAL_390_INCOMPLETE_EVIDENCE,CUS01390,PROD01390,Printer,PrimeView,PRI-PRI-1390,SN-2026-001390,12,Active,181,No,Overheating,Electrical Failure,Yes,Yes,Yes,Yes,Yes,Yes,No,Yes,No,0,,No,,Yes,Yes,No,No,No,No,Yes,2,409.73,0.0,0.796,Email,Manual Review,184,1,14,0,0
CLM01387,MANUAL_387_LOW_OCR_CONFIDENCE,CUS01387,PROD01387,Washing Machine,NovaTech,NOV-WAS-1387,SN-2026-001387,24,Active,365,No,Overheating,Electrical Failure,Yes,Yes,Yes,No,Yes,Yes,Yes,Yes,No,0,,No,,Yes,Yes,No,No,No,Yes,Yes,3,427.81,0.0,0.536,Web,Manual Review,365,1,6,0,0
CLM00626,INVALID_126_DUPLICATE_CLAIM,CUS00626,PROD00626,Television,Aster,AST-TEL-0626,SN-2026-000626,24,Active,3,No,Display Failure,Electrical Failure,Yes,Yes,Yes,Yes,Yes,Yes,No,Yes,No,0,,No,,Yes,Yes,Yes,Yes,Yes,No,Yes,3,1164.72,0.0,0.858,Service Center,Invalid Claim,727,1,24,0,0
CLM00236,VALID_236,CUS00236,PROD00236,Smartphone,ZenCore,ZEN-SMA-0236,SN-2026-000236,36,Active,151,No,Overheating,Electrical Failure,Yes,Yes,Yes,Yes,Yes,Yes,Yes,No,No,0,,No,,Yes,Yes,No,No,No,Yes,Yes,0,827.64,0.0,0.95,Service Center,Valid Claim,945,1,4,0,0
CLM00148,VALID_148,CUS00148,PROD00148,Television,HomePro,HOM-TEL-0148,SN-2026-000148,24,Active,641,Yes,Water Leakage,Manufacturing Defect,Yes,Yes,Yes,Yes,Yes,Yes,Yes,No,No,0,,No,,Yes,Yes,No,No,No,Yes,Yes,0,795.02,0.0,0.989,Web,Valid Claim,90,1,13,0,0
CLM01262,MANUAL_262_SERIAL_WARNING,CUS01262,PROD01262,Refrigerator,HomePro,HOM-REF-1262,SN-2026-001262,24,Active,365,No,Connectivity Issue,Electrical Failure,Yes,Yes,Yes,Yes,No,Yes,Yes,Yes,No,0,,No,,Unknown,Yes,No,No,No,No,Yes,3,1039.55,0.0,0.96,Mobile App,Manual Review,366,1,12,0,0
CLM00451,VALID_451,CUS00451,PROD00451,Printer,PrimeView,PRI-PRI-0451,SN-2026-000451,36,Active,549,No,Noise,Electrical Failure,Yes,Yes,Yes,Yes,Yes,Yes,Yes,No,No,0,,No,,Yes,Yes,No,No,No,Yes,Yes,1,2386.41,0.0,0.942,Mobile App,Valid Claim,546,1,4,0,0
CLM00577,INVALID_77_REPORTING_PERIOD,CUS00577,PROD00577,Camera,HomePro,HOM-CAM-0577,SN-2026-000577,36,Active,549,No,Overheating,Manufacturing Defect,Yes,No,Yes,Yes,Yes,Yes,Yes,Yes,No,0,,No,,Yes,Yes,No,No,No,Yes,Yes,0,2168.43,0.0,0.971,Web,Invalid Claim,547,0,60,0,0
CLM00125,VALID_125,CUS00125,PROD00125,Smartphone,ZenCore,ZEN-SMA-0125,SN-2026-000125,24,Active,181,No,Water Leakage,Manufacturing Defect,Yes,Yes,Yes,Yes,Yes,Yes,Yes,No,No,0,,No,,Yes,Yes,No,No,No,Yes,Yes,1,2934.06,0.0,0.955,Service Center,Valid Claim,549,1,11,0,0
CLM01474,MANUAL_474_INCOMPLETE_EVIDENCE,CUS01474,PROD01474,Washing Machine,NovaTech,NOV-WAS-1474,SN-2026-001474,24,Active,365,No,Overheating,Electrical Failure,Yes,Yes,Yes,Yes,Yes,Yes,No,No,No,0,,Yes,No,Yes,Yes,No,No,No,No,Yes,1,2470.0,0.0,0.887,Service Center,Manual Review,365,2,7,0,1
CLM00814,INVALID_314_EXCLUDED_DAMAGE,CUS00814,PROD00814,Television,ZenCore,ZEN-TEL-0814,SN-2026-000814,36,Active,546,No,Overheating,Water Damage,No,Yes,Yes,Yes,Yes,Yes,Yes,Yes,No,0,,No,,Yes,Yes,No,No,No,Yes,Yes,0,2315.97,0.0,0.921,Email,Invalid Claim,549,0,5,0,0
CLM01171,MANUAL_171_LOW_OCR_CONFIDENCE,CUS01171,PROD01171,Printer,HomePro,HOM-PRI-1171,SN-2026-001171,24,Active,365,No,Battery Problem,Electrical Failure,Yes,Yes,Yes,Yes,Yes,Yes,Yes,No,No,0,,No,,Yes,Yes,No,No,No,Yes,Yes,2,2427.32,0.0,0.684,Service Center,Manual Review,366,1,6,0,0
CLM00970,INVALID_470_EXCLUDED_DAMAGE,CUS00970,PROD00970,Air Conditioner,NovaTech,NOV-AIR-0970,SN-2026-000970,36,Active,547,No,Display Failure,Water Damage,No,Yes,Yes,Yes,Yes,Yes,No,Yes,No,0,,Yes,No,No,Yes,No,No,No,No,Yes,2,1139.71,0.0,0.971,Mobile App,Invalid Claim,549,1,5,0,1
CLM00736,INVALID_236_EXCLUDED_DAMAGE,CUS00736,PROD00736,Camera,ZenCore,ZEN-CAM-0736,SN-2026-000736,36,Active,547,No,Mechanical Failure,Normal Wear,No,Yes,Yes,Yes,Yes,No,Yes,Yes,No,0,,No,,Yes,Yes,No,No,No,No,Yes,2,78.53,0.0,0.824,Web,Invalid Claim,548,1,5,0,0
CLM00325,VALID_325,CUS00325,PROD00325,Washing Machine,ZenCore,ZEN-WAS-0325,SN-2026-000325,24,Active,426,Yes,Noise,Electrical Failure,Yes,Yes,Yes,Yes,Yes,Yes,Yes,Yes,Yes,1,Yes,No,,Yes,Yes,No,No,No,Yes,Yes,0,813.17,818.04,0.963,Service Center,Valid Claim,304,0,9,1,0
CLM00928,INVALID_428_EXCLUDED_DAMAGE,CUS00928,PROD00928,Camera,HomePro,HOM-CAM-0928,SN-2026-000928,12,Active,183,No,Overheating,Accidental Damage,No,Yes,Yes,Yes,Yes,Yes,No,Yes,No,0,,Yes,No,Yes,Yes,No,No,No,No,Yes,2,2510.65,0.0,0.935,Mobile App,Invalid Claim,182,1,5,0,1
CLM00875,INVALID_375_SERIAL_MISMATCH,CUS00875,PROD00875,Television,HomePro,HOM-TEL-0875,SN-2026-000875,24,Active,459,No,Mechanical Failure,Electrical Failure,Yes,Yes,Yes,No,Yes,Yes,Yes,Yes,No,0,,No,,No,Yes,No,No,No,No,Yes,0,180.09,0.0,0.939,Service Center,Invalid Claim,271,1,23,0,0
CLM01183,MANUAL_183_LOW_OCR_CONFIDENCE,CUS01183,PROD01183,Camera,HomePro,HOM-CAM-1183,SN-2026-001183,36,Active,546,No,Display Failure,Electrical Failure,Yes,Yes,Yes,Yes,Yes,Yes,Yes,Yes,No,0,,No,,Yes,Yes,No,No,No,Yes,Yes,2,707.72,0.0,0.567,Email,Manual Review,550,0,2,0,0
CLM01166,MANUAL_166_SERIAL_WARNING,CUS01166,PROD01166,Printer,ZenCore,ZEN-PRI-1166,SN-2026-001166,24,Active,365,No,Connectivity Issue,Manufacturing Defect,Yes,Yes,Yes,Yes,Yes,Yes,Yes,Yes,No,0,,No,,Unknown,Yes,No,No,No,No,Yes,3,460.08,0.0,0.881,Service Center,Manual Review,365,0,7,0,0
CLM00604,INVALID_104_EXCLUDED_DAMAGE,CUS00604,PROD00604,Refrigerator,NovaTech,NOV-REF-0604,SN-2026-000604,36,Active,547,No,Mechanical Failure,Water Damage,No,Yes,Yes,Yes,Yes,Yes,Yes,Yes,No,0,,No,,Yes,Yes,No,No,No,Yes,Yes,1,1196.36,0.0,0.859,Web,Invalid Claim,548,0,5,0,0
CLM00904,INVALID_404_EXCLUDED_DAMAGE,CUS00904,PROD00904,Air Conditioner,PrimeView,PRI-AIR-0904,SN-2026-000904,36,Active,547,No,Connectivity Issue,Accidental Damage,No,Yes,Yes,No,No,Yes,No,Yes,No,0,,No,,Yes,Yes,No,Yes,No,No,Yes,3,1513.3,0.0,0.855,Mobile App,Invalid Claim,549,3,5,0,0
CLM00202,VALID_202,CUS00202,PROD00202,Refrigerator,Aster,AST-REF-0202,SN-2026-000202,36,Active,699,No,Power Failure,Manufacturing Defect,Yes,Yes,Yes,Yes,Yes,Yes,Yes,No,No,0,,No,,Yes,Yes,No,No,No,Yes,Yes,0,616.98,0.0,0.901,Mobile App,Valid Claim,396,1,1,0,0
CLM01055,MANUAL_55_MISSING_DOCUMENT,CUS01055,PROD01055,Printer,ZenCore,ZEN-PRI-1055,SN-2026-001055,36,Active,547,No,Connectivity Issue,Electrical Failure,Yes,Yes,Yes,Yes,Yes,No,No,No,No,0,,Yes,Yes,Yes,Yes,No,No,No,No,Yes,0,505.77,0.0,0.963,Email,Manual Review,549,3,9,0,1
CLM01165,MANUAL_165_LOW_OCR_CONFIDENCE,CUS01165,PROD01165,Washing Machine,PrimeView,PRI-WAS-1165,SN-2026-001165,24,Active,365,No,Connectivity Issue,Manufacturing Defect,Yes,Yes,Yes,No,No,Yes,Yes,Yes,No,0,,No,,Yes,Yes,No,No,No,Yes,Yes,3,1080.79,0.0,0.529,Email,Manual Review,365,2,2,0,0
CLM01444,MANUAL_444_INCOMPLETE_EVIDENCE,CUS01444,PROD01444,Printer,HomePro,HOM-PRI-1444,SN-2026-001444,12,Active,183,Yes,Power Failure,Manufacturing Defect,Yes,Yes,Yes,Yes,Yes,Yes,No,Yes,Yes,3,Yes,No,,Yes,Yes,No,No,No,No,Yes,1,193.0,934.32,0.894,Email,Manual Review,183,1,1,1,0
CLM00784,INVALID_284_EXCLUDED_DAMAGE,CUS00784,PROD00784,Refrigerator,Aster,AST-REF-0784,SN-2026-000784,24,Active,365,No,Power Failure,Physical Damage,No,Yes,Yes,Yes,Yes,Yes,Yes,Yes,No,0,,No,,Yes,Yes,No,No,No,Yes,Yes,0,1272.29,0.0,0.93,Mobile App,Invalid Claim,366,0,5,0,0
CLM00400,VALID_400,CUS00400,PROD00400,Television,PrimeView,PRI-TEL-0400,SN-2026-000400,12,Active,122,Yes,Battery Problem,Electrical Failure,Yes,Yes,Yes,Yes,Yes,Yes,Yes,Yes,Yes,2,Yes,No,,Yes,Yes,No,No,No,Yes,Yes,0,2550.67,510.16,0.935,Email,Valid Claim,243,0,6,1,0
CLM01077,MANUAL_77_UNCLEAR_REPAIR,CUS01077,PROD01077,Printer,ZenCore,ZEN-PRI-1077,SN-2026-001077,12,Active,181,No,Display Failure,Manufacturing Defect,Yes,Yes,Yes,Yes,Yes,Yes,Yes,Yes,Yes,2,Unknown,No,,Yes,Yes,No,No,Yes,No,Yes,1,1395.4,0.0,0.836,Web,Manual Review,184,0,7,1,0
CLM00160,VALID_160,CUS00160,PROD00160,Camera,PrimeView,PRI-CAM-0160,SN-2026-000160,12,Active,183,No,Noise,Manufacturing Defect,Yes,Yes,Yes,Yes,Yes,Yes,Yes,No,No,0,,No,,Yes,Yes,No,No,No,Yes,Yes,0,1404.97,0.0,0.935,Email,Valid Claim,183,1,7,0,0
CLM00350,VALID_350,CUS00350,PROD00350,Printer,Aster,AST-PRI-0350,SN-2026-000350,12,Active,92,No,Battery Problem,Manufacturing Defect,Yes,Yes,Yes,Yes,Yes,Yes,Yes,No,No,0,,No,,Yes,Yes,No,No,No,Yes,Yes,1,2346.46,0.0,0.929,Mobile App,Valid Claim,274,1,5,0,0
CLM00311,VALID_311,CUS00311,PROD00311,Smartphone,HomePro,HOM-SMA-0311,SN-2026-000311,12,Active,153,No,Connectivity Issue,Manufacturing Defect,Yes,Yes,Yes,Yes,Yes,Yes,Yes,No,No,0,,No,,Yes,Yes,No,No,No,Yes,Yes,1,2936.17,0.0,0.906,Service Center,Valid Claim,212,1,2,0,0
CLM00725,INVALID_225_SERIAL_MISMATCH,CUS00725,PROD00725,Washing Machine,ZenCore,ZEN-WAS-0725,SN-2026-000725,24,Active,-147,No,Mechanical Failure,Manufacturing Defect,Yes,Yes,Yes,Yes,Yes,Yes,Yes,Yes,Yes,3,Yes,No,,No,Yes,No,No,No,Yes,Yes,1,172.47,959.89,0.871,Service Center,Invalid Claim,877,0,15,1,0
CLM00562,INVALID_62_EXCLUDED_DAMAGE,CUS00562,PROD00562,Laptop,NovaTech,NOV-LAP-0562,SN-2026-000562,36,Active,546,No,Display Failure,Accidental Damage,No,Yes,Yes,Yes,Yes,No,Yes,No,No,0,,No,,Yes,Yes,No,No,No,No,Yes,2,2702.4,0.0,0.903,Web,Invalid Claim,549,2,5,0,0
CLM01203,MANUAL_203_UNCLEAR_REPAIR,CUS01203,PROD01203,Camera,ZenCore,ZEN-CAM-1203,SN-2026-001203,24,Active,365,No,Battery Problem,Manufacturing Defect,Yes,Yes,Yes,Yes,No,Yes,Yes,No,Yes,1,Unknown,No,,Yes,Yes,No,No,No,No,Yes,0,1932.95,0.0,0.948,Service Center,Manual Review,365,2,3,1,0
CLM01372,MANUAL_372_INCOMPLETE_EVIDENCE,CUS01372,PROD01372,Smartphone,PrimeView,PRI-SMA-1372,SN-2026-001372,12,Active,181,No,Water Leakage,Electrical Failure,Yes,Yes,Yes,No,Yes,Yes,No,Yes,No,0,,No,,Yes,Yes,No,No,No,No,Yes,3,161.19,0.0,0.758,Mobile App,Manual Review,184,2,1,0,0
CLM01191,MANUAL_191_UNCLEAR_REPAIR,CUS01191,PROD01191,Smartphone,NovaTech,NOV-SMA-1191,SN-2026-001191,12,Active,184,No,Battery Problem,Electrical Failure,Yes,Yes,Yes,Yes,Yes,Yes,Yes,Yes,Yes,2,Unknown,No,,Yes,Yes,No,No,No,No,Yes,2,2242.03,557.75,0.915,Mobile App,Manual Review,182,0,10,1,0
CLM00234,VALID_234,CUS00234,PROD00234,Printer,NovaTech,NOV-PRI-0234,SN-2026-000234,12,Active,244,Yes,Battery Problem,Electrical Failure,Yes,Yes,Yes,Yes,Yes,Yes,Yes,No,No,0,,No,,Yes,Yes,No,No,No,Yes,Yes,1,1332.22,0.0,0.91,Mobile App,Valid Claim,122,1,2,0,0
CLM01431,MANUAL_431_UNCLEAR_REPAIR,CUS01431,PROD01431,Smartphone,NovaTech,NOV-SMA-1431,SN-2026-001431,36,Active,550,Yes,Noise,Electrical Failure,Yes,Yes,Yes,Yes,Yes,Yes,Yes,Yes,Yes,1,Unknown,No,,Yes,Yes,No,No,No,No,Yes,3,1400.95,983.92,0.907,Mobile App,Manual Review,546,0,13,1,0
CLM00453,VALID_453,CUS00453,PROD00453,Refrigerator,ZenCore,ZEN-REF-0453,SN-2026-000453,12,Active,151,No,Mechanical Failure,Electrical Failure,Yes,Yes,Yes,Yes,Yes,Yes,Yes,No,No,0,,No,,Yes,Yes,No,No,No,Yes,Yes,0,2559.36,0.0,0.949,Web,Valid Claim,214,1,4,0,0
CLM00175,VALID_175,CUS00175,PROD00175,Laptop,NovaTech,NOV-LAP-0175,SN-2026-000175,12,Active,184,Yes,Mechanical Failure,Manufacturing Defect,Yes,Yes,Yes,Yes,Yes,Yes,Yes,No,No,0,,No,,Yes,Yes,No,No,No,Yes,Yes,0,143.51,0.0,0.923,Email,Valid Claim,181,1,8,0,0
CLM01272,MANUAL_272_CONTRADICTION,CUS01272,PROD01272,Printer,NovaTech,NOV-PRI-1272,SN-2026-001272,24,Active,365,No,Display Failure,Electrical Failure,Yes,Yes,Yes,No,No,Yes,Yes,Yes,Yes,3,No,No,,Yes,No,No,No,Yes,No,Yes,1,321.75,921.08,0.957,Web,Manual Review,365,2,12,1,0
CLM00998,INVALID_498_DUPLICATE_CLAIM,CUS00998,PROD00998,Camera,Aster,AST-CAM-0998,SN-2026-000998,24,Active,695,No,Noise,Electrical Failure,Yes,Yes,Yes,Yes,Yes,No,Yes,Yes,No,0,,No,,Yes,Yes,Yes,Yes,No,No,Yes,2,739.07,0.0,0.783,Email,Invalid Claim,35,1,3,0,0
CLM01163,MANUAL_163_MISSING_DOCUMENT,CUS01163,PROD01163,Smartphone,NovaTech,NOV-SMA-1163,SN-2026-001163,24,Active,365,No,Mechanical Failure,Manufacturing Defect,Yes,Yes,Yes,No,Yes,Yes,No,No,No,0,,No,,Yes,Yes,No,No,No,No,Yes,0,2077.8,0.0,0.842,Web,Manual Review,365,3,10,0,0
CLM01098,MANUAL_98_CONTRADICTION,CUS01098,PROD01098,Washing Machine,Aster,AST-WAS-1098,SN-2026-001098,24,Active,365,No,Battery Problem,Electrical Failure,Yes,Yes,Yes,No,Yes,Yes,Yes,No,No,0,,No,,Yes,No,No,No,Yes,No,Yes,1,2275.81,0.0,0.933,Mobile App,Manual Review,365,2,14,0,0
CLM00230,VALID_230,CUS00230,PROD00230,Refrigerator,NovaTech,NOV-REF-0230,SN-2026-000230,12,Active,214,No,Connectivity Issue,Electrical Failure,Yes,Yes,Yes,Yes,Yes,Yes,Yes,Yes,Yes,1,Yes,No,,Yes,Yes,No,No,No,Yes,Yes,1,1885.61,786.09,0.975,Mobile App,Valid Claim,151,0,3,1,0
CLM00795,INVALID_295_EXPIRED_WARRANTY,CUS00795,PROD00795,Television,Aster,AST-TEL-0795,SN-2026-000795,12,Expired,-90,No,Power Failure,Manufacturing Defect,Yes,Yes,Yes,Yes,Yes,Yes,Yes,Yes,No,0,,No,,Yes,Yes,No,Yes,No,Yes,Yes,1,922.41,0.0,0.906,Web,Invalid Claim,455,0,10,0,0
CLM00679,INVALID_179_REPORTING_PERIOD,CUS00679,PROD00679,Smartphone,HomePro,HOM-SMA-0679,SN-2026-000679,12,Active,184,No,Water Leakage,Electrical Failure,Yes,No,Yes,Yes,Yes,Yes,Yes,No,No,0,,No,,Yes,Yes,No,No,No,Yes,Yes,3,1875.85,0.0,0.824,Mobile App,Invalid Claim,182,1,60,0,0
CLM01014,MANUAL_14_CONTRADICTION,CUS01014,PROD01014,Smartphone,NovaTech,NOV-SMA-1014,SN-2026-001014,36,Active,547,No,Mechanical Failure,Manufacturing Defect,Yes,Yes,Yes,Yes,Yes,No,Yes,Yes,No,0,,Yes,Yes,Yes,No,No,No,Yes,No,Yes,2,2260.85,0.0,0.889,Service Center,Manual Review,549,1,7,0,1
CLM00271,VALID_271,CUS00271,PROD00271,Laptop,ZenCore,ZEN-LAP-0271,SN-2026-000271,12,Active,213,No,Water Leakage,Manufacturing Defect,Yes,Yes,Yes,Yes,Yes,Yes,Yes,No,No,0,,No,,Yes,Yes,No,No,No,Yes,Yes,1,2263.26,0.0,0.971,Service Center,Valid Claim,153,1,9,0,0
CLM00954,INVALID_454_UNAUTHORIZED_REPAIR,CUS00954,PROD00954,Refrigerator,PrimeView,PRI-REF-0954,SN-2026-000954,12,Active,-457,No,Battery Problem,Electrical Failure,Yes,Yes,Yes,No,Yes,Yes,Yes,Yes,Yes,1,No,No,,Yes,Yes,No,No,No,No,Yes,3,1116.8,370.68,0.882,Mobile App,Invalid Claim,822,1,17,1,0
CLM00199,VALID_199,CUS00199,PROD00199,Printer,Aster,AST-PRI-0199,SN-2026-000199,12,Active,214,No,Overheating,Manufacturing Defect,Yes,Yes,Yes,Yes,Yes,Yes,Yes,No,No,0,,No,,Yes,Yes,No,No,No,Yes,Yes,0,616.81,0.0,0.931,Service Center,Valid Claim,152,1,9,0,0
CLM01181,MANUAL_181_MISSING_DOCUMENT,CUS01181,PROD01181,Air Conditioner,HomePro,HOM-AIR-1181,SN-2026-001181,12,Active,184,No,Overheating,Manufacturing Defect,Yes,Yes,Yes,Yes,Yes,Yes,Yes,No,No,0,,No,,Yes,Yes,No,No,No,No,Yes,3,833.87,0.0,0.94,Web,Manual Review,181,1,8,0,0
CLM00161,VALID_161,CUS00161,PROD00161,Television,NovaTech,NOV-TEL-0161,SN-2026-000161,36,Active,700,No,Overheating,Electrical Failure,Yes,Yes,Yes,Yes,Yes,Yes,Yes,No,No,0,,No,,Yes,Yes,No,No,No,Yes,Yes,0,165.49,0.0,0.925,Mobile App,Valid Claim,395,1,10,0,0
CLM00616,INVALID_116_EXCLUDED_DAMAGE,CUS00616,PROD00616,Printer,ZenCore,ZEN-PRI-0616,SN-2026-000616,24,Active,365,No,Overheating,Physical Damage,No,Yes,Yes,No,Yes,Yes,Yes,Yes,No,0,,No,,Yes,Yes,No,No,No,No,Yes,0,389.88,0.0,0.777,Mobile App,Invalid Claim,365,1,5,0,0
CLM00854,INVALID_354_DUPLICATE_CLAIM,CUS00854,PROD00854,Air Conditioner,NovaTech,NOV-AIR-0854,SN-2026-000854,12,Active,19,No,Display Failure,Manufacturing Defect,Yes,Yes,Yes,Yes,Yes,Yes,Yes,No,No,0,,No,,Yes,Yes,Yes,Yes,No,Yes,Yes,3,2625.9,0.0,0.943,Service Center,Invalid Claim,346,1,8,0,0
CLM01477,MANUAL_477_LOW_OCR_CONFIDENCE,CUS01477,PROD01477,Camera,Aster,AST-CAM-1477,SN-2026-001477,12,Active,184,Yes,Mechanical Failure,Manufacturing Defect,Yes,Yes,Yes,Yes,Yes,Yes,Yes,No,No,0,,No,,Yes,Yes,Yes,No,No,Yes,Yes,1,2158.56,0.0,0.583,Email,Manual Review,181,1,13,0,0
CLM00514,INVALID_14_EXCLUDED_DAMAGE,CUS00514,PROD00514,Smartphone,Aster,AST-SMA-0514,SN-2026-000514,36,Active,547,Yes,Overheating,Normal Wear,No,Yes,Yes,No,Yes,Yes,Yes,Yes,No,0,,No,,Yes,Yes,No,No,No,No,Yes,3,2662.54,0.0,0.95,Web,Invalid Claim,549,1,5,0,0
CLM01080,MANUAL_80_CONTRADICTION,CUS01080,PROD01080,Refrigerator,HomePro,HOM-REF-1080,SN-2026-001080,12,Active,184,No,Power Failure,Manufacturing Defect,Yes,Yes,Yes,No,Yes,Yes,Yes,Yes,No,0,,No,,Yes,No,No,No,Yes,No,Yes,1,1792.51,0.0,0.804,Mobile App,Manual Review,181,1,11,0,0
CLM00115,VALID_115,CUS00115,PROD00115,Smartphone,PrimeView,PRI-SMA-0115,SN-2026-000115,24,Active,607,No,Mechanical Failure,Manufacturing Defect,Yes,Yes,Yes,Yes,Yes,Yes,Yes,No,No,0,,No,,Yes,Yes,No,No,No,Yes,Yes,0,431.24,0.0,0.906,Web,Valid Claim,123,1,10,0,0
CLM01023,MANUAL_23_UNCLEAR_REPAIR,CUS01023,PROD01023,Refrigerator,PrimeView,PRI-REF-1023,SN-2026-001023,12,Active,181,No,Battery Problem,Manufacturing Defect,Yes,Yes,Yes,Yes,Yes,Yes,Yes,No,Yes,1,Unknown,No,,Yes,Yes,Yes,No,No,No,Yes,0,1372.49,0.0,0.856,Service Center,Manual Review,184,1,9,1,0
CLM00745,INVALID_245_REPORTING_PERIOD,CUS00745,PROD00745,Refrigerator,PrimeView,PRI-REF-0745,SN-2026-000745,12,Active,184,No,Noise,Manufacturing Defect,Yes,No,Yes,Yes,Yes,Yes,No,No,No,0,,No,,Yes,Yes,No,No,No,No,Yes,3,2273.99,0.0,0.935,Web,Invalid Claim,182,2,60,0,0
CLM00791,INVALID_291_SERIAL_MISMATCH,CUS00791,PROD00791,Camera,PrimeView,PRI-CAM-0791,SN-2026-000791,36,Active,292,No,Overheating,Electrical Failure,Yes,Yes,Yes,Yes,No,Yes,Yes,Yes,No,0,,Yes,No,No,Yes,No,No,No,No,Yes,0,2215.09,0.0,0.981,Email,Invalid Claim,804,1,22,0,1
CLM00772,INVALID_272_EXCLUDED_DAMAGE,CUS00772,PROD00772,Smartphone,HomePro,HOM-SMA-0772,SN-2026-000772,24,Active,365,No,Power Failure,Water Damage,No,Yes,Yes,Yes,Yes,Yes,Yes,Yes,No,0,,No,,Yes,Yes,No,No,No,Yes,Yes,3,1372.19,0.0,0.861,Web,Invalid Claim,365,0,5,0,0
CLM00640,INVALID_140_EXCLUDED_DAMAGE,CUS00640,PROD00640,Washing Machine,NovaTech,NOV-WAS-0640,SN-2026-000640,24,Active,365,No,Battery Problem,Water Damage,No,Yes,Yes,Yes,Yes,No,Yes,Yes,No,0,,No,,Yes,Yes,No,No,No,No,Yes,3,252.34,0.0,0.771,Service Center,Invalid Claim,365,1,5,0,0
CLM01443,MANUAL_443_UNCLEAR_REPAIR,CUS01443,PROD01443,Printer,PrimeView,PRI-PRI-1443,SN-2026-001443,36,Active,546,No,Overheating,Electrical Failure,Yes,Yes,Yes,Yes,Yes,Yes,Yes,No,Yes,2,Unknown,No,,Yes,Yes,No,No,No,No,Yes,3,2220.54,0.0,0.981,Service Center,Manual Review,549,1,1,1,0
CLM01305,MANUAL_305_UNCLEAR_REPAIR,CUS01305,PROD01305,Air Conditioner,HomePro,HOM-AIR-1305,SN-2026-001305,12,Active,184,No,Water Leakage,Manufacturing Defect,Yes,Yes,Yes,Yes,Yes,Yes,Yes,No,Yes,2,Unknown,No,,Yes,Yes,No,No,No,No,Yes,1,2090.48,1236.75,0.969,Mobile App,Manual Review,181,1,11,1,0
CLM00555,INVALID_55_EXPIRED_WARRANTY,CUS00555,PROD00555,Laptop,Aster,AST-LAP-0555,SN-2026-000555,12,Expired,-90,No,Water Leakage,Electrical Failure,Yes,Yes,Yes,No,Yes,Yes,Yes,Yes,No,0,,No,,Yes,Yes,No,No,No,No,Yes,1,1620.69,0.0,0.895,Service Center,Invalid Claim,455,1,10,0,0
CLM01400,MANUAL_400_SERIAL_WARNING,CUS01400,PROD01400,Refrigerator,HomePro,HOM-REF-1400,SN-2026-001400,24,Active,365,No,Noise,Electrical Failure,Yes,Yes,Yes,Yes,Yes,Yes,Yes,No,No,0,,No,,Unknown,Yes,No,No,No,No,Yes,3,2708.04,0.0,0.935,Web,Manual Review,365,1,12,0,0
CLM00143,VALID_143,CUS00143,PROD00143,Smartphone,Aster,AST-SMA-0143,SN-2026-000143,36,Active,640,No,Battery Problem,Electrical Failure,Yes,Yes,Yes,Yes,Yes,Yes,Yes,Yes,Yes,2,Yes,No,,Yes,Yes,No,No,No,Yes,Yes,1,1861.45,382.42,0.95,Email,Valid Claim,455,0,2,1,0
CLM00547,INVALID_47_REPORTING_PERIOD,CUS00547,PROD00547,Printer,PrimeView,PRI-PRI-0547,SN-2026-000547,24,Active,365,No,Noise,Electrical Failure,Yes,No,Yes,Yes,Yes,Yes,Yes,Yes,No,0,,No,,Yes,Yes,No,No,No,Yes,Yes,1,857.08,0.0,0.886,Service Center,Invalid Claim,365,0,60,0,0
CLM01258,MANUAL_258_INCOMPLETE_EVIDENCE,CUS01258,PROD01258,Printer,NovaTech,NOV-PRI-1258,SN-2026-001258,36,Active,547,No,Power Failure,Manufacturing Defect,Yes,Yes,Yes,Yes,Yes,Yes,No,Yes,No,0,,Yes,Yes,Yes,No,No,No,No,No,Yes,3,67.71,0.0,0.866,Mobile App,Manual Review,549,1,5,0,1
CLM00480,VALID_480,CUS00480,PROD00480,Washing Machine,NovaTech,NOV-WAS-0480,SN-2026-000480,24,Active,365,No,Connectivity Issue,Electrical Failure,Yes,Yes,Yes,Yes,Yes,Yes,Yes,Yes,Yes,2,Yes,No,,Yes,Yes,No,No,No,Yes,Yes,1,940.68,411.47,0.988,Mobile App,Valid Claim,366,0,11,1,0
CLM00105,VALID_105,CUS00105,PROD00105,Smartphone,NovaTech,NOV-SMA-0105,SN-2026-000105,36,Active,366,No,Battery Problem,Manufacturing Defect,Yes,Yes,Yes,Yes,Yes,Yes,Yes,No,No,0,,No,,Yes,Yes,No,No,No,Yes,Yes,0,2882.58,0.0,0.946,Mobile App,Valid Claim,730,1,3,0,0
CLM00539,INVALID_39_SERIAL_MISMATCH,CUS00539,PROD00539,Refrigerator,Aster,AST-REF-0539,SN-2026-000539,24,Active,376,Yes,Connectivity Issue,Electrical Failure,Yes,Yes,Yes,No,Yes,Yes,Yes,Yes,Yes,2,Yes,No,,No,Yes,No,No,No,No,Yes,3,758.95,332.02,0.963,Mobile App,Invalid Claim,354,1,2,1,0
CLM01465,MANUAL_465_LOW_OCR_CONFIDENCE,CUS01465,PROD01465,Laptop,Aster,AST-LAP-1465,SN-2026-001465,12,Active,182,Yes,Connectivity Issue,Electrical Failure,Yes,Yes,Yes,Yes,Yes,Yes,Yes,No,No,0,,No,,Yes,Yes,No,No,Yes,Yes,Yes,0,131.43,0.0,0.655,Mobile App,Manual Review,183,1,7,0,0
CLM00617,INVALID_117_SERIAL_MISMATCH,CUS00617,PROD00617,Air Conditioner,HomePro,HOM-AIR-0617,SN-2026-000617,24,Active,285,No,Mechanical Failure,Manufacturing Defect,Yes,Yes,No,No,Yes,Yes,Yes,Yes,No,0,,No,,No,Yes,No,No,No,No,No,0,2614.14,0.0,0.885,Service Center,Invalid Claim,445,2,15,0,0
CLM00497,VALID_497,CUS00497,PROD00497,Smartphone,ZenCore,ZEN-SMA-0497,SN-2026-000497,24,Active,488,No,Overheating,Manufacturing Defect,Yes,Yes,Yes,Yes,Yes,Yes,Yes,No,No,0,,No,,Yes,Yes,No,No,No,Yes,Yes,0,1715.91,0.0,0.931,Email,Valid Claim,242,1,1,0,0
CLM00671,INVALID_171_SERIAL_MISMATCH,CUS00671,PROD00671,Refrigerator,ZenCore,ZEN-REF-0671,SN-2026-000671,12,Active,100,No,Connectivity Issue,Electrical Failure,Yes,Yes,Yes,Yes,Yes,Yes,Yes,No,No,0,,No,,No,Yes,No,No,No,Yes,Yes,2,307.86,0.0,0.846,Mobile App,Invalid Claim,265,1,7,0,0
CLM00433,VALID_433,CUS00433,PROD00433,Camera,PrimeView,PRI-CAM-0433,SN-2026-000433,12,Active,123,No,Noise,Electrical Failure,Yes,Yes,Yes,Yes,Yes,Yes,Yes,No,No,0,,No,,Yes,Yes,No,No,No,Yes,Yes,0,1211.31,0.0,0.923,Service Center,Valid Claim,242,1,1,0,0
CLM00056,VALID_56,CUS00056,PROD00056,Air Conditioner,NovaTech,NOV-AIR-0056,SN-2026-000056,36,Active,212,No,Connectivity Issue,Manufacturing Defect,Yes,Yes,Yes,Yes,Yes,Yes,Yes,Yes,Yes,1,Yes,No,,Yes,Yes,No,No,No,Yes,Yes,1,2372.57,147.15,0.959,Email,Valid Claim,883,0,10,1,0
CLM00020,VALID_20,CUS00020,PROD00020,Air Conditioner,ZenCore,ZEN-AIR-0020,SN-2026-000020,24,Active,212,No,Power Failure,Manufacturing Defect,Yes,Yes,Yes,Yes,Yes,Yes,Yes,No,No,0,,No,,Yes,Yes,No,No,No,Yes,Yes,1,1483.92,0.0,0.97,Email,Valid Claim,519,1,6,0,0
CLM01022,MANUAL_22_SERIAL_WARNING,CUS01022,PROD01022,Air Conditioner,PrimeView,PRI-AIR-1022,SN-2026-001022,12,Active,183,No,Water Leakage,Manufacturing Defect,Yes,Yes,Yes,Yes,Yes,Yes,Yes,Yes,No,0,,No,,Unknown,No,No,No,No,No,Yes,2,845.78,0.0,0.971,Email,Manual Review,183,0,7,0,0
CLM00047,VALID_47,CUS00047,PROD00047,Washing Machine,PrimeView,PRI-WAS-0047,SN-2026-000047,24,Active,90,No,Noise,Manufacturing Defect,Yes,Yes,Yes,Yes,Yes,Yes,Yes,No,No,0,,No,,Yes,Yes,No,No,No,Yes,Yes,1,2771.99,0.0,0.936,Email,Valid Claim,640,1,3,0,0
CLM01019,MANUAL_19_MISSING_DOCUMENT,CUS01019,PROD01019,Refrigerator,Aster,AST-REF-1019,SN-2026-001019,24,Active,365,Yes,Display Failure,Manufacturing Defect,Yes,Yes,Yes,No,Yes,No,Yes,No,Yes,3,Yes,No,,Yes,No,No,No,No,No,Yes,3,2605.69,1239.08,0.846,Web,Manual Review,365,3,3,1,0
CLM00951,INVALID_451_EXPIRED_WARRANTY,CUS00951,PROD00951,Smartphone,PrimeView,PRI-SMA-0951,SN-2026-000951,12,Expired,-90,No,Noise,Manufacturing Defect,Yes,Yes,Yes,Yes,Yes,Yes,No,Yes,No,0,,No,,Yes,Yes,No,No,No,No,Yes,1,2134.25,0.0,0.907,Service Center,Invalid Claim,456,1,10,0,0
CLM01354,MANUAL_354_INCOMPLETE_EVIDENCE,CUS01354,PROD01354,Laptop,NovaTech,NOV-LAP-1354,SN-2026-001354,36,Active,546,No,Mechanical Failure,Manufacturing Defect,Yes,Yes,Yes,Yes,Yes,Yes,No,No,No,0,,Yes,Yes,Yes,Yes,No,No,No,No,Yes,0,1979.59,0.0,0.789,Web,Manual Review,550,2,11,0,1
CLM00823,INVALID_323_REPORTING_PERIOD,CUS00823,PROD00823,Laptop,HomePro,HOM-LAP-0823,SN-2026-000823,12,Active,181,No,Connectivity Issue,Manufacturing Defect,Yes,No,Yes,Yes,Yes,No,No,No,No,0,,No,,Yes,Yes,No,No,No,No,Yes,1,2292.96,0.0,0.849,Service Center,Invalid Claim,184,3,60,0,0
CLM01362,MANUAL_362_CONTRADICTION,CUS01362,PROD01362,Refrigerator,NovaTech,NOV-REF-1362,SN-2026-001362,36,Active,548,No,Noise,Electrical Failure,Yes,Yes,Yes,Yes,Yes,Yes,Yes,Yes,No,0,,No,,Yes,No,No,No,Yes,Yes,Yes,3,778.45,0.0,0.792,Email,Manual Review,548,0,13,0,0
CLM00421,VALID_421,CUS00421,PROD00421,Refrigerator,ZenCore,ZEN-REF-0421,SN-2026-000421,24,Active,669,No,Display Failure,Electrical Failure,Yes,Yes,Yes,Yes,Yes,Yes,Yes,Yes,Yes,1,Yes,No,,Yes,Yes,No,No,No,Yes,Yes,0,879.13,684.55,0.928,Service Center,Valid Claim,61,0,1,1,0
CLM00512,INVALID_12_DUPLICATE_CLAIM,CUS00512,PROD00512,Laptop,PrimeView,PRI-LAP-0512,SN-2026-000512,36,Active,778,Yes,Display Failure,Electrical Failure,Yes,Yes,Yes,Yes,Yes,Yes,Yes,Yes,No,0,,No,,Yes,Yes,Yes,Yes,No,Yes,Yes,3,1253.74,0.0,0.863,Mobile App,Invalid Claim,317,0,3,0,0
CLM00354,VALID_354,CUS00354,PROD00354,Printer,PrimeView,PRI-PRI-0354,SN-2026-000354,12,Active,60,Yes,Water Leakage,Manufacturing Defect,Yes,Yes,Yes,Yes,Yes,Yes,Yes,No,No,0,,No,,Yes,Yes,No,No,No,Yes,Yes,1,2383.95,0.0,0.92,Web,Valid Claim,306,1,2,0,0
CLM00454,VALID_454,CUS00454,PROD00454,Camera,Aster,AST-CAM-0454,SN-2026-000454,24,Active,306,No,Mechanical Failure,Manufacturing Defect,Yes,Yes,Yes,Yes,Yes,Yes,Yes,No,No,0,,No,,Yes,Yes,No,No,No,Yes,Yes,1,129.07,0.0,0.952,Mobile App,Valid Claim,424,1,11,0,0
CLM00055,VALID_55,CUS00055,PROD00055,Laptop,NovaTech,NOV-LAP-0055,SN-2026-000055,36,Active,730,No,Mechanical Failure,Manufacturing Defect,Yes,Yes,Yes,Yes,Yes,Yes,Yes,No,No,0,,No,,Yes,Yes,No,No,No,Yes,Yes,1,632.35,0.0,0.939,Service Center,Valid Claim,366,1,11,0,0
CLM00152,VALID_152,CUS00152,PROD00152,Camera,ZenCore,ZEN-CAM-0152,SN-2026-000152,12,Active,183,No,Noise,Electrical Failure,Yes,Yes,Yes,Yes,Yes,Yes,Yes,No,No,0,,No,,Yes,Yes,No,No,No,Yes,Yes,0,1750.7,0.0,0.981,Web,Valid Claim,183,1,13,0,0
CLM00595,INVALID_95_REPORTING_PERIOD,CUS00595,PROD00595,Refrigerator,NovaTech,NOV-REF-0595,SN-2026-000595,36,Active,546,No,Water Leakage,Electrical Failure,Yes,No,Yes,Yes,Yes,Yes,Yes,No,No,0,,No,,Yes,Yes,No,No,No,Yes,Yes,1,774.69,0.0,0.941,Mobile App,Invalid Claim,550,1,60,0,0
CLM00638,INVALID_138_DUPLICATE_CLAIM,CUS00638,PROD00638,Printer,ZenCore,ZEN-PRI-0638,SN-2026-000638,12,Active,-56,Yes,Connectivity Issue,Manufacturing Defect,Yes,Yes,Yes,No,Yes,Yes,Yes,No,Yes,3,No,No,,Yes,Yes,Yes,Yes,No,No,Yes,1,54.29,968.99,0.962,Web,Invalid Claim,421,2,6,1,0
CLM00944,INVALID_444_DUPLICATE_CLAIM,CUS00944,PROD00944,Camera,HomePro,HOM-CAM-0944,SN-2026-000944,24,Active,316,No,Connectivity Issue,Manufacturing Defect,Yes,Yes,Yes,Yes,Yes,Yes,Yes,No,No,0,,No,,Yes,Yes,Yes,Yes,No,Yes,Yes,1,2034.61,0.0,0.88,Service Center,Invalid Claim,414,1,15,0,0
CLM00033,VALID_33,CUS00033,PROD00033,Camera,NovaTech,NOV-CAM-0033,SN-2026-000033,24,Active,671,No,Battery Problem,Electrical Failure,Yes,Yes,Yes,Yes,Yes,Yes,Yes,No,No,0,,No,,Yes,Yes,No,No,No,Yes,Yes,1,2895.32,0.0,0.95,Mobile App,Valid Claim,60,1,7,0,0
CLM00218,VALID_218,CUS00218,PROD00218,Air Conditioner,HomePro,HOM-AIR-0218,SN-2026-000218,12,Active,245,Yes,Power Failure,Electrical Failure,Yes,Yes,Yes,Yes,Yes,Yes,Yes,No,No,0,,No,,Yes,Yes,No,No,No,Yes,Yes,1,90.89,0.0,0.976,Mobile App,Valid Claim,120,1,11,0,0
CLM00492,VALID_492,CUS00492,PROD00492,Air Conditioner,HomePro,HOM-AIR-0492,SN-2026-000492,36,Active,852,Yes,Battery Problem,Manufacturing Defect,Yes,Yes,Yes,Yes,Yes,Yes,Yes,No,No,0,,No,,Yes,Yes,No,No,No,Yes,Yes,1,2037.57,0.0,0.921,Service Center,Valid Claim,244,1,14,0,0
CLM00394,VALID_394,CUS00394,PROD00394,Printer,ZenCore,ZEN-PRI-0394,SN-2026-000394,12,Active,212,No,Display Failure,Manufacturing Defect,Yes,Yes,Yes,Yes,Yes,Yes,Yes,No,No,0,,No,,Yes,Yes,No,No,No,Yes,Yes,0,1256.25,0.0,0.913,Web,Valid Claim,153,1,1,0,0
CLM00465,VALID_465,CUS00465,PROD00465,Smartphone,NovaTech,NOV-SMA-0465,SN-2026-000465,12,Active,306,Yes,Overheating,Manufacturing Defect,Yes,Yes,Yes,Yes,Yes,Yes,Yes,Yes,Yes,1,Yes,No,,Yes,Yes,No,No,No,Yes,Yes,1,1707.59,909.16,0.95,Email,Valid Claim,59,0,3,1,0
CLM01278,MANUAL_278_CONTRADICTION,CUS01278,PROD01278,Smartphone,ZenCore,ZEN-SMA-1278,SN-2026-001278,36,Active,549,No,Power Failure,Electrical Failure,Yes,Yes,Yes,Yes,Yes,No,Yes,Yes,No,0,,No,,Yes,No,No,No,Yes,No,Yes,2,984.44,0.0,0.872,Mobile App,Manual Review,547,1,5,0,0
CLM01252,MANUAL_252_INCOMPLETE_EVIDENCE,CUS01252,PROD01252,Refrigerator,PrimeView,PRI-REF-1252,SN-2026-001252,12,Active,184,No,Noise,Manufacturing Defect,Yes,Yes,Yes,No,Yes,Yes,No,Yes,No,0,,Yes,Yes,Yes,Yes,No,No,No,No,Yes,3,2690.45,0.0,0.862,Mobile App,Manual Review,181,2,9,0,1
CLM01078,MANUAL_78_INCOMPLETE_EVIDENCE,CUS01078,PROD01078,Washing Machine,Aster,AST-WAS-1078,SN-2026-001078,36,Active,546,No,Mechanical Failure,Electrical Failure,Yes,Yes,Yes,Yes,Yes,Yes,No,No,No,0,,No,,Yes,Yes,No,No,No,No,Yes,0,2656.72,0.0,0.778,Service Center,Manual Review,549,2,11,0,0
CLM00558,INVALID_58_UNAUTHORIZED_REPAIR,CUS00558,PROD00558,Television,PrimeView,PRI-TEL-0558,SN-2026-000558,24,Active,42,No,Overheating,Electrical Failure,Yes,Yes,Yes,Yes,Yes,Yes,Yes,Yes,Yes,2,No,No,,Yes,Yes,No,No,No,Yes,Yes,3,2271.94,961.42,0.883,Service Center,Invalid Claim,688,0,21,1,0
CLM00217,VALID_217,CUS00217,PROD00217,Television,PrimeView,PRI-TEL-0217,SN-2026-000217,12,Active,91,Yes,Power Failure,Electrical Failure,Yes,Yes,Yes,Yes,Yes,Yes,Yes,No,No,0,,No,,Yes,Yes,No,No,No,Yes,Yes,0,2992.46,0.0,0.959,Web,Valid Claim,275,1,12,0,0
CLM01232,MANUAL_232_SERIAL_WARNING,CUS01232,PROD01232,Camera,PrimeView,PRI-CAM-1232,SN-2026-001232,12,Active,184,No,Overheating,Manufacturing Defect,Yes,Yes,Yes,Yes,Yes,Yes,Yes,No,No,0,,No,,Unknown,Yes,No,No,No,No,Yes,1,2068.65,0.0,0.878,Email,Manual Review,181,1,7,0,0
CLM00185,VALID_185,CUS00185,PROD00185,Smartphone,ZenCore,ZEN-SMA-0185,SN-2026-000185,24,Active,365,No,Noise,Manufacturing Defect,Yes,Yes,Yes,Yes,Yes,Yes,Yes,No,No,0,,No,,Yes,Yes,No,No,No,Yes,Yes,0,1073.95,0.0,0.919,Service Center,Valid Claim,366,1,13,0,0
CLM00478,VALID_478,CUS00478,PROD00478,Television,Aster,AST-TEL-0478,SN-2026-000478,36,Active,700,No,Water Leakage,Manufacturing Defect,Yes,Yes,Yes,Yes,Yes,Yes,Yes,Yes,Yes,2,Yes,No,,Yes,Yes,No,No,No,Yes,Yes,0,1447.99,922.15,0.953,Email,Valid Claim,396,0,2,1,0
CLM01135,MANUAL_135_LOW_OCR_CONFIDENCE,CUS01135,PROD01135,Television,NovaTech,NOV-TEL-1135,SN-2026-001135,36,Active,550,Yes,Battery Problem,Electrical Failure,Yes,Yes,Yes,Yes,Yes,Yes,Yes,No,No,0,,Yes,Yes,Yes,Yes,No,No,No,Yes,Yes,0,280.83,0.0,0.495,Service Center,Manual Review,546,1,6,0,1
CLM01324,MANUAL_324_INCOMPLETE_EVIDENCE,CUS01324,PROD01324,Laptop,PrimeView,PRI-LAP-1324,SN-2026-001324,36,Active,548,Yes,Water Leakage,Manufacturing Defect,Yes,Yes,Yes,Yes,Yes,Yes,No,No,No,0,,No,,Yes,Yes,No,No,No,No,Yes,2,2793.37,0.0,0.901,Web,Manual Review,548,2,9,0,0
CLM00034,VALID_34,CUS00034,PROD00034,Printer,ZenCore,ZEN-PRI-0034,SN-2026-000034,24,Active,274,Yes,Display Failure,Manufacturing Defect,Yes,Yes,Yes,Yes,Yes,Yes,Yes,No,No,0,,No,,Yes,Yes,No,No,No,Yes,Yes,0,2666.23,0.0,0.947,Web,Valid Claim,457,1,5,0,0
CLM01411,MANUAL_411_LOW_OCR_CONFIDENCE,CUS01411,PROD01411,Camera,NovaTech,NOV-CAM-1411,SN-2026-001411,24,Active,365,No,Connectivity Issue,Electrical Failure,Yes,Yes,Yes,Yes,Yes,Yes,No,Yes,No,0,,No,,Yes,Yes,No,No,No,Yes,Yes,3,680.16,0.0,0.609,Email,Manual Review,365,1,11,0,0
CLM00661,INVALID_161_REPORTING_PERIOD,CUS00661,PROD00661,Television,ZenCore,ZEN-TEL-0661,SN-2026-000661,36,Active,549,No,Water Leakage,Electrical Failure,Yes,No,Yes,Yes,Yes,Yes,Yes,Yes,Yes,2,Yes,No,,Yes,Yes,No,No,No,Yes,Yes,0,2311.89,141.28,0.987,Web,Invalid Claim,547,0,60,1,0
CLM00333,VALID_333,CUS00333,PROD00333,Laptop,PrimeView,PRI-LAP-0333,SN-2026-000333,24,Active,334,No,Water Leakage,Electrical Failure,Yes,Yes,Yes,Yes,Yes,Yes,Yes,No,No,0,,No,,Yes,Yes,No,No,No,Yes,Yes,1,1226.24,0.0,0.978,Service Center,Valid Claim,396,1,13,0,0
CLM00628,INVALID_128_EXCLUDED_DAMAGE,CUS00628,PROD00628,Camera,PrimeView,PRI-CAM-0628,SN-2026-000628,12,Active,182,No,Overheating,Accidental Damage,No,Yes,Yes,No,Yes,Yes,Yes,No,No,0,,No,,Yes,Yes,No,No,No,No,Yes,1,90.94,0.0,0.937,Web,Invalid Claim,184,2,5,0,0
CLM01179,MANUAL_179_UNCLEAR_REPAIR,CUS01179,PROD01179,Refrigerator,NovaTech,NOV-REF-1179,SN-2026-001179,12,Active,181,No,Connectivity Issue,Electrical Failure,Yes,Yes,Yes,No,Yes,No,No,Yes,Yes,2,Unknown,No,,Yes,Yes,No,No,No,No,Yes,0,900.54,0.0,0.825,Web,Manual Review,184,3,7,1,0
CLM00068,VALID_68,CUS00068,PROD00068,Refrigerator,NovaTech,NOV-REF-0068,SN-2026-000068,12,Active,62,No,Power Failure,Electrical Failure,Yes,Yes,Yes,Yes,Yes,Yes,Yes,No,No,0,,No,,Yes,Yes,No,No,No,Yes,Yes,1,481.96,0.0,0.972,Service Center,Valid Claim,304,1,7,0,0
CLM00900,INVALID_400_UNAUTHORIZED_REPAIR,CUS00900,PROD00900,Air Conditioner,Aster,AST-AIR-0900,SN-2026-000900,24,Active,310,No,Water Leakage,Electrical Failure,Yes,Yes,Yes,Yes,No,Yes,Yes,Yes,Yes,2,No,No,,Yes,Yes,No,No,No,No,Yes,1,1511.38,441.74,0.857,Service Center,Invalid Claim,421,1,25,1,0
CLM00455,VALID_455,CUS00455,PROD00455,Printer,HomePro,HOM-PRI-0455,SN-2026-000455,24,Active,516,No,Overheating,Manufacturing Defect,Yes,Yes,Yes,Yes,Yes,Yes,Yes,No,No,0,,No,,Yes,Yes,No,No,No,Yes,Yes,1,1469.05,0.0,0.939,Web,Valid Claim,214,1,1,0,0
CLM00611,INVALID_111_SERIAL_MISMATCH,CUS00611,PROD00611,Laptop,Aster,AST-LAP-0611,SN-2026-000611,12,Active,-476,No,Connectivity Issue,Electrical Failure,Yes,Yes,Yes,No,Yes,Yes,Yes,Yes,No,0,,Yes,Yes,No,Yes,Yes,No,No,No,Yes,2,2757.41,0.0,0.828,Web,Invalid Claim,841,1,21,0,1
CLM00259,VALID_259,CUS00259,PROD00259,Laptop,HomePro,HOM-LAP-0259,SN-2026-000259,36,Active,274,No,Connectivity Issue,Electrical Failure,Yes,Yes,Yes,Yes,Yes,Yes,Yes,No,No,0,,No,,Yes,Yes,No,No,No,Yes,Yes,1,1691.0,0.0,0.938,Web,Valid Claim,822,1,14,0,0
CLM01129,MANUAL_129_LOW_OCR_CONFIDENCE,CUS01129,PROD01129,Printer,NovaTech,NOV-PRI-1129,SN-2026-001129,12,Active,181,No,Overheating,Manufacturing Defect,Yes,Yes,Yes,No,Yes,Yes,Yes,Yes,No,0,,No,,Yes,Yes,No,No,No,Yes,Yes,0,157.61,0.0,0.656,Web,Manual Review,184,1,8,0,0
CLM01470,MANUAL_470_CONTRADICTION,CUS01470,PROD01470,Air Conditioner,PrimeView,PRI-AIR-1470,SN-2026-001470,12,Active,181,No,Connectivity Issue,Electrical Failure,Yes,Yes,Yes,No,Yes,Yes,Yes,Yes,No,0,,No,,Yes,No,No,No,Yes,No,Yes,2,1866.87,0.0,0.924,Mobile App,Manual Review,184,1,3,0,0
CLM01284,MANUAL_284_CONTRADICTION,CUS01284,PROD01284,Laptop,HomePro,HOM-LAP-1284,SN-2026-001284,24,Active,366,Yes,Display Failure,Electrical Failure,Yes,Yes,Yes,Yes,Yes,Yes,Yes,Yes,No,0,,No,,Yes,No,No,No,Yes,Yes,Yes,1,2802.99,0.0,0.908,Email,Manual Review,365,0,5,0,0
CLM00986,INVALID_486_DUPLICATE_CLAIM,CUS00986,PROD00986,Printer,NovaTech,NOV-PRI-0986,SN-2026-000986,12,Active,-398,No,Mechanical Failure,Electrical Failure,Yes,Yes,Yes,Yes,Yes,Yes,Yes,Yes,No,0,,No,,Yes,Yes,Yes,Yes,No,Yes,Yes,1,2400.59,0.0,0.828,Email,Invalid Claim,763,0,4,0,0
CLM01062,MANUAL_62_CONTRADICTION,CUS01062,PROD01062,Smartphone,HomePro,HOM-SMA-1062,SN-2026-001062,36,Active,546,No,Noise,Manufacturing Defect,Yes,Yes,No,Yes,No,Yes,Yes,Yes,Yes,1,Yes,No,,Yes,No,No,No,Yes,No,No,2,2401.78,292.97,0.812,Mobile App,Manual Review,549,2,3,1,0
CLM00413,VALID_413,CUS00413,PROD00413,Television,PrimeView,PRI-TEL-0413,SN-2026-000413,24,Active,642,No,Noise,Manufacturing Defect,Yes,Yes,Yes,Yes,Yes,Yes,Yes,No,No,0,,No,,Yes,Yes,No,No,No,Yes,Yes,1,2260.73,0.0,0.982,Service Center,Valid Claim,89,1,6,0,0
CLM00138,VALID_138,CUS00138,PROD00138,Printer,Aster,AST-PRI-0138,SN-2026-000138,24,Active,153,No,Display Failure,Electrical Failure,Yes,Yes,Yes,Yes,Yes,Yes,Yes,No,No,0,,No,,Yes,Yes,No,No,No,Yes,Yes,1,2578.76,0.0,0.929,Mobile App,Valid Claim,578,1,4,0,0
CLM00794,INVALID_294_DUPLICATE_CLAIM,CUS00794,PROD00794,Printer,Aster,AST-PRI-0794,SN-2026-000794,36,Active,487,Yes,Water Leakage,Manufacturing Defect,Yes,Yes,Yes,Yes,No,Yes,Yes,Yes,Yes,2,Yes,No,,Yes,Yes,Yes,Yes,No,No,Yes,1,925.69,757.35,0.858,Service Center,Invalid Claim,609,1,23,1,0
CLM01221,MANUAL_221_UNCLEAR_REPAIR,CUS01221,PROD01221,Printer,Aster,AST-PRI-1221,SN-2026-001221,24,Active,365,Yes,Battery Problem,Electrical Failure,Yes,Yes,Yes,Yes,Yes,Yes,Yes,Yes,Yes,2,Unknown,No,,Yes,Yes,No,No,No,No,Yes,1,2646.23,0.0,0.802,Web,Manual Review,365,0,14,1,0
CLM01430,MANUAL_430_SERIAL_WARNING,CUS01430,PROD01430,Television,HomePro,HOM-TEL-1430,SN-2026-001430,36,Active,548,No,Mechanical Failure,Electrical Failure,Yes,Yes,Yes,Yes,Yes,Yes,Yes,Yes,No,0,,No,,Unknown,Yes,No,No,No,No,Yes,2,1113.28,0.0,0.846,Mobile App,Manual Review,548,0,8,0,0
CLM00263,VALID_263,CUS00263,PROD00263,Washing Machine,HomePro,HOM-WAS-0263,SN-2026-000263,12,Active,275,No,Noise,Electrical Failure,Yes,Yes,Yes,Yes,Yes,Yes,Yes,No,No,0,,No,,Yes,Yes,No,No,No,Yes,Yes,1,1547.76,0.0,0.909,Service Center,Valid Claim,91,1,2,0,0
CLM00642,INVALID_142_UNAUTHORIZED_REPAIR,CUS00642,PROD00642,Laptop,Aster,AST-LAP-0642,SN-2026-000642,12,Active,-102,No,Battery Problem,Manufacturing Defect,Yes,Yes,Yes,Yes,Yes,Yes,No,Yes,Yes,2,No,No,,Yes,Yes,No,No,No,No,Yes,1,2901.59,993.25,0.9,Service Center,Invalid Claim,467,1,10,1,0
CLM00503,INVALID_03_SERIAL_MISMATCH,CUS00503,PROD00503,Air Conditioner,Aster,AST-AIR-0503,SN-2026-000503,36,Active,862,No,Water Leakage,Manufacturing Defect,Yes,Yes,Yes,Yes,No,Yes,Yes,No,No,0,,No,,No,Yes,No,No,No,No,Yes,2,945.29,0.0,0.966,Service Center,Invalid Claim,234,2,23,0,0
CLM00165,VALID_165,CUS00165,PROD00165,Washing Machine,Aster,AST-WAS-0165,SN-2026-000165,12,Active,273,Yes,Connectivity Issue,Manufacturing Defect,Yes,Yes,Yes,Yes,Yes,Yes,Yes,No,No,0,,No,,Yes,Yes,No,No,No,Yes,Yes,0,2684.22,0.0,0.975,Web,Valid Claim,92,1,4,0,0
CLM01233,MANUAL_233_UNCLEAR_REPAIR,CUS01233,PROD01233,Television,PrimeView,PRI-TEL-1233,SN-2026-001233,24,Active,365,Yes,Water Leakage,Manufacturing Defect,Yes,Yes,Yes,Yes,No,No,Yes,No,Yes,1,Unknown,No,,Yes,Yes,Yes,No,Yes,No,Yes,0,350.28,564.85,0.862,Web,Manual Review,366,3,13,1,0
CLM00832,INVALID_332_EXCLUDED_DAMAGE,CUS00832,PROD00832,Refrigerator,ZenCore,ZEN-REF-0832,SN-2026-000832,36,Active,548,No,Power Failure,Water Damage,No,Yes,Yes,Yes,No,Yes,Yes,Yes,No,0,,Yes,Yes,Yes,Yes,No,No,No,No,Yes,2,2487.37,0.0,0.77,Service Center,Invalid Claim,548,1,5,0,1
CLM00681,INVALID_181_EXPIRED_WARRANTY,CUS00681,PROD00681,Washing Machine,ZenCore,ZEN-WAS-0681,SN-2026-000681,24,Expired,-90,No,Noise,Electrical Failure,Yes,Yes,Yes,No,Yes,Yes,Yes,Yes,No,0,,No,,Yes,Yes,No,No,No,No,Yes,3,2944.67,0.0,0.837,Service Center,Invalid Claim,821,1,10,0,0
CLM00697,INVALID_197_REPORTING_PERIOD,CUS00697,PROD00697,Washing Machine,HomePro,HOM-WAS-0697,SN-2026-000697,24,Active,365,No,Battery Problem,Electrical Failure,Yes,No,No,Yes,Yes,Yes,No,No,No,0,,No,,Yes,Yes,No,No,No,No,No,2,2554.69,0.0,0.936,Email,Invalid Claim,365,3,60,0,0
CLM00953,INVALID_453_SERIAL_MISMATCH,CUS00953,PROD00953,Smartphone,ZenCore,ZEN-SMA-0953,SN-2026-000953,12,Active,-503,No,Battery Problem,Electrical Failure,Yes,Yes,Yes,Yes,Yes,Yes,Yes,Yes,Yes,3,Yes,No,,No,Yes,No,No,No,Yes,Yes,3,2531.75,752.87,0.798,Web,Invalid Claim,868,0,21,1,0
CLM00960,INVALID_460_UNAUTHORIZED_REPAIR,CUS00960,PROD00960,Printer,HomePro,HOM-PRI-0960,SN-2026-000960,24,Active,449,No,Noise,Electrical Failure,Yes,Yes,Yes,Yes,Yes,Yes,Yes,Yes,Yes,1,No,No,,Yes,Yes,No,No,No,Yes,Yes,0,2923.93,536.8,0.939,Email,Invalid Claim,282,0,5,1,0
CLM00946,INVALID_446_EXCLUDED_DAMAGE,CUS00946,PROD00946,Laptop,Aster,AST-LAP-0946,SN-2026-000946,36,Active,548,No,Display Failure,Physical Damage,No,Yes,Yes,Yes,Yes,Yes,Yes,Yes,Yes,3,Yes,No,,Yes,Yes,No,No,No,Yes,Yes,3,1101.35,1301.75,0.767,Mobile App,Invalid Claim,548,0,5,1,0
CLM01458,MANUAL_458_CONTRADICTION,CUS01458,PROD01458,Smartphone,PrimeView,PRI-SMA-1458,SN-2026-001458,12,Active,182,No,Power Failure,Electrical Failure,Yes,Yes,Yes,No,Yes,Yes,No,Yes,No,0,,No,,Yes,No,No,No,Yes,No,Yes,0,408.52,0.0,0.884,Web,Manual Review,184,2,8,0,0
CLM00085,VALID_85,CUS00085,PROD00085,Washing Machine,Aster,AST-WAS-0085,SN-2026-000085,36,Active,672,No,Mechanical Failure,Manufacturing Defect,Yes,Yes,Yes,Yes,Yes,Yes,Yes,No,No,0,,No,,Yes,Yes,No,No,No,Yes,Yes,1,62.14,0.0,0.928,Email,Valid Claim,424,1,13,0,0
CLM00646,INVALID_146_EXCLUDED_DAMAGE,CUS00646,PROD00646,Camera,HomePro,HOM-CAM-0646,SN-2026-000646,12,Active,184,No,Display Failure,Accidental Damage,No,Yes,Yes,Yes,Yes,Yes,No,No,No,0,,No,,Yes,Yes,No,No,No,No,Yes,2,2009.33,0.0,0.958,Web,Invalid Claim,181,2,5,0,0
CLM00112,VALID_112,CUS00112,PROD00112,Laptop,PrimeView,PRI-LAP-0112,SN-2026-000112,24,Active,455,No,Display Failure,Electrical Failure,Yes,Yes,Yes,Yes,Yes,Yes,Yes,No,No,0,,No,,Yes,Yes,No,No,No,Yes,Yes,0,764.31,0.0,0.981,Service Center,Valid Claim,275,1,13,0,0
CLM00907,INVALID_407_REPORTING_PERIOD,CUS00907,PROD00907,Laptop,NovaTech,NOV-LAP-0907,SN-2026-000907,12,Active,182,No,Noise,Manufacturing Defect,Yes,No,No,Yes,Yes,Yes,Yes,No,No,0,,No,,Yes,Yes,No,No,No,No,No,0,1845.91,0.0,0.95,Email,Invalid Claim,183,2,60,0,0
CLM01367,MANUAL_367_MISSING_DOCUMENT,CUS01367,PROD01367,Camera,ZenCore,ZEN-CAM-1367,SN-2026-001367,36,Active,549,No,Display Failure,Manufacturing Defect,Yes,Yes,Yes,No,Yes,No,No,No,No,0,,No,,Yes,Yes,No,No,No,No,Yes,0,1055.98,0.0,0.896,Web,Manual Review,546,4,2,0,0
CLM00200,VALID_200,CUS00200,PROD00200,Refrigerator,HomePro,HOM-REF-0200,SN-2026-000200,12,Active,62,No,Battery Problem,Manufacturing Defect,Yes,Yes,Yes,Yes,Yes,Yes,Yes,No,No,0,,No,,Yes,Yes,No,No,No,Yes,Yes,1,1006.21,0.0,0.901,Service Center,Valid Claim,304,1,3,0,0
CLM00319,VALID_319,CUS00319,PROD00319,Television,Aster,AST-TEL-0319,SN-2026-000319,12,Active,120,No,Battery Problem,Electrical Failure,Yes,Yes,Yes,Yes,Yes,Yes,Yes,No,No,0,,No,,Yes,Yes,No,No,No,Yes,Yes,0,901.29,0.0,0.982,Email,Valid Claim,245,1,2,0,0
CLM00417,VALID_417,CUS00417,PROD00417,Camera,NovaTech,NOV-CAM-0417,SN-2026-000417,36,Active,1003,No,Water Leakage,Manufacturing Defect,Yes,Yes,Yes,Yes,Yes,Yes,Yes,No,No,0,,No,,Yes,Yes,No,No,No,Yes,Yes,0,1475.34,0.0,0.934,Web,Valid Claim,92,1,10,0,0
CLM01277,MANUAL_277_MISSING_DOCUMENT,CUS01277,PROD01277,Television,PrimeView,PRI-TEL-1277,SN-2026-001277,24,Active,365,Yes,Noise,Manufacturing Defect,Yes,Yes,Yes,Yes,Yes,No,No,No,No,0,,No,,Yes,Yes,No,No,No,No,Yes,2,2896.87,0.0,0.886,Mobile App,Manual Review,366,3,14,0,0
CLM00104,VALID_104,CUS00104,PROD00104,Washing Machine,PrimeView,PRI-WAS-0104,SN-2026-000104,36,Active,61,Yes,Connectivity Issue,Electrical Failure,Yes,Yes,Yes,Yes,Yes,Yes,Yes,No,No,0,,No,,Yes,Yes,No,No,No,Yes,Yes,0,1815.56,0.0,0.943,Mobile App,Valid Claim,1035,1,3,0,0
CLM00391,VALID_391,CUS00391,PROD00391,Refrigerator,PrimeView,PRI-REF-0391,SN-2026-000391,12,Active,273,No,Overheating,Electrical Failure,Yes,Yes,Yes,Yes,Yes,Yes,Yes,No,No,0,,No,,Yes,Yes,No,No,No,Yes,Yes,1,1693.93,0.0,0.93,Mobile App,Valid Claim,92,1,6,0,0
CLM00273,VALID_273,CUS00273,PROD00273,Television,ZenCore,ZEN-TEL-0273,SN-2026-000273,36,Active,669,No,Power Failure,Electrical Failure,Yes,Yes,Yes,Yes,Yes,Yes,Yes,No,No,0,,No,,Yes,Yes,No,No,No,Yes,Yes,1,2579.99,0.0,0.907,Email,Valid Claim,427,1,6,0,0
CLM00633,INVALID_133_EXPIRED_WARRANTY,CUS00633,PROD00633,Printer,Aster,AST-PRI-0633,SN-2026-000633,12,Expired,-90,No,Connectivity Issue,Manufacturing Defect,Yes,Yes,Yes,No,Yes,Yes,Yes,Yes,No,0,,No,,Yes,Yes,No,No,No,No,Yes,0,1419.78,0.0,0.94,Web,Invalid Claim,455,1,10,0,0
CLM01177,MANUAL_177_LOW_OCR_CONFIDENCE,CUS01177,PROD01177,Laptop,Aster,AST-LAP-1177,SN-2026-001177,36,Active,547,No,Noise,Electrical Failure,Yes,Yes,Yes,Yes,Yes,Yes,Yes,Yes,No,0,,No,,Yes,Yes,No,No,No,Yes,Yes,2,1888.25,0.0,0.655,Web,Manual Review,549,0,8,0,0
CLM00881,INVALID_381_SERIAL_MISMATCH,CUS00881,PROD00881,Air Conditioner,PrimeView,PRI-AIR-0881,SN-2026-000881,24,Active,355,No,Water Leakage,Electrical Failure,Yes,Yes,Yes,Yes,Yes,Yes,Yes,No,No,0,,No,,No,Yes,No,No,No,Yes,Yes,0,2571.13,0.0,0.94,Web,Invalid Claim,375,1,9,0,0
CLM00023,VALID_23,CUS00023,PROD00023,Printer,ZenCore,ZEN-PRI-0023,SN-2026-000023,12,Active,61,Yes,Battery Problem,Manufacturing Defect,Yes,Yes,Yes,Yes,Yes,Yes,Yes,No,No,0,,No,,Yes,Yes,No,No,No,Yes,Yes,1,2861.16,0.0,0.969,Web,Valid Claim,304,1,11,0,0
CLM00245,VALID_245,CUS00245,PROD00245,Laptop,ZenCore,ZEN-LAP-0245,SN-2026-000245,24,Active,365,No,Connectivity Issue,Manufacturing Defect,Yes,Yes,Yes,Yes,Yes,Yes,Yes,Yes,Yes,2,Yes,No,,Yes,Yes,No,No,No,Yes,Yes,1,494.75,280.64,0.906,Mobile App,Valid Claim,365,0,9,1,0
CLM00637,INVALID_137_REPORTING_PERIOD,CUS00637,PROD00637,Printer,PrimeView,PRI-PRI-0637,SN-2026-000637,24,Active,365,No,Mechanical Failure,Manufacturing Defect,Yes,No,Yes,Yes,Yes,Yes,Yes,Yes,No,0,,No,,Yes,Yes,No,No,No,Yes,Yes,2,1038.09,0.0,0.886,Service Center,Invalid Claim,366,0,60,0,0
CLM00209,VALID_209,CUS00209,PROD00209,Washing Machine,ZenCore,ZEN-WAS-0209,SN-2026-000209,24,Active,181,No,Overheating,Electrical Failure,Yes,Yes,Yes,Yes,Yes,Yes,Yes,No,No,0,,No,,Yes,Yes,No,No,No,Yes,Yes,1,1673.52,0.0,0.957,Web,Valid Claim,549,1,9,0,0
CLM00608,INVALID_108_DUPLICATE_CLAIM,CUS00608,PROD00608,Air Conditioner,ZenCore,ZEN-AIR-0608,SN-2026-000608,24,Active,456,No,Display Failure,Electrical Failure,Yes,Yes,Yes,No,Yes,No,Yes,Yes,No,0,,No,,Yes,Yes,Yes,Yes,No,No,Yes,2,2075.27,0.0,0.97,Mobile App,Invalid Claim,274,2,17,0,0
CLM00490,VALID_490,CUS00490,PROD00490,Smartphone,PrimeView,PRI-SMA-0490,SN-2026-000490,12,Active,122,No,Mechanical Failure,Electrical Failure,Yes,Yes,Yes,Yes,Yes,Yes,Yes,No,No,0,,No,,Yes,Yes,No,No,No,Yes,Yes,1,1689.21,0.0,0.969,Email,Valid Claim,244,1,13,0,0
CLM00108,VALID_108,CUS00108,PROD00108,Refrigerator,Aster,AST-REF-0108,SN-2026-000108,36,Active,608,No,Noise,Electrical Failure,Yes,Yes,Yes,Yes,Yes,Yes,Yes,No,No,0,,No,,Yes,Yes,No,No,No,Yes,Yes,0,1249.44,0.0,0.974,Mobile App,Valid Claim,488,1,3,0,0
CLM00316,VALID_316,CUS00316,PROD00316,Washing Machine,PrimeView,PRI-WAS-0316,SN-2026-000316,24,Active,120,No,Battery Problem,Manufacturing Defect,Yes,Yes,Yes,Yes,Yes,Yes,Yes,No,No,0,,No,,Yes,Yes,No,No,No,Yes,Yes,0,2458.43,0.0,0.93,Email,Valid Claim,610,1,11,0,0
CLM00201,VALID_201,CUS00201,PROD00201,Refrigerator,NovaTech,NOV-REF-0201,SN-2026-000201,24,Active,122,No,Display Failure,Electrical Failure,Yes,Yes,Yes,Yes,Yes,Yes,Yes,No,No,0,,No,,Yes,Yes,No,No,No,Yes,Yes,1,949.32,0.0,0.923,Email,Valid Claim,609,1,12,0,0
CLM00700,INVALID_200_EXCLUDED_DAMAGE,CUS00700,PROD00700,Television,HomePro,HOM-TEL-0700,SN-2026-000700,36,Active,549,Yes,Battery Problem,Physical Damage,No,Yes,Yes,No,Yes,Yes,Yes,Yes,No,0,,Yes,Yes,Yes,Yes,No,Yes,No,No,Yes,3,1990.1,0.0,0.884,Mobile App,Invalid Claim,547,1,5,0,1
CLM00914,INVALID_414_DUPLICATE_CLAIM,CUS00914,PROD00914,Washing Machine,HomePro,HOM-WAS-0914,SN-2026-000914,12,Active,272,No,Battery Problem,Manufacturing Defect,Yes,Yes,Yes,Yes,Yes,Yes,No,No,No,0,,No,,Yes,Yes,Yes,Yes,No,No,Yes,2,473.39,0.0,0.838,Web,Invalid Claim,94,2,22,0,0
CLM00902,INVALID_402_DUPLICATE_CLAIM,CUS00902,PROD00902,Air Conditioner,PrimeView,PRI-AIR-0902,SN-2026-000902,12,Active,-66,No,Overheating,Electrical Failure,Yes,Yes,Yes,Yes,Yes,Yes,Yes,Yes,No,0,,No,,Yes,Yes,Yes,Yes,No,Yes,Yes,3,2339.0,0.0,0.935,Mobile App,Invalid Claim,431,0,28,0,0
CLM00598,INVALID_98_EXCLUDED_DAMAGE,CUS00598,PROD00598,Refrigerator,PrimeView,PRI-REF-0598,SN-2026-000598,24,Active,365,No,Battery Problem,Water Damage,No,Yes,Yes,Yes,Yes,Yes,No,Yes,No,0,,No,,Yes,Yes,No,No,No,No,Yes,0,1491.52,0.0,0.867,Email,Invalid Claim,366,1,5,0,0
CLM00388,VALID_388,CUS00388,PROD00388,Laptop,HomePro,HOM-LAP-0388,SN-2026-000388,24,Active,184,No,Battery Problem,Manufacturing Defect,Yes,Yes,Yes,Yes,Yes,Yes,Yes,No,No,0,,No,,Yes,Yes,No,No,No,Yes,Yes,1,735.9,0.0,0.95,Web,Valid Claim,547,1,8,0,0
CLM00467,VALID_467,CUS00467,PROD00467,Washing Machine,Aster,AST-WAS-0467,SN-2026-000467,24,Active,120,No,Connectivity Issue,Manufacturing Defect,Yes,Yes,Yes,Yes,Yes,Yes,Yes,No,No,0,,No,,Yes,Yes,No,No,No,Yes,Yes,0,338.86,0.0,0.903,Mobile App,Valid Claim,611,1,9,0,0
CLM00227,VALID_227,CUS00227,PROD00227,Washing Machine,PrimeView,PRI-WAS-0227,SN-2026-000227,12,Active,244,No,Noise,Electrical Failure,Yes,Yes,Yes,Yes,Yes,Yes,Yes,No,No,0,,No,,Yes,Yes,No,No,No,Yes,Yes,1,2568.76,0.0,0.917,Mobile App,Valid Claim,122,1,14,0,0
CLM00988,INVALID_488_EXCLUDED_DAMAGE,CUS00988,PROD00988,Air Conditioner,HomePro,HOM-AIR-0988,SN-2026-000988,36,Active,547,No,Power Failure,Water Damage,No,Yes,Yes,No,Yes,Yes,Yes,Yes,Yes,2,Yes,No,,No,Yes,No,No,No,No,Yes,2,303.29,1334.12,0.969,Mobile App,Invalid Claim,549,1,5,1,0
CLM00198,VALID_198,CUS00198,PROD00198,Camera,Aster,AST-CAM-0198,SN-2026-000198,36,Active,243,Yes,Power Failure,Electrical Failure,Yes,Yes,Yes,Yes,Yes,Yes,Yes,No,No,0,,No,,Yes,Yes,No,No,No,Yes,Yes,1,2690.9,0.0,0.935,Email,Valid Claim,853,1,3,0,0
CLM00602,INVALID_102_DUPLICATE_CLAIM,CUS00602,PROD00602,Refrigerator,ZenCore,ZEN-REF-0602,SN-2026-000602,12,Active,14,No,Noise,Electrical Failure,Yes,Yes,Yes,Yes,Yes,Yes,Yes,No,No,0,,No,,Yes,Yes,Yes,Yes,No,Yes,Yes,3,722.32,0.0,0.882,Email,Invalid Claim,352,1,15,0,0
CLM01084,MANUAL_84_INCOMPLETE_EVIDENCE,CUS01084,PROD01084,Printer,PrimeView,PRI-PRI-1084,SN-2026-001084,36,Active,548,No,Connectivity Issue,Electrical Failure,Yes,Yes,Yes,Yes,Yes,Yes,No,Yes,No,0,,No,,Yes,Yes,No,No,No,No,Yes,0,1952.94,0.0,0.956,Service Center,Manual Review,547,1,2,0,0
CLM00181,VALID_181,CUS00181,PROD00181,Washing Machine,HomePro,HOM-WAS-0181,SN-2026-000181,12,Active,214,No,Noise,Electrical Failure,Yes,Yes,Yes,Yes,Yes,Yes,Yes,No,No,0,,No,,Yes,Yes,No,No,No,Yes,Yes,1,535.51,0.0,0.983,Email,Valid Claim,151,1,3,0,0
CLM00061,VALID_61,CUS00061,PROD00061,Refrigerator,NovaTech,NOV-REF-0061,SN-2026-000061,24,Active,92,No,Noise,Manufacturing Defect,Yes,Yes,Yes,Yes,Yes,Yes,Yes,No,No,0,,No,,Yes,Yes,No,No,No,Yes,Yes,0,1964.81,0.0,0.988,Web,Valid Claim,638,1,13,0,0
CLM00762,INVALID_262_UNAUTHORIZED_REPAIR,CUS00762,PROD00762,Refrigerator,Aster,AST-REF-0762,SN-2026-000762,24,Active,-111,No,Battery Problem,Electrical Failure,Yes,Yes,Yes,Yes,Yes,Yes,Yes,Yes,Yes,2,No,No,,Yes,No,No,No,No,Yes,Yes,0,256.18,1003.1,0.856,Mobile App,Invalid Claim,842,0,8,1,0
CLM01226,MANUAL_226_SERIAL_WARNING,CUS01226,PROD01226,Air Conditioner,NovaTech,NOV-AIR-1226,SN-2026-001226,36,Active,548,No,Noise,Electrical Failure,Yes,Yes,Yes,No,Yes,Yes,Yes,Yes,No,0,,Yes,Yes,Unknown,Yes,No,No,No,No,Yes,3,2468.48,0.0,0.953,Email,Manual Review,547,1,3,0,1
CLM00731,INVALID_231_SERIAL_MISMATCH,CUS00731,PROD00731,Laptop,ZenCore,ZEN-LAP-0731,SN-2026-000731,24,Active,200,No,Overheating,Electrical Failure,Yes,Yes,Yes,Yes,Yes,No,No,No,No,0,,No,,No,Yes,No,No,No,No,Yes,1,343.96,0.0,0.752,Web,Invalid Claim,531,3,11,0,0
CLM00193,VALID_193,CUS00193,PROD00193,Smartphone,HomePro,HOM-SMA-0193,SN-2026-000193,36,Active,214,No,Water Leakage,Electrical Failure,Yes,Yes,Yes,Yes,Yes,Yes,Yes,Yes,Yes,2,Yes,No,,Yes,Yes,No,No,No,Yes,Yes,0,2050.02,957.29,0.933,Web,Valid Claim,882,0,6,1,0
CLM00734,INVALID_234_DUPLICATE_CLAIM,CUS00734,PROD00734,Refrigerator,NovaTech,NOV-REF-0734,SN-2026-000734,24,Active,-144,No,Noise,Electrical Failure,Yes,Yes,No,Yes,Yes,Yes,No,Yes,No,0,,Yes,Yes,Yes,Yes,Yes,Yes,No,No,No,3,2753.4,0.0,0.962,Web,Invalid Claim,874,2,17,0,1
CLM00444,VALID_444,CUS00444,PROD00444,Printer,Aster,AST-PRI-0444,SN-2026-000444,24,Active,304,No,Power Failure,Manufacturing Defect,Yes,Yes,Yes,Yes,Yes,Yes,Yes,No,No,0,,No,,Yes,Yes,No,No,No,Yes,Yes,1,961.14,0.0,0.922,Mobile App,Valid Claim,426,1,13,0,0
CLM00573,INVALID_73_EXPIRED_WARRANTY,CUS00573,PROD00573,Washing Machine,ZenCore,ZEN-WAS-0573,SN-2026-000573,24,Expired,-90,No,Power Failure,Manufacturing Defect,Yes,Yes,Yes,Yes,Yes,Yes,Yes,No,No,0,,No,,Yes,Yes,No,No,No,Yes,Yes,0,138.17,0.0,0.753,Mobile App,Invalid Claim,820,1,10,0,0
CLM00157,VALID_157,CUS00157,PROD00157,Television,ZenCore,ZEN-TEL-0157,SN-2026-000157,24,Active,427,No,Mechanical Failure,Manufacturing Defect,Yes,Yes,Yes,Yes,Yes,Yes,Yes,No,No,0,,No,,Yes,Yes,No,No,No,Yes,Yes,0,1120.65,0.0,0.982,Mobile App,Valid Claim,304,1,9,0,0
CLM01157,MANUAL_157_MISSING_DOCUMENT,CUS01157,PROD01157,Camera,Aster,AST-CAM-1157,SN-2026-001157,24,Active,365,Yes,Overheating,Manufacturing Defect,Yes,Yes,Yes,No,Yes,Yes,No,No,No,0,,No,,Yes,Yes,No,No,No,No,Yes,0,1104.43,0.0,0.924,Email,Manual Review,365,3,5,0,0
CLM00522,INVALID_22_UNAUTHORIZED_REPAIR,CUS00522,PROD00522,Smartphone,HomePro,HOM-SMA-0522,SN-2026-000522,24,Active,102,No,Power Failure,Electrical Failure,Yes,Yes,Yes,Yes,Yes,Yes,Yes,Yes,Yes,2,No,No,,Yes,Yes,No,No,No,Yes,Yes,3,1002.9,802.26,0.767,Web,Invalid Claim,628,0,8,1,0
CLM01152,MANUAL_152_CONTRADICTION,CUS01152,PROD01152,Television,PrimeView,PRI-TEL-1152,SN-2026-001152,12,Active,184,No,Display Failure,Manufacturing Defect,Yes,Yes,Yes,Yes,Yes,No,Yes,Yes,Yes,3,Yes,No,,Yes,No,No,No,Yes,No,Yes,3,302.89,75.88,0.896,Web,Manual Review,181,1,11,1,0
CLM00620,INVALID_120_DUPLICATE_CLAIM,CUS00620,PROD00620,Refrigerator,PrimeView,PRI-REF-0620,SN-2026-000620,24,Active,194,No,Noise,Manufacturing Defect,Yes,Yes,Yes,No,Yes,Yes,Yes,Yes,No,0,,No,,Yes,Yes,Yes,Yes,No,No,Yes,3,1225.95,0.0,0.819,Service Center,Invalid Claim,537,1,12,0,0
CLM00997,INVALID_497_REPORTING_PERIOD,CUS00997,PROD00997,Laptop,ZenCore,ZEN-LAP-0997,SN-2026-000997,24,Active,365,No,Noise,Electrical Failure,Yes,No,Yes,Yes,Yes,Yes,Yes,No,No,0,,No,,No,Yes,No,No,No,Yes,Yes,1,313.31,0.0,0.796,Mobile App,Invalid Claim,366,1,60,0,0
CLM01225,MANUAL_225_LOW_OCR_CONFIDENCE,CUS01225,PROD01225,Television,NovaTech,NOV-TEL-1225,SN-2026-001225,12,Active,183,No,Connectivity Issue,Manufacturing Defect,Yes,Yes,Yes,Yes,Yes,Yes,Yes,No,No,0,,No,,Yes,Yes,No,No,No,Yes,Yes,0,1107.89,0.0,0.629,Web,Manual Review,183,1,12,0,0
CLM01405,MANUAL_405_LOW_OCR_CONFIDENCE,CUS01405,PROD01405,Camera,HomePro,HOM-CAM-1405,SN-2026-001405,24,Active,365,No,Overheating,Electrical Failure,Yes,Yes,Yes,Yes,Yes,Yes,Yes,No,No,0,,No,,Yes,Yes,No,No,No,Yes,Yes,3,575.94,0.0,0.56,Mobile App,Manual Review,366,1,7,0,0
CLM00759,INVALID_259_EXPIRED_WARRANTY,CUS00759,PROD00759,Smartphone,NovaTech,NOV-SMA-0759,SN-2026-000759,12,Expired,-90,No,Overheating,Manufacturing Defect,Yes,Yes,Yes,Yes,Yes,No,Yes,Yes,No,0,,No,,Yes,Yes,Yes,No,No,No,Yes,3,1464.01,0.0,0.912,Mobile App,Invalid Claim,455,1,10,0,0
CLM00042,VALID_42,CUS00042,PROD00042,Smartphone,Aster,AST-SMA-0042,SN-2026-000042,12,Active,181,No,Battery Problem,Electrical Failure,Yes,Yes,Yes,Yes,Yes,Yes,Yes,No,No,0,,No,,Yes,Yes,No,No,No,Yes,Yes,1,2118.46,0.0,0.94,Service Center,Valid Claim,184,1,11,0,0
CLM00843,INVALID_343_EXPIRED_WARRANTY,CUS00843,PROD00843,Smartphone,ZenCore,ZEN-SMA-0843,SN-2026-000843,24,Expired,-90,No,Battery Problem,Electrical Failure,Yes,Yes,No,Yes,Yes,Yes,No,No,No,0,,No,,Yes,Yes,No,No,No,No,No,1,124.83,0.0,0.751,Web,Invalid Claim,821,3,10,0,0
CLM00950,INVALID_450_DUPLICATE_CLAIM,CUS00950,PROD00950,Camera,ZenCore,ZEN-CAM-0950,SN-2026-000950,12,Active,-237,No,Overheating,Electrical Failure,Yes,Yes,Yes,Yes,No,Yes,Yes,Yes,No,0,,No,,Yes,Yes,Yes,Yes,No,No,Yes,3,1752.31,0.0,0.77,Service Center,Invalid Claim,602,1,26,0,0
CLM01236,MANUAL_236_CONTRADICTION,CUS01236,PROD01236,Printer,PrimeView,PRI-PRI-1236,SN-2026-001236,24,Active,366,No,Display Failure,Electrical Failure,Yes,Yes,Yes,Yes,Yes,Yes,Yes,Yes,Yes,3,Yes,No,,Yes,No,No,No,Yes,Yes,Yes,1,2016.16,966.77,0.763,Email,Manual Review,365,0,6,1,0
CLM00024,VALID_24,CUS00024,PROD00024,Laptop,HomePro,HOM-LAP-0024,SN-2026-000024,36,Active,303,Yes,Water Leakage,Electrical Failure,Yes,Yes,Yes,Yes,Yes,Yes,Yes,No,No,0,,No,,Yes,Yes,No,No,No,Yes,Yes,1,1594.64,0.0,0.917,Service Center,Valid Claim,792,1,5,0,0
CLM01415,MANUAL_415_MISSING_DOCUMENT,CUS01415,PROD01415,Laptop,ZenCore,ZEN-LAP-1415,SN-2026-001415,24,Active,365,No,Water Leakage,Manufacturing Defect,Yes,Yes,Yes,No,Yes,Yes,No,No,No,0,,No,,Yes,Yes,No,No,No,No,Yes,1,1904.49,0.0,0.779,Email,Manual Review,365,3,1,0,0
CLM00215,VALID_215,CUS00215,PROD00215,Television,HomePro,HOM-TEL-0215,SN-2026-000215,12,Active,243,Yes,Display Failure,Manufacturing Defect,Yes,Yes,Yes,Yes,Yes,Yes,Yes,No,No,0,,No,,Yes,Yes,No,No,No,Yes,Yes,1,513.71,0.0,0.962,Service Center,Valid Claim,122,1,11,0,0
CLM01453,MANUAL_453_LOW_OCR_CONFIDENCE,CUS01453,PROD01453,Washing Machine,NovaTech,NOV-WAS-1453,SN-2026-001453,24,Active,365,No,Water Leakage,Manufacturing Defect,Yes,Yes,Yes,Yes,Yes,Yes,Yes,Yes,No,0,,No,,Yes,Yes,No,No,No,Yes,Yes,1,1654.44,0.0,0.606,Email,Manual Review,365,0,6,0,0
CLM00026,VALID_26,CUS00026,PROD00026,Printer,PrimeView,PRI-PRI-0026,SN-2026-000026,24,Active,457,No,Mechanical Failure,Electrical Failure,Yes,Yes,Yes,Yes,Yes,Yes,Yes,Yes,Yes,2,Yes,No,,Yes,Yes,No,No,No,Yes,Yes,0,2877.41,557.76,0.941,Email,Valid Claim,273,0,2,1,0
CLM00078,VALID_78,CUS00078,PROD00078,Smartphone,PrimeView,PRI-SMA-0078,SN-2026-000078,24,Active,609,No,Power Failure,Manufacturing Defect,Yes,Yes,Yes,Yes,Yes,Yes,Yes,No,No,0,,No,,Yes,Yes,No,No,No,Yes,Yes,0,2481.62,0.0,0.922,Email,Valid Claim,122,1,7,0,0
CLM01205,MANUAL_205_MISSING_DOCUMENT,CUS01205,PROD01205,Laptop,ZenCore,ZEN-LAP-1205,SN-2026-001205,36,Active,546,No,Mechanical Failure,Manufacturing Defect,Yes,Yes,Yes,No,Yes,Yes,Yes,No,No,0,,No,,Yes,Yes,No,No,No,No,Yes,2,1761.92,0.0,0.809,Email,Manual Review,549,2,7,0,0
CLM00475,VALID_475,CUS00475,PROD00475,Television,NovaTech,NOV-TEL-0475,SN-2026-000475,12,Active,306,No,Noise,Manufacturing Defect,Yes,Yes,Yes,Yes,Yes,Yes,Yes,No,No,0,,No,,Yes,Yes,No,No,No,Yes,Yes,0,76.32,0.0,0.917,Service Center,Valid Claim,59,1,8,0,0
CLM00162,VALID_162,CUS00162,PROD00162,Television,Aster,AST-TEL-0162,SN-2026-000162,36,Active,457,Yes,Overheating,Manufacturing Defect,Yes,Yes,Yes,Yes,Yes,Yes,Yes,Yes,Yes,1,Yes,No,,Yes,Yes,No,No,No,Yes,Yes,1,185.22,692.61,0.903,Email,Valid Claim,639,0,13,1,0
CLM00964,INVALID_464_EXCLUDED_DAMAGE,CUS00964,PROD00964,Printer,HomePro,HOM-PRI-0964,SN-2026-000964,36,Active,549,No,Power Failure,Water Damage,No,Yes,Yes,Yes,Yes,Yes,Yes,Yes,No,0,,No,,Yes,Yes,No,No,No,Yes,Yes,1,759.08,0.0,0.96,Mobile App,Invalid Claim,546,0,5,0,0
CLM00231,VALID_231,CUS00231,PROD00231,Washing Machine,PrimeView,PRI-WAS-0231,SN-2026-000231,12,Active,153,Yes,Connectivity Issue,Electrical Failure,Yes,Yes,Yes,Yes,Yes,Yes,Yes,No,No,0,,No,,Yes,Yes,No,No,No,Yes,Yes,0,2642.51,0.0,0.967,Service Center,Valid Claim,213,1,1,0,0
CLM00556,INVALID_56_EXCLUDED_DAMAGE,CUS00556,PROD00556,Air Conditioner,HomePro,HOM-AIR-0556,SN-2026-000556,36,Active,547,No,Battery Problem,Accidental Damage,No,Yes,Yes,Yes,Yes,Yes,Yes,Yes,No,0,,No,,Yes,Yes,No,No,No,Yes,Yes,0,2117.86,0.0,0.864,Service Center,Invalid Claim,549,0,5,0,0
CLM00905,INVALID_405_SERIAL_MISMATCH,CUS00905,PROD00905,Camera,Aster,AST-CAM-0905,SN-2026-000905,24,Active,5,No,Battery Problem,Manufacturing Defect,Yes,Yes,Yes,Yes,Yes,No,Yes,Yes,Yes,2,No,No,,No,Yes,No,No,No,No,Yes,2,2799.33,376.99,0.756,Mobile App,Invalid Claim,726,1,17,1,0
CLM00495,VALID_495,CUS00495,PROD00495,Air Conditioner,NovaTech,NOV-AIR-0495,SN-2026-000495,24,Active,214,No,Overheating,Electrical Failure,Yes,Yes,Yes,Yes,Yes,Yes,Yes,No,No,0,,No,,Yes,Yes,No,No,No,Yes,Yes,0,937.33,0.0,0.963,Service Center,Valid Claim,516,1,13,0,0
CLM00472,VALID_472,CUS00472,PROD00472,Refrigerator,NovaTech,NOV-REF-0472,SN-2026-000472,24,Active,669,Yes,Connectivity Issue,Manufacturing Defect,Yes,Yes,Yes,Yes,Yes,Yes,Yes,No,No,0,,No,,Yes,Yes,No,No,No,Yes,Yes,1,2405.72,0.0,0.921,Email,Valid Claim,61,1,7,0,0
CLM00086,VALID_86,CUS00086,PROD00086,Washing Machine,HomePro,HOM-WAS-0086,SN-2026-000086,12,Active,276,No,Mechanical Failure,Electrical Failure,Yes,Yes,Yes,Yes,Yes,Yes,Yes,No,No,0,,No,,Yes,Yes,No,No,No,Yes,Yes,1,891.68,0.0,0.963,Email,Valid Claim,90,1,9,0,0
CLM00701,INVALID_201_SERIAL_MISMATCH,CUS00701,PROD00701,Washing Machine,Aster,AST-WAS-0701,SN-2026-000701,12,Active,18,No,Noise,Electrical Failure,Yes,Yes,Yes,Yes,No,Yes,Yes,Yes,No,0,,No,,No,Yes,No,No,No,No,Yes,3,2803.35,0.0,0.863,Service Center,Invalid Claim,348,1,21,0,0
CLM01033,MANUAL_33_LOW_OCR_CONFIDENCE,CUS01033,PROD01033,Printer,PrimeView,PRI-PRI-1033,SN-2026-001033,12,Active,184,No,Water Leakage,Electrical Failure,Yes,Yes,Yes,Yes,Yes,Yes,Yes,No,Yes,3,Yes,No,,Yes,Yes,No,No,No,Yes,Yes,0,2804.35,1066.63,0.629,Web,Manual Review,181,1,7,1,0
CLM00436,VALID_436,CUS00436,PROD00436,Washing Machine,Aster,AST-WAS-0436,SN-2026-000436,36,Active,944,No,Mechanical Failure,Manufacturing Defect,Yes,Yes,Yes,Yes,Yes,Yes,Yes,No,No,0,,No,,Yes,Yes,No,No,No,Yes,Yes,1,1785.31,0.0,0.917,Mobile App,Valid Claim,152,1,1,0,0
CLM00674,INVALID_174_DUPLICATE_CLAIM,CUS00674,PROD00674,Refrigerator,ZenCore,ZEN-REF-0674,SN-2026-000674,36,Active,490,No,Overheating,Electrical Failure,Yes,Yes,No,Yes,Yes,No,Yes,No,No,0,,No,,Yes,Yes,Yes,Yes,No,No,No,2,2883.88,0.0,0.861,Email,Invalid Claim,605,3,14,0,0
CLM00940,INVALID_440_EXCLUDED_DAMAGE,CUS00940,PROD00940,Washing Machine,Aster,AST-WAS-0940,SN-2026-000940,24,Active,365,No,Overheating,Normal Wear,No,Yes,Yes,No,Yes,Yes,No,Yes,No,0,,No,,Yes,Yes,No,No,No,No,Yes,3,1007.43,0.0,0.777,Service Center,Invalid Claim,365,2,5,0,0
CLM00435,VALID_435,CUS00435,PROD00435,Camera,PrimeView,PRI-CAM-0435,SN-2026-000435,36,Active,669,No,Water Leakage,Manufacturing Defect,Yes,Yes,Yes,Yes,Yes,Yes,Yes,No,No,0,,No,,Yes,Yes,No,No,No,Yes,Yes,0,606.86,0.0,0.921,Service Center,Valid Claim,426,1,6,0,0
CLM00356,VALID_356,CUS00356,PROD00356,Refrigerator,Aster,AST-REF-0356,SN-2026-000356,24,Active,610,No,Water Leakage,Electrical Failure,Yes,Yes,Yes,Yes,Yes,Yes,Yes,No,No,0,,No,,Yes,Yes,No,No,No,Yes,Yes,1,2905.46,0.0,0.905,Mobile App,Valid Claim,120,1,4,0,0
CLM00328,VALID_328,CUS00328,PROD00328,Refrigerator,PrimeView,PRI-REF-0328,SN-2026-000328,36,Active,853,Yes,Mechanical Failure,Electrical Failure,Yes,Yes,Yes,Yes,Yes,Yes,Yes,No,No,0,,No,,Yes,Yes,No,No,No,Yes,Yes,1,1207.39,0.0,0.977,Web,Valid Claim,243,1,12,0,0
CLM00839,INVALID_339_SERIAL_MISMATCH,CUS00839,PROD00839,Air Conditioner,PrimeView,PRI-AIR-0839,SN-2026-000839,36,Active,217,No,Connectivity Issue,Electrical Failure,Yes,Yes,Yes,No,Yes,Yes,Yes,Yes,Yes,2,Yes,No,,No,Yes,No,No,No,No,Yes,0,2267.58,730.03,0.778,Service Center,Invalid Claim,878,1,3,1,0
CLM00269,VALID_269,CUS00269,PROD00269,Air Conditioner,Aster,AST-AIR-0269,SN-2026-000269,12,Active,61,Yes,Noise,Electrical Failure,Yes,Yes,Yes,Yes,Yes,Yes,Yes,No,No,0,,No,,Yes,Yes,No,No,No,Yes,Yes,1,316.85,0.0,0.926,Email,Valid Claim,305,1,8,0,0
CLM00693,INVALID_193_EXPIRED_WARRANTY,CUS00693,PROD00693,Refrigerator,ZenCore,ZEN-REF-0693,SN-2026-000693,36,Expired,-90,No,Noise,Electrical Failure,Yes,Yes,Yes,Yes,Yes,Yes,Yes,Yes,Yes,1,Yes,No,,Yes,Yes,No,No,No,Yes,Yes,1,2881.48,1051.76,0.811,Service Center,Invalid Claim,1186,0,10,1,0
CLM00524,INVALID_24_DUPLICATE_CLAIM,CUS00524,PROD00524,Smartphone,HomePro,HOM-SMA-0524,SN-2026-000524,24,Active,62,Yes,Connectivity Issue,Manufacturing Defect,Yes,Yes,Yes,No,Yes,Yes,Yes,Yes,No,0,,No,,Yes,Yes,Yes,Yes,No,No,Yes,2,1169.21,0.0,0.766,Service Center,Invalid Claim,668,1,14,0,0
CLM00718,INVALID_218_EXCLUDED_DAMAGE,CUS00718,PROD00718,Refrigerator,Aster,AST-REF-0718,SN-2026-000718,24,Active,365,No,Mechanical Failure,Physical Damage,No,Yes,Yes,Yes,Yes,Yes,Yes,No,No,0,,No,,Yes,Yes,No,No,No,Yes,Yes,2,2065.52,0.0,0.847,Web,Invalid Claim,365,1,5,0,0
CLM00094,VALID_94,CUS00094,PROD00094,Washing Machine,Aster,AST-WAS-0094,SN-2026-000094,24,Active,395,No,Mechanical Failure,Electrical Failure,Yes,Yes,Yes,Yes,Yes,Yes,Yes,No,No,0,,No,,Yes,Yes,No,No,No,Yes,Yes,0,1290.72,0.0,0.986,Service Center,Valid Claim,336,1,7,0,0
CLM00615,INVALID_115_EXPIRED_WARRANTY,CUS00615,PROD00615,Air Conditioner,ZenCore,ZEN-AIR-0615,SN-2026-000615,12,Expired,-90,No,Display Failure,Manufacturing Defect,Yes,Yes,Yes,Yes,Yes,Yes,No,Yes,No,0,,No,,Yes,No,No,No,No,No,Yes,1,1433.12,0.0,0.858,Web,Invalid Claim,455,1,10,0,0
CLM01370,MANUAL_370_SERIAL_WARNING,CUS01370,PROD01370,Television,Aster,AST-TEL-1370,SN-2026-001370,36,Active,549,Yes,Connectivity Issue,Electrical Failure,Yes,Yes,Yes,Yes,Yes,Yes,Yes,No,No,0,,No,,Unknown,Yes,No,No,No,No,Yes,3,113.5,0.0,0.929,Web,Manual Review,547,1,14,0,0
CLM00981,INVALID_481_EXPIRED_WARRANTY,CUS00981,PROD00981,Camera,Aster,AST-CAM-0981,SN-2026-000981,36,Expired,-90,No,Water Leakage,Electrical Failure,Yes,Yes,Yes,Yes,Yes,Yes,No,No,Yes,1,Yes,No,,Yes,Yes,No,No,No,No,Yes,3,2098.18,1179.86,0.786,Service Center,Invalid Claim,1185,2,10,1,0
CLM00727,INVALID_227_REPORTING_PERIOD,CUS00727,PROD00727,Camera,ZenCore,ZEN-CAM-0727,SN-2026-000727,12,Active,182,No,Connectivity Issue,Manufacturing Defect,Yes,No,Yes,No,Yes,Yes,Yes,No,No,0,,Yes,Yes,Yes,Yes,No,No,No,No,Yes,0,764.95,0.0,0.961,Email,Invalid Claim,183,2,60,0,1
CLM00282,VALID_282,CUS00282,PROD00282,Laptop,Aster,AST-LAP-0282,SN-2026-000282,36,Active,789,No,Noise,Manufacturing Defect,Yes,Yes,Yes,Yes,Yes,Yes,Yes,Yes,Yes,1,Yes,No,,Yes,Yes,No,No,No,Yes,Yes,0,1583.92,679.88,0.964,Web,Valid Claim,306,0,6,1,0
CLM00917,INVALID_417_SERIAL_MISMATCH,CUS00917,PROD00917,Smartphone,Aster,AST-SMA-0917,SN-2026-000917,12,Active,45,No,Water Leakage,Electrical Failure,Yes,Yes,Yes,No,Yes,Yes,Yes,No,No,0,,No,,No,Yes,No,No,No,No,Yes,0,848.64,0.0,0.97,Mobile App,Invalid Claim,320,2,18,0,0
CLM01448,MANUAL_448_SERIAL_WARNING,CUS01448,PROD01448,Printer,PrimeView,PRI-PRI-1448,SN-2026-001448,12,Active,181,Yes,Overheating,Manufacturing Defect,Yes,Yes,Yes,No,Yes,Yes,Yes,No,Yes,1,Yes,No,,Unknown,Yes,No,No,No,No,Yes,1,2039.4,1002.67,0.752,Mobile App,Manual Review,184,2,14,1,0
CLM00463,VALID_463,CUS00463,PROD00463,Television,Aster,AST-TEL-0463,SN-2026-000463,24,Active,549,No,Overheating,Manufacturing Defect,Yes,Yes,Yes,Yes,Yes,Yes,Yes,No,No,0,,No,,Yes,Yes,No,No,No,Yes,Yes,0,762.43,0.0,0.934,Mobile App,Valid Claim,182,1,13,0,0
CLM01438,MANUAL_438_INCOMPLETE_EVIDENCE,CUS01438,PROD01438,Refrigerator,Aster,AST-REF-1438,SN-2026-001438,24,Active,365,Yes,Battery Problem,Electrical Failure,Yes,Yes,Yes,Yes,Yes,Yes,No,No,No,0,,No,,Yes,Yes,No,No,No,No,Yes,3,131.51,0.0,0.877,Email,Manual Review,365,2,2,0,0
CLM01319,MANUAL_319_MISSING_DOCUMENT,CUS01319,PROD01319,Television,Aster,AST-TEL-1319,SN-2026-001319,36,Active,548,No,Power Failure,Manufacturing Defect,Yes,Yes,Yes,No,Yes,Yes,Yes,No,Yes,3,No,No,,Yes,Yes,No,No,No,No,Yes,1,951.0,1193.4,0.848,Service Center,Manual Review,548,2,11,1,0
CLM01134,MANUAL_134_CONTRADICTION,CUS01134,PROD01134,Television,PrimeView,PRI-TEL-1134,SN-2026-001134,24,Active,365,No,Display Failure,Manufacturing Defect,Yes,Yes,Yes,Yes,Yes,No,Yes,No,No,0,,No,,Yes,No,No,No,Yes,No,Yes,0,2928.08,0.0,0.766,Email,Manual Review,365,2,13,0,0
CLM01201,MANUAL_201_LOW_OCR_CONFIDENCE,CUS01201,PROD01201,Air Conditioner,HomePro,HOM-AIR-1201,SN-2026-001201,12,Active,183,Yes,Overheating,Manufacturing Defect,Yes,Yes,Yes,Yes,Yes,Yes,Yes,Yes,No,0,,No,,Yes,Yes,No,No,No,Yes,Yes,3,2037.35,0.0,0.487,Mobile App,Manual Review,183,0,4,0,0
CLM00256,VALID_256,CUS00256,PROD00256,Printer,ZenCore,ZEN-PRI-0256,SN-2026-000256,24,Active,424,No,Mechanical Failure,Manufacturing Defect,Yes,Yes,Yes,Yes,Yes,Yes,Yes,No,No,0,,No,,Yes,Yes,No,No,No,Yes,Yes,0,142.26,0.0,0.958,Email,Valid Claim,306,1,8,0,0
CLM00265,VALID_265,CUS00265,PROD00265,Air Conditioner,ZenCore,ZEN-AIR-0265,SN-2026-000265,36,Active,791,No,Overheating,Manufacturing Defect,Yes,Yes,Yes,Yes,Yes,Yes,Yes,No,No,0,,No,,Yes,Yes,No,No,No,Yes,Yes,1,1146.03,0.0,0.96,Service Center,Valid Claim,305,1,5,0,0
CLM01483,MANUAL_483_LOW_OCR_CONFIDENCE,CUS01483,PROD01483,Refrigerator,PrimeView,PRI-REF-1483,SN-2026-001483,36,Active,548,No,Connectivity Issue,Manufacturing Defect,Yes,Yes,Yes,Yes,Yes,Yes,Yes,Yes,No,0,,No,,Yes,Yes,No,No,No,Yes,Yes,3,970.83,0.0,0.462,Mobile App,Manual Review,548,0,8,0,0
CLM00578,INVALID_78_DUPLICATE_CLAIM,CUS00578,PROD00578,Smartphone,PrimeView,PRI-SMA-0578,SN-2026-000578,24,Active,396,No,Connectivity Issue,Electrical Failure,Yes,Yes,Yes,Yes,Yes,Yes,No,Yes,No,0,,No,,Yes,Yes,Yes,Yes,No,No,Yes,3,1245.52,0.0,0.974,Web,Invalid Claim,335,1,6,0,0
CLM00137,VALID_137,CUS00137,PROD00137,Laptop,NovaTech,NOV-LAP-0137,SN-2026-000137,24,Active,245,No,Water Leakage,Electrical Failure,Yes,Yes,Yes,Yes,Yes,Yes,Yes,No,No,0,,No,,Yes,Yes,No,No,No,Yes,Yes,0,2052.08,0.0,0.964,Mobile App,Valid Claim,486,1,1,0,0
CLM00145,VALID_145,CUS00145,PROD00145,Television,HomePro,HOM-TEL-0145,SN-2026-000145,12,Active,273,No,Battery Problem,Manufacturing Defect,Yes,Yes,Yes,Yes,Yes,Yes,Yes,No,No,0,,No,,Yes,Yes,No,No,No,Yes,Yes,1,1658.18,0.0,0.939,Email,Valid Claim,92,1,14,0,0
CLM00140,VALID_140,CUS00140,PROD00140,Refrigerator,ZenCore,ZEN-REF-0140,SN-2026-000140,36,Active,215,No,Display Failure,Electrical Failure,Yes,Yes,Yes,Yes,Yes,Yes,Yes,No,No,0,,No,,Yes,Yes,No,No,No,Yes,Yes,1,711.19,0.0,0.958,Mobile App,Valid Claim,881,1,14,0,0
CLM01301,MANUAL_301_MISSING_DOCUMENT,CUS01301,PROD01301,Camera,Aster,AST-CAM-1301,SN-2026-001301,12,Active,184,No,Connectivity Issue,Manufacturing Defect,Yes,Yes,Yes,No,Yes,Yes,Yes,No,No,0,,Yes,Yes,Yes,Yes,No,No,No,No,Yes,0,848.58,0.0,0.822,Email,Manual Review,182,2,5,0,1
CLM01070,MANUAL_70_SERIAL_WARNING,CUS01070,PROD01070,Laptop,HomePro,HOM-LAP-1070,SN-2026-001070,12,Active,183,No,Connectivity Issue,Electrical Failure,Yes,Yes,Yes,No,Yes,Yes,Yes,Yes,No,0,,No,,Unknown,Yes,No,No,No,No,Yes,0,516.05,0.0,0.765,Service Center,Manual Review,182,1,8,0,0
CLM00214,VALID_214,CUS00214,PROD00214,Washing Machine,HomePro,HOM-WAS-0214,SN-2026-000214,36,Active,820,Yes,Power Failure,Electrical Failure,Yes,Yes,Yes,Yes,Yes,Yes,Yes,No,No,0,,No,,Yes,Yes,No,No,No,Yes,Yes,0,2161.23,0.0,0.954,Email,Valid Claim,276,1,14,0,0
CLM00012,VALID_12,CUS00012,PROD00012,Smartphone,HomePro,HOM-SMA-0012,SN-2026-000012,12,Active,274,No,Water Leakage,Electrical Failure,Yes,Yes,Yes,Yes,Yes,Yes,Yes,No,No,0,,No,,Yes,Yes,No,No,No,Yes,Yes,1,1462.01,0.0,0.952,Service Center,Valid Claim,92,1,7,0,0
CLM00022,VALID_22,CUS00022,PROD00022,Refrigerator,ZenCore,ZEN-REF-0022,SN-2026-000022,36,Active,92,No,Connectivity Issue,Electrical Failure,Yes,Yes,Yes,Yes,Yes,Yes,Yes,Yes,Yes,2,Yes,No,,Yes,Yes,No,No,No,Yes,Yes,0,1364.12,958.29,0.905,Mobile App,Valid Claim,1004,0,12,1,0
CLM01368,MANUAL_368_CONTRADICTION,CUS01368,PROD01368,Laptop,Aster,AST-LAP-1368,SN-2026-001368,24,Active,365,No,Battery Problem,Electrical Failure,Yes,Yes,Yes,No,Yes,Yes,Yes,Yes,No,0,,No,,Yes,No,No,No,Yes,No,Yes,1,1537.23,0.0,0.942,Web,Manual Review,366,1,9,0,0
CLM00657,INVALID_157_EXPIRED_WARRANTY,CUS00657,PROD00657,Smartphone,PrimeView,PRI-SMA-0657,SN-2026-000657,24,Expired,-90,No,Overheating,Manufacturing Defect,Yes,Yes,Yes,Yes,Yes,Yes,No,Yes,No,0,,Yes,Yes,Yes,Yes,No,No,No,No,Yes,0,890.85,0.0,0.918,Mobile App,Invalid Claim,820,1,10,0,1
CLM00100,VALID_100,CUS00100,PROD00100,Smartphone,PrimeView,PRI-SMA-0100,SN-2026-000100,12,Active,92,Yes,Noise,Manufacturing Defect,Yes,Yes,Yes,Yes,Yes,Yes,Yes,No,No,0,,No,,Yes,Yes,No,No,No,Yes,Yes,1,1029.46,0.0,0.975,Mobile App,Valid Claim,274,1,6,0,0
CLM01300,MANUAL_300_INCOMPLETE_EVIDENCE,CUS01300,PROD01300,Laptop,NovaTech,NOV-LAP-1300,SN-2026-001300,24,Active,365,No,Display Failure,Manufacturing Defect,Yes,Yes,Yes,No,Yes,Yes,No,No,No,0,,No,,Yes,Yes,No,No,No,No,Yes,1,166.35,0.0,0.864,Web,Manual Review,365,3,13,0,0
CLM01138,MANUAL_138_INCOMPLETE_EVIDENCE,CUS01138,PROD01138,Smartphone,Aster,AST-SMA-1138,SN-2026-001138,36,Active,547,No,Water Leakage,Electrical Failure,Yes,Yes,Yes,Yes,Yes,Yes,No,No,No,0,,No,,Yes,Yes,No,No,No,No,Yes,0,917.38,0.0,0.893,Email,Manual Review,549,2,11,0,0
CLM01446,MANUAL_446_CONTRADICTION,CUS01446,PROD01446,Printer,ZenCore,ZEN-PRI-1446,SN-2026-001446,36,Active,549,Yes,Power Failure,Electrical Failure,Yes,Yes,Yes,No,Yes,Yes,Yes,Yes,No,0,,No,,Yes,No,No,No,Yes,No,Yes,2,2400.3,0.0,0.827,Email,Manual Review,547,1,4,0,0
CLM00261,VALID_261,CUS00261,PROD00261,Air Conditioner,HomePro,HOM-AIR-0261,SN-2026-000261,12,Active,182,No,Water Leakage,Electrical Failure,Yes,Yes,Yes,Yes,Yes,Yes,Yes,No,No,0,,No,,Yes,Yes,No,No,No,Yes,Yes,1,668.11,0.0,0.949,Mobile App,Valid Claim,183,1,2,0,0
CLM00534,INVALID_34_UNAUTHORIZED_REPAIR,CUS00534,PROD00534,Washing Machine,NovaTech,NOV-WAS-0534,SN-2026-000534,24,Active,299,No,Overheating,Manufacturing Defect,Yes,Yes,Yes,Yes,Yes,Yes,No,Yes,Yes,1,No,No,,Yes,Yes,No,No,No,No,Yes,1,233.96,1021.4,0.797,Mobile App,Invalid Claim,431,1,5,1,0
CLM00107,VALID_107,CUS00107,PROD00107,Air Conditioner,Aster,AST-AIR-0107,SN-2026-000107,36,Active,670,Yes,Connectivity Issue,Manufacturing Defect,Yes,Yes,Yes,Yes,Yes,Yes,Yes,No,No,0,,No,,Yes,Yes,No,No,No,Yes,Yes,1,1382.72,0.0,0.982,Email,Valid Claim,426,1,1,0,0
CLM01392,MANUAL_392_CONTRADICTION,CUS01392,PROD01392,Television,HomePro,HOM-TEL-1392,SN-2026-001392,24,Active,365,No,Overheating,Manufacturing Defect,Yes,Yes,Yes,Yes,No,Yes,Yes,Yes,No,0,,No,,Yes,No,No,No,Yes,No,Yes,3,180.89,0.0,0.939,Email,Manual Review,365,1,11,0,0
CLM00221,VALID_221,CUS00221,PROD00221,Printer,Aster,AST-PRI-0221,SN-2026-000221,12,Active,153,No,Overheating,Manufacturing Defect,Yes,Yes,Yes,Yes,Yes,Yes,Yes,No,No,0,,No,,Yes,Yes,No,No,No,Yes,Yes,1,2446.73,0.0,0.926,Email,Valid Claim,212,1,3,0,0
CLM01467,MANUAL_467_UNCLEAR_REPAIR,CUS01467,PROD01467,Washing Machine,PrimeView,PRI-WAS-1467,SN-2026-001467,24,Active,365,No,Mechanical Failure,Manufacturing Defect,Yes,Yes,No,Yes,Yes,Yes,No,No,Yes,2,Unknown,No,,Yes,Yes,No,No,No,No,No,1,1913.24,0.0,0.816,Email,Manual Review,366,3,3,1,0
CLM00778,INVALID_278_EXCLUDED_DAMAGE,CUS00778,PROD00778,Air Conditioner,HomePro,HOM-AIR-0778,SN-2026-000778,24,Active,365,No,Display Failure,Water Damage,No,Yes,Yes,No,Yes,Yes,Yes,No,No,0,,No,,Yes,Yes,No,No,No,No,Yes,2,1972.73,0.0,0.825,Mobile App,Invalid Claim,365,2,5,0,0
CLM01450,MANUAL_450_INCOMPLETE_EVIDENCE,CUS01450,PROD01450,Smartphone,PrimeView,PRI-SMA-1450,SN-2026-001450,12,Active,181,No,Mechanical Failure,Electrical Failure,Yes,Yes,Yes,Yes,Yes,Yes,No,Yes,No,0,,No,,Yes,Yes,No,No,No,No,Yes,2,1582.28,0.0,0.887,Web,Manual Review,184,1,9,0,0
CLM00091,VALID_91,CUS00091,PROD00091,Television,ZenCore,ZEN-TEL-0091,SN-2026-000091,12,Active,274,No,Power Failure,Electrical Failure,Yes,Yes,Yes,Yes,Yes,Yes,Yes,No,No,0,,No,,Yes,Yes,No,No,No,Yes,Yes,1,2719.25,0.0,0.981,Web,Valid Claim,92,1,9,0,0
CLM01130,MANUAL_130_SERIAL_WARNING,CUS01130,PROD01130,Television,NovaTech,NOV-TEL-1130,SN-2026-001130,24,Active,365,No,Water Leakage,Manufacturing Defect,Yes,Yes,Yes,Yes,Yes,Yes,Yes,Yes,No,0,,No,,Unknown,Yes,No,No,No,No,Yes,1,2462.14,0.0,0.842,Mobile App,Manual Review,365,0,14,0,0
CLM01018,MANUAL_18_INCOMPLETE_EVIDENCE,CUS01018,PROD01018,Television,NovaTech,NOV-TEL-1018,SN-2026-001018,36,Active,547,No,Connectivity Issue,Electrical Failure,Yes,Yes,Yes,Yes,Yes,Yes,No,Yes,No,0,,Yes,Yes,Yes,Yes,No,No,No,No,Yes,2,1425.05,0.0,0.988,Email,Manual Review,549,1,10,0,1
CLM01449,MANUAL_449_UNCLEAR_REPAIR,CUS01449,PROD01449,Printer,PrimeView,PRI-PRI-1449,SN-2026-001449,12,Active,184,No,Battery Problem,Electrical Failure,Yes,Yes,Yes,Yes,No,Yes,Yes,Yes,Yes,1,Unknown,No,,Yes,Yes,No,No,No,No,Yes,0,1013.89,1298.09,0.826,Web,Manual Review,181,1,1,1,0
CLM00542,INVALID_42_DUPLICATE_CLAIM,CUS00542,PROD00542,Washing Machine,ZenCore,ZEN-WAS-0542,SN-2026-000542,24,Active,374,No,Overheating,Electrical Failure,Yes,Yes,No,Yes,No,Yes,Yes,No,Yes,3,No,Yes,Yes,Yes,Yes,Yes,Yes,No,No,No,1,2673.17,346.81,0.909,Web,Invalid Claim,356,3,1,1,1
CLM00030,VALID_30,CUS00030,PROD00030,Refrigerator,Aster,AST-REF-0030,SN-2026-000030,24,Active,304,No,Display Failure,Electrical Failure,Yes,Yes,Yes,Yes,Yes,Yes,Yes,No,No,0,,No,,Yes,Yes,No,No,No,Yes,Yes,1,146.66,0.0,0.965,Web,Valid Claim,427,1,13,0,0
CLM00376,VALID_376,CUS00376,PROD00376,Camera,NovaTech,NOV-CAM-0376,SN-2026-000376,36,Active,61,No,Battery Problem,Electrical Failure,Yes,Yes,Yes,Yes,Yes,Yes,Yes,No,No,0,,No,,Yes,Yes,No,No,No,Yes,Yes,0,1183.49,0.0,0.977,Mobile App,Valid Claim,1035,1,11,0,0
CLM01145,MANUAL_145_MISSING_DOCUMENT,CUS01145,PROD01145,Refrigerator,NovaTech,NOV-REF-1145,SN-2026-001145,12,Active,184,No,Connectivity Issue,Electrical Failure,Yes,Yes,Yes,No,Yes,No,No,No,No,0,,No,,Yes,Yes,No,No,No,No,Yes,2,2227.61,0.0,0.789,Service Center,Manual Review,181,4,2,0,0
CLM01437,MANUAL_437_UNCLEAR_REPAIR,CUS01437,PROD01437,Washing Machine,ZenCore,ZEN-WAS-1437,SN-2026-001437,24,Active,365,No,Overheating,Manufacturing Defect,Yes,Yes,Yes,Yes,Yes,No,Yes,No,Yes,1,Unknown,No,,Yes,Yes,No,No,Yes,No,Yes,3,562.95,1230.96,0.829,Mobile App,Manual Review,365,2,6,1,0
CLM00070,VALID_70,CUS00070,PROD00070,Air Conditioner,HomePro,HOM-AIR-0070,SN-2026-000070,36,Active,365,No,Display Failure,Electrical Failure,Yes,Yes,Yes,Yes,Yes,Yes,Yes,No,No,0,,No,,Yes,Yes,No,No,No,Yes,Yes,1,1582.86,0.0,0.982,Email,Valid Claim,730,1,1,0,0
CLM00057,VALID_57,CUS00057,PROD00057,Air Conditioner,NovaTech,NOV-AIR-0057,SN-2026-000057,12,Active,122,No,Water Leakage,Electrical Failure,Yes,Yes,Yes,Yes,Yes,Yes,Yes,No,No,0,,No,,Yes,Yes,No,No,No,Yes,Yes,0,375.91,0.0,0.929,Service Center,Valid Claim,244,1,2,0,0
CLM00705,INVALID_205_EXPIRED_WARRANTY,CUS00705,PROD00705,Air Conditioner,NovaTech,NOV-AIR-0705,SN-2026-000705,36,Expired,-90,No,Overheating,Electrical Failure,Yes,Yes,No,Yes,Yes,Yes,Yes,Yes,Yes,3,Yes,No,,Yes,Yes,No,No,No,No,No,1,2665.44,468.01,0.858,Service Center,Invalid Claim,1186,1,10,1,0
CLM00706,INVALID_206_EXCLUDED_DAMAGE,CUS00706,PROD00706,Smartphone,ZenCore,ZEN-SMA-0706,SN-2026-000706,24,Active,365,No,Overheating,Accidental Damage,No,Yes,Yes,Yes,Yes,Yes,No,Yes,No,0,,No,,Yes,Yes,No,No,No,No,Yes,0,2194.38,0.0,0.767,Service Center,Invalid Claim,365,1,5,0,0
CLM00561,INVALID_61_EXPIRED_WARRANTY,CUS00561,PROD00561,Refrigerator,HomePro,HOM-REF-0561,SN-2026-000561,24,Expired,-90,No,Noise,Electrical Failure,Yes,Yes,Yes,Yes,Yes,Yes,Yes,Yes,No,0,,No,,Yes,Yes,No,No,No,Yes,Yes,1,2267.76,0.0,0.944,Web,Invalid Claim,821,0,10,0,0
CLM00690,INVALID_190_UNAUTHORIZED_REPAIR,CUS00690,PROD00690,Smartphone,PrimeView,PRI-SMA-0690,SN-2026-000690,24,Active,680,No,Display Failure,Electrical Failure,Yes,Yes,Yes,Yes,No,No,Yes,Yes,Yes,1,No,No,,Yes,Yes,No,No,No,No,Yes,1,1683.65,609.13,0.875,Service Center,Invalid Claim,51,2,20,1,0
CLM00754,INVALID_254_EXCLUDED_DAMAGE,CUS00754,PROD00754,Washing Machine,Aster,AST-WAS-0754,SN-2026-000754,36,Active,550,No,Mechanical Failure,Physical Damage,No,Yes,Yes,Yes,Yes,Yes,Yes,No,No,0,,No,,No,Yes,No,No,No,Yes,Yes,3,1098.89,0.0,0.879,Mobile App,Invalid Claim,546,1,5,0,0
CLM00872,INVALID_372_DUPLICATE_CLAIM,CUS00872,PROD00872,Refrigerator,HomePro,HOM-REF-0872,SN-2026-000872,24,Active,58,No,Battery Problem,Electrical Failure,Yes,Yes,Yes,Yes,Yes,Yes,Yes,Yes,No,0,,Yes,Yes,Yes,Yes,Yes,Yes,No,Yes,Yes,1,1150.52,0.0,0.816,Service Center,Invalid Claim,673,0,1,0,1
CLM01139,MANUAL_139_MISSING_DOCUMENT,CUS01139,PROD01139,Camera,ZenCore,ZEN-CAM-1139,SN-2026-001139,36,Active,546,No,Noise,Manufacturing Defect,Yes,Yes,Yes,No,Yes,Yes,Yes,No,No,0,,No,,Yes,Yes,No,No,No,No,Yes,1,323.32,0.0,0.757,Email,Manual Review,549,2,5,0,0
CLM00935,INVALID_435_SERIAL_MISMATCH,CUS00935,PROD00935,Smartphone,NovaTech,NOV-SMA-0935,SN-2026-000935,12,Active,-281,Yes,Connectivity Issue,Electrical Failure,Yes,Yes,Yes,Yes,No,Yes,Yes,No,No,0,,No,,No,No,No,No,No,No,Yes,3,168.94,0.0,0.961,Mobile App,Invalid Claim,647,2,1,0,0
CLM00612,INVALID_112_UNAUTHORIZED_REPAIR,CUS00612,PROD00612,Camera,PrimeView,PRI-CAM-0612,SN-2026-000612,24,Active,-33,Yes,Power Failure,Electrical Failure,Yes,Yes,Yes,Yes,Yes,Yes,Yes,Yes,Yes,1,No,No,,Yes,Yes,No,No,No,Yes,Yes,1,1759.28,321.07,0.964,Email,Invalid Claim,763,0,7,1,0
CLM00304,VALID_304,CUS00304,PROD00304,Washing Machine,Aster,AST-WAS-0304,SN-2026-000304,12,Active,182,No,Noise,Electrical Failure,Yes,Yes,Yes,Yes,Yes,Yes,Yes,No,No,0,,No,,Yes,Yes,No,No,No,Yes,Yes,1,831.78,0.0,0.982,Email,Valid Claim,184,1,14,0,0
CLM00219,VALID_219,CUS00219,PROD00219,Printer,NovaTech,NOV-PRI-0219,SN-2026-000219,12,Active,245,No,Connectivity Issue,Manufacturing Defect,Yes,Yes,Yes,Yes,Yes,Yes,Yes,Yes,Yes,1,Yes,No,,Yes,Yes,No,No,No,Yes,Yes,1,999.67,78.65,0.95,Email,Valid Claim,121,0,8,1,0
CLM00761,INVALID_261_SERIAL_MISMATCH,CUS00761,PROD00761,Smartphone,NovaTech,NOV-SMA-0761,SN-2026-000761,24,Active,227,Yes,Noise,Manufacturing Defect,Yes,Yes,Yes,Yes,Yes,Yes,Yes,No,No,0,,No,,No,Yes,No,No,No,Yes,Yes,0,427.31,0.0,0.886,Mobile App,Invalid Claim,503,1,16,0,0
CLM01279,MANUAL_279_LOW_OCR_CONFIDENCE,CUS01279,PROD01279,Air Conditioner,NovaTech,NOV-AIR-1279,SN-2026-001279,36,Active,547,No,Water Leakage,Manufacturing Defect,Yes,Yes,Yes,Yes,Yes,Yes,Yes,Yes,No,0,,No,,Yes,Yes,No,Yes,No,Yes,Yes,1,1822.45,0.0,0.683,Service Center,Manual Review,549,0,8,0,0
CLM00856,INVALID_356_EXCLUDED_DAMAGE,CUS00856,PROD00856,Camera,NovaTech,NOV-CAM-0856,SN-2026-000856,24,Active,365,No,Water Leakage,Water Damage,No,Yes,Yes,Yes,No,Yes,Yes,Yes,No,0,,No,,Yes,Yes,No,No,No,No,Yes,0,2701.83,0.0,0.796,Service Center,Invalid Claim,366,1,5,0,0
CLM01159,MANUAL_159_LOW_OCR_CONFIDENCE,CUS01159,PROD01159,Air Conditioner,ZenCore,ZEN-AIR-1159,SN-2026-001159,24,Active,365,No,Overheating,Electrical Failure,Yes,Yes,Yes,Yes,Yes,Yes,No,No,No,0,,No,,Yes,Yes,No,No,No,Yes,Yes,3,744.3,0.0,0.647,Mobile App,Manual Review,365,2,7,0,0
CLM00630,INVALID_130_UNAUTHORIZED_REPAIR,CUS00630,PROD00630,Television,ZenCore,ZEN-TEL-0630,SN-2026-000630,24,Active,563,No,Overheating,Manufacturing Defect,Yes,Yes,Yes,Yes,Yes,Yes,Yes,Yes,Yes,2,No,No,,Yes,Yes,No,No,No,Yes,Yes,1,2533.45,914.11,0.838,Email,Invalid Claim,167,0,4,1,0
CLM01120,MANUAL_120_INCOMPLETE_EVIDENCE,CUS01120,PROD01120,Television,ZenCore,ZEN-TEL-1120,SN-2026-001120,12,Active,184,No,Power Failure,Electrical Failure,Yes,Yes,Yes,No,Yes,Yes,No,No,No,0,,No,,Yes,Yes,No,No,No,No,Yes,2,808.65,0.0,0.825,Mobile App,Manual Review,181,3,8,0,0
CLM00530,INVALID_30_DUPLICATE_CLAIM,CUS00530,PROD00530,Washing Machine,HomePro,HOM-WAS-0530,SN-2026-000530,24,Active,596,No,Battery Problem,Electrical Failure,Yes,Yes,Yes,Yes,No,Yes,Yes,Yes,No,0,,No,,Yes,Yes,Yes,Yes,No,No,Yes,3,1500.88,0.0,0.898,Email,Invalid Claim,134,1,18,0,0
CLM00349,VALID_349,CUS00349,PROD00349,Laptop,ZenCore,ZEN-LAP-0349,SN-2026-000349,24,Active,337,No,Display Failure,Manufacturing Defect,Yes,Yes,Yes,Yes,Yes,Yes,Yes,No,No,0,,No,,Yes,Yes,No,No,No,Yes,Yes,0,846.09,0.0,0.915,Service Center,Valid Claim,393,1,5,0,0
CLM00744,INVALID_244_UNAUTHORIZED_REPAIR,CUS00744,PROD00744,Printer,NovaTech,NOV-PRI-0744,SN-2026-000744,24,Active,539,No,Power Failure,Electrical Failure,Yes,Yes,No,Yes,Yes,Yes,No,Yes,Yes,2,No,No,,Yes,Yes,No,No,No,No,No,1,566.58,236.7,0.931,Mobile App,Invalid Claim,192,2,2,1,0
CLM00963,INVALID_463_EXPIRED_WARRANTY,CUS00963,PROD00963,Television,Aster,AST-TEL-0963,SN-2026-000963,12,Expired,-90,Yes,Power Failure,Manufacturing Defect,Yes,Yes,Yes,Yes,Yes,No,Yes,Yes,Yes,3,Yes,Yes,Yes,Yes,No,No,No,No,No,Yes,1,2300.08,520.28,0.827,Mobile App,Invalid Claim,455,1,10,1,1
CLM01091,MANUAL_91_MISSING_DOCUMENT,CUS01091,PROD01091,Refrigerator,Aster,AST-REF-1091,SN-2026-001091,24,Active,365,No,Connectivity Issue,Manufacturing Defect,Yes,Yes,Yes,No,Yes,No,No,No,No,0,,No,,Yes,Yes,No,No,No,No,Yes,3,2824.67,0.0,0.808,Email,Manual Review,365,4,7,0,0
CLM01333,MANUAL_333_LOW_OCR_CONFIDENCE,CUS01333,PROD01333,Printer,Aster,AST-PRI-1333,SN-2026-001333,12,Active,183,No,Connectivity Issue,Electrical Failure,Yes,Yes,No,No,Yes,Yes,Yes,No,Yes,2,Yes,No,,Yes,Yes,No,No,No,Yes,No,1,2913.56,852.86,0.68,Service Center,Manual Review,183,3,3,1,0
CLM01337,MANUAL_337_MISSING_DOCUMENT,CUS01337,PROD01337,Refrigerator,HomePro,HOM-REF-1337,SN-2026-001337,36,Active,547,No,Overheating,Manufacturing Defect,Yes,Yes,Yes,Yes,Yes,Yes,Yes,No,Yes,2,Yes,No,,Yes,Yes,No,No,No,No,Yes,2,2652.09,614.23,0.977,Email,Manual Review,549,1,7,1,0
CLM00449,VALID_449,CUS00449,PROD00449,Smartphone,PrimeView,PRI-SMA-0449,SN-2026-000449,12,Active,184,No,Overheating,Electrical Failure,Yes,Yes,Yes,Yes,Yes,Yes,Yes,No,No,0,,No,,Yes,Yes,No,No,No,Yes,Yes,1,1648.14,0.0,0.946,Service Center,Valid Claim,181,1,11,0,0
CLM01271,MANUAL_271_MISSING_DOCUMENT,CUS01271,PROD01271,Refrigerator,NovaTech,NOV-REF-1271,SN-2026-001271,36,Active,547,No,Display Failure,Manufacturing Defect,Yes,Yes,Yes,No,Yes,Yes,No,No,No,0,,No,,Yes,Yes,No,No,No,No,Yes,0,1870.11,0.0,0.769,Service Center,Manual Review,548,3,9,0,0
CLM01495,MANUAL_495_LOW_OCR_CONFIDENCE,CUS01495,PROD01495,Refrigerator,PrimeView,PRI-REF-1495,SN-2026-001495,36,Active,549,No,Power Failure,Manufacturing Defect,Yes,Yes,Yes,Yes,Yes,Yes,Yes,No,No,0,,No,,Yes,Yes,No,No,No,Yes,Yes,1,408.74,0.0,0.66,Mobile App,Manual Review,547,1,9,0,0
CLM00456,VALID_456,CUS00456,PROD00456,Air Conditioner,Aster,AST-AIR-0456,SN-2026-000456,24,Active,457,No,Water Leakage,Electrical Failure,Yes,Yes,Yes,Yes,Yes,Yes,Yes,Yes,Yes,2,Yes,No,,Yes,Yes,No,No,No,Yes,Yes,1,422.9,610.48,0.919,Mobile App,Valid Claim,273,0,12,1,0
CLM01073,MANUAL_73_MISSING_DOCUMENT,CUS01073,PROD01073,Printer,HomePro,HOM-PRI-1073,SN-2026-001073,36,Active,550,No,Water Leakage,Manufacturing Defect,Yes,Yes,Yes,No,Yes,No,Yes,No,No,0,,No,,Yes,Yes,No,No,No,No,Yes,0,2806.42,0.0,0.943,Web,Manual Review,546,3,9,0,0
CLM00750,INVALID_250_UNAUTHORIZED_REPAIR,CUS00750,PROD00750,Television,Aster,AST-TEL-0750,SN-2026-000750,12,Active,-174,No,Water Leakage,Electrical Failure,Yes,Yes,Yes,Yes,No,Yes,No,Yes,Yes,2,No,No,,Yes,Yes,No,No,No,No,Yes,2,1805.72,893.01,0.936,Email,Invalid Claim,539,2,26,1,0
CLM00864,INVALID_364_UNAUTHORIZED_REPAIR,CUS00864,PROD00864,Air Conditioner,NovaTech,NOV-AIR-0864,SN-2026-000864,12,Active,237,No,Water Leakage,Electrical Failure,Yes,Yes,Yes,No,Yes,No,Yes,Yes,Yes,2,No,No,,Yes,Yes,No,No,Yes,No,Yes,0,2403.44,313.61,0.849,Email,Invalid Claim,128,2,16,1,0
CLM01263,MANUAL_263_UNCLEAR_REPAIR,CUS01263,PROD01263,Smartphone,HomePro,HOM-SMA-1263,SN-2026-001263,24,Active,365,No,Noise,Manufacturing Defect,Yes,Yes,Yes,Yes,Yes,Yes,Yes,Yes,Yes,2,Unknown,No,,Yes,Yes,No,No,No,No,Yes,0,2245.97,193.31,0.861,Email,Manual Review,365,0,3,1,0
CLM00584,INVALID_84_DUPLICATE_CLAIM,CUS00584,PROD00584,Laptop,ZenCore,ZEN-LAP-0584,SN-2026-000584,24,Active,78,No,Noise,Manufacturing Defect,Yes,Yes,Yes,Yes,Yes,Yes,Yes,No,No,0,,No,,Yes,Yes,Yes,Yes,No,Yes,Yes,2,959.6,0.0,0.86,Service Center,Invalid Claim,652,1,12,0,0
CLM01321,MANUAL_321_LOW_OCR_CONFIDENCE,CUS01321,PROD01321,Camera,Aster,AST-CAM-1321,SN-2026-001321,24,Active,365,No,Power Failure,Electrical Failure,Yes,Yes,No,No,Yes,No,Yes,Yes,Yes,2,Yes,No,,Yes,Yes,No,No,No,Yes,No,1,2358.81,589.09,0.578,Service Center,Manual Review,366,3,5,1,0
CLM00276,VALID_276,CUS00276,PROD00276,Television,NovaTech,NOV-TEL-0276,SN-2026-000276,24,Active,578,No,Noise,Electrical Failure,Yes,Yes,Yes,Yes,Yes,Yes,Yes,No,No,0,,No,,Yes,Yes,No,No,No,Yes,Yes,1,2157.16,0.0,0.91,Web,Valid Claim,153,1,2,0,0
CLM01200,MANUAL_200_CONTRADICTION,CUS01200,PROD01200,Air Conditioner,HomePro,HOM-AIR-1200,SN-2026-001200,24,Active,365,No,Power Failure,Manufacturing Defect,Yes,Yes,Yes,No,Yes,Yes,Yes,Yes,Yes,3,Yes,No,,Yes,No,No,No,Yes,No,Yes,1,2655.72,620.42,0.773,Mobile App,Manual Review,365,1,9,1,0
CLM00709,INVALID_209_REPORTING_PERIOD,CUS00709,PROD00709,Air Conditioner,PrimeView,PRI-AIR-0709,SN-2026-000709,36,Active,549,Yes,Display Failure,Manufacturing Defect,Yes,No,Yes,Yes,Yes,Yes,Yes,Yes,No,0,,No,,Yes,Yes,No,No,No,Yes,Yes,1,354.18,0.0,0.978,Email,Invalid Claim,547,0,60,0,0
CLM00134,VALID_134,CUS00134,PROD00134,Air Conditioner,ZenCore,ZEN-AIR-0134,SN-2026-000134,36,Active,122,Yes,Noise,Electrical Failure,Yes,Yes,Yes,Yes,Yes,Yes,Yes,No,No,0,,No,,Yes,Yes,No,No,No,Yes,Yes,1,2947.41,0.0,0.915,Email,Valid Claim,974,1,1,0,0
CLM01357,MANUAL_357_LOW_OCR_CONFIDENCE,CUS01357,PROD01357,Laptop,ZenCore,ZEN-LAP-1357,SN-2026-001357,24,Active,365,No,Display Failure,Manufacturing Defect,Yes,Yes,Yes,No,Yes,Yes,Yes,Yes,No,0,,No,,No,Yes,No,No,No,Yes,Yes,1,1642.09,0.0,0.498,Service Center,Manual Review,365,1,6,0,0
CLM00894,INVALID_394_UNAUTHORIZED_REPAIR,CUS00894,PROD00894,Air Conditioner,ZenCore,ZEN-AIR-0894,SN-2026-000894,12,Active,-37,No,Water Leakage,Electrical Failure,Yes,Yes,Yes,Yes,Yes,No,Yes,Yes,Yes,1,No,Yes,Yes,Yes,Yes,No,No,No,No,Yes,3,1066.37,640.29,0.762,Web,Invalid Claim,402,1,16,1,1
CLM00591,INVALID_91_EXPIRED_WARRANTY,CUS00591,PROD00591,Laptop,PrimeView,PRI-LAP-0591,SN-2026-000591,12,Expired,-90,No,Mechanical Failure,Electrical Failure,Yes,Yes,Yes,Yes,Yes,Yes,Yes,Yes,No,0,,No,,Yes,Yes,No,No,No,Yes,Yes,2,86.34,0.0,0.759,Mobile App,Invalid Claim,456,0,10,0,0
CLM01175,MANUAL_175_MISSING_DOCUMENT,CUS01175,PROD01175,Television,NovaTech,NOV-TEL-1175,SN-2026-001175,36,Active,549,Yes,Display Failure,Manufacturing Defect,Yes,Yes,Yes,No,Yes,No,Yes,No,No,0,,No,,Yes,Yes,No,No,No,No,Yes,3,2512.33,0.0,0.905,Service Center,Manual Review,547,3,13,0,0
CLM00355,VALID_355,CUS00355,PROD00355,Refrigerator,ZenCore,ZEN-REF-0355,SN-2026-000355,24,Active,335,No,Display Failure,Manufacturing Defect,Yes,Yes,Yes,Yes,Yes,Yes,Yes,No,No,0,,No,,Yes,Yes,No,No,No,Yes,Yes,1,1447.48,0.0,0.933,Service Center,Valid Claim,395,1,4,0,0
CLM01006,MANUAL_06_INCOMPLETE_EVIDENCE,CUS01006,PROD01006,Laptop,Aster,AST-LAP-1006,SN-2026-001006,36,Active,546,No,Connectivity Issue,Manufacturing Defect,Yes,Yes,Yes,Yes,Yes,Yes,No,Yes,No,0,,No,,Yes,Yes,No,No,No,No,Yes,0,1838.75,0.0,0.918,Email,Manual Review,549,1,9,0,0
CLM00830,INVALID_330_DUPLICATE_CLAIM,CUS00830,PROD00830,Television,HomePro,HOM-TEL-0830,SN-2026-000830,36,Active,339,No,Water Leakage,Manufacturing Defect,Yes,Yes,Yes,Yes,No,Yes,Yes,Yes,No,0,,No,,Yes,Yes,Yes,Yes,No,No,Yes,1,2274.86,0.0,0.982,Email,Invalid Claim,757,1,26,0,0
CLM00594,INVALID_94_UNAUTHORIZED_REPAIR,CUS00594,PROD00594,Printer,HomePro,HOM-PRI-0594,SN-2026-000594,36,Active,400,No,Overheating,Manufacturing Defect,Yes,Yes,Yes,No,Yes,Yes,Yes,Yes,Yes,1,No,No,,Yes,Yes,No,No,No,No,Yes,3,1993.18,239.12,0.928,Email,Invalid Claim,696,1,3,1,0
CLM01249,MANUAL_249_LOW_OCR_CONFIDENCE,CUS01249,PROD01249,Smartphone,HomePro,HOM-SMA-1249,SN-2026-001249,36,Active,550,No,Water Leakage,Manufacturing Defect,Yes,Yes,Yes,Yes,No,Yes,Yes,No,No,0,,No,,Yes,Yes,No,No,No,Yes,Yes,0,1694.47,0.0,0.485,Web,Manual Review,546,2,11,0,0
CLM00430,VALID_430,CUS00430,PROD00430,Television,Aster,AST-TEL-0430,SN-2026-000430,24,Active,639,Yes,Display Failure,Manufacturing Defect,Yes,Yes,Yes,Yes,Yes,Yes,Yes,No,No,0,,No,,Yes,Yes,No,No,No,Yes,Yes,0,1263.48,0.0,0.913,Service Center,Valid Claim,92,1,9,0,0
CLM01316,MANUAL_316_SERIAL_WARNING,CUS01316,PROD01316,Washing Machine,ZenCore,ZEN-WAS-1316,SN-2026-001316,36,Active,546,Yes,Water Leakage,Manufacturing Defect,Yes,Yes,Yes,Yes,Yes,Yes,Yes,No,No,0,,No,,Unknown,Yes,No,No,No,No,Yes,0,1766.2,0.0,0.755,Web,Manual Review,550,1,14,0,0
CLM00507,INVALID_07_EXPIRED_WARRANTY,CUS00507,PROD00507,Washing Machine,PrimeView,PRI-WAS-0507,SN-2026-000507,24,Expired,-90,No,Battery Problem,Electrical Failure,Yes,Yes,Yes,Yes,Yes,Yes,Yes,No,Yes,2,Yes,No,,Yes,Yes,No,No,No,Yes,Yes,3,1628.77,751.0,0.823,Mobile App,Invalid Claim,821,1,10,1,0
CLM00019,VALID_19,CUS00019,PROD00019,Laptop,Aster,AST-LAP-0019,SN-2026-000019,24,Active,395,No,Water Leakage,Manufacturing Defect,Yes,Yes,Yes,Yes,Yes,Yes,Yes,No,No,0,,No,,Yes,Yes,No,No,No,Yes,Yes,1,282.88,0.0,0.951,Web,Valid Claim,336,1,3,0,0
CLM00978,INVALID_478_UNAUTHORIZED_REPAIR,CUS00978,PROD00978,Laptop,Aster,AST-LAP-0978,SN-2026-000978,36,Active,742,Yes,Overheating,Electrical Failure,Yes,Yes,Yes,No,Yes,Yes,No,Yes,Yes,1,No,No,,Yes,Yes,No,No,No,No,Yes,0,1638.85,543.46,0.75,Web,Invalid Claim,354,2,26,1,0
CLM01447,MANUAL_447_LOW_OCR_CONFIDENCE,CUS01447,PROD01447,Refrigerator,NovaTech,NOV-REF-1447,SN-2026-001447,24,Active,366,No,Water Leakage,Electrical Failure,Yes,Yes,Yes,Yes,No,Yes,Yes,No,Yes,1,Yes,No,,Yes,Yes,No,No,No,Yes,Yes,3,535.15,1113.39,0.569,Service Center,Manual Review,365,2,14,1,0
CLM00893,INVALID_393_SERIAL_MISMATCH,CUS00893,PROD00893,Refrigerator,PrimeView,PRI-REF-0893,SN-2026-000893,12,Active,-375,No,Water Leakage,Electrical Failure,Yes,Yes,Yes,Yes,Yes,No,No,Yes,No,0,,No,,No,Yes,No,No,No,No,Yes,1,2187.2,0.0,0.973,Mobile App,Invalid Claim,740,2,1,0,0
CLM00929,INVALID_429_SERIAL_MISMATCH,CUS00929,PROD00929,Laptop,NovaTech,NOV-LAP-0929,SN-2026-000929,24,Active,-147,No,Overheating,Electrical Failure,Yes,Yes,Yes,Yes,Yes,No,Yes,Yes,No,0,,No,,No,Yes,No,No,No,No,Yes,0,1420.77,0.0,0.984,Service Center,Invalid Claim,878,1,22,0,0
CLM01442,MANUAL_442_SERIAL_WARNING,CUS01442,PROD01442,Television,PrimeView,PRI-TEL-1442,SN-2026-001442,36,Active,548,No,Display Failure,Manufacturing Defect,Yes,Yes,Yes,No,No,Yes,Yes,Yes,No,0,,No,,Unknown,Yes,No,No,No,No,Yes,2,1949.01,0.0,0.905,Email,Manual Review,548,2,4,0,0
CLM01472,MANUAL_472_SERIAL_WARNING,CUS01472,PROD01472,Washing Machine,HomePro,HOM-WAS-1472,SN-2026-001472,24,Active,365,No,Noise,Electrical Failure,Yes,Yes,Yes,Yes,Yes,Yes,No,Yes,No,0,,No,,Unknown,Yes,No,No,No,No,Yes,0,2148.85,0.0,0.792,Email,Manual Review,365,1,2,0,0
CLM00343,VALID_343,CUS00343,PROD00343,Refrigerator,NovaTech,NOV-REF-0343,SN-2026-000343,12,Active,184,No,Power Failure,Manufacturing Defect,Yes,Yes,Yes,Yes,Yes,Yes,Yes,Yes,Yes,2,Yes,No,,Yes,Yes,No,No,No,Yes,Yes,0,242.18,703.55,0.985,Email,Valid Claim,181,0,14,1,0
CLM00563,INVALID_63_SERIAL_MISMATCH,CUS00563,PROD00563,Television,NovaTech,NOV-TEL-0563,SN-2026-000563,12,Active,-100,No,Connectivity Issue,Manufacturing Defect,Yes,Yes,Yes,No,Yes,Yes,Yes,No,No,0,,No,,No,Yes,No,No,No,No,Yes,3,223.11,0.0,0.928,Service Center,Invalid Claim,465,2,25,0,0
CLM00737,INVALID_237_SERIAL_MISMATCH,CUS00737,PROD00737,Smartphone,HomePro,HOM-SMA-0737,SN-2026-000737,12,Active,-29,No,Battery Problem,Electrical Failure,Yes,Yes,Yes,Yes,Yes,Yes,Yes,Yes,No,0,,No,,No,Yes,No,No,No,Yes,Yes,1,2467.38,0.0,0.847,Mobile App,Invalid Claim,394,0,18,0,0
CLM00967,INVALID_467_REPORTING_PERIOD,CUS00967,PROD00967,Television,ZenCore,ZEN-TEL-0967,SN-2026-000967,12,Active,183,No,Power Failure,Electrical Failure,Yes,No,Yes,No,Yes,Yes,Yes,Yes,No,0,,No,,Yes,Yes,No,No,No,No,Yes,2,1245.6,0.0,0.835,Email,Invalid Claim,183,1,60,0,0
CLM00538,INVALID_38_EXCLUDED_DAMAGE,CUS00538,PROD00538,Camera,Aster,AST-CAM-0538,SN-2026-000538,24,Active,365,No,Mechanical Failure,Normal Wear,No,Yes,Yes,No,Yes,Yes,No,No,No,0,,No,,Yes,Yes,No,No,No,No,Yes,2,579.93,0.0,0.773,Service Center,Invalid Claim,365,3,5,0,0
CLM00448,VALID_448,CUS00448,PROD00448,Washing Machine,Aster,AST-WAS-0448,SN-2026-000448,24,Active,516,No,Battery Problem,Manufacturing Defect,Yes,Yes,Yes,Yes,Yes,Yes,Yes,No,No,0,,No,,Yes,Yes,No,No,No,Yes,Yes,1,2057.8,0.0,0.911,Email,Valid Claim,214,1,5,0,0
CLM01451,MANUAL_451_MISSING_DOCUMENT,CUS01451,PROD01451,Television,Aster,AST-TEL-1451,SN-2026-001451,36,Active,550,Yes,Connectivity Issue,Manufacturing Defect,Yes,Yes,Yes,Yes,Yes,No,Yes,No,No,0,,No,,Yes,Yes,No,No,No,No,Yes,0,2254.72,0.0,0.795,Email,Manual Review,546,2,8,0,0
CLM00876,INVALID_376_UNAUTHORIZED_REPAIR,CUS00876,PROD00876,Television,PrimeView,PRI-TEL-0876,SN-2026-000876,36,Active,625,No,Display Failure,Manufacturing Defect,Yes,Yes,Yes,Yes,Yes,Yes,Yes,Yes,Yes,2,No,No,,No,Yes,No,No,No,Yes,Yes,3,1595.3,1152.57,0.842,Service Center,Invalid Claim,471,0,28,1,0
CLM01217,MANUAL_217_MISSING_DOCUMENT,CUS01217,PROD01217,Camera,NovaTech,NOV-CAM-1217,SN-2026-001217,24,Active,365,Yes,Display Failure,Manufacturing Defect,Yes,Yes,Yes,Yes,Yes,No,Yes,No,Yes,3,Yes,No,,Yes,Yes,No,No,No,No,Yes,0,733.35,705.49,0.752,Web,Manual Review,366,2,1,1,0
CLM00836,INVALID_336_DUPLICATE_CLAIM,CUS00836,PROD00836,Washing Machine,ZenCore,ZEN-WAS-0836,SN-2026-000836,12,Active,115,No,Noise,Manufacturing Defect,Yes,Yes,Yes,Yes,Yes,Yes,No,Yes,No,0,,No,,Yes,Yes,Yes,Yes,No,No,Yes,3,400.78,0.0,0.855,Mobile App,Invalid Claim,251,1,23,0,0
CLM00251,VALID_251,CUS00251,PROD00251,Washing Machine,ZenCore,ZEN-WAS-0251,SN-2026-000251,12,Active,92,No,Connectivity Issue,Electrical Failure,Yes,Yes,Yes,Yes,Yes,Yes,Yes,No,No,0,,No,,Yes,Yes,No,No,No,Yes,Yes,1,1908.24,0.0,0.978,Email,Valid Claim,273,1,5,0,0
CLM01497,MANUAL_497_UNCLEAR_REPAIR,CUS01497,PROD01497,Smartphone,NovaTech,NOV-SMA-1497,SN-2026-001497,24,Active,365,No,Noise,Manufacturing Defect,Yes,Yes,Yes,Yes,Yes,Yes,Yes,No,Yes,1,Unknown,No,,Yes,Yes,No,No,No,No,Yes,3,956.59,0.0,0.791,Email,Manual Review,366,1,8,1,0
CLM00095,VALID_95,CUS00095,PROD00095,Refrigerator,PrimeView,PRI-REF-0095,SN-2026-000095,36,Active,789,No,Mechanical Failure,Electrical Failure,Yes,Yes,Yes,Yes,Yes,Yes,Yes,No,No,0,,No,,Yes,Yes,No,No,No,Yes,Yes,0,109.41,0.0,0.976,Service Center,Valid Claim,306,1,12,0,0
CLM00295,VALID_295,CUS00295,PROD00295,Refrigerator,NovaTech,NOV-REF-0295,SN-2026-000295,36,Active,92,No,Overheating,Manufacturing Defect,Yes,Yes,Yes,Yes,Yes,Yes,Yes,No,No,0,,No,,Yes,Yes,No,No,No,Yes,Yes,0,2676.06,0.0,0.917,Email,Valid Claim,1004,1,13,0,0
CLM00481,VALID_481,CUS00481,PROD00481,Television,HomePro,HOM-TEL-0481,SN-2026-000481,12,Active,153,No,Power Failure,Manufacturing Defect,Yes,Yes,Yes,Yes,Yes,Yes,Yes,No,No,0,,No,,Yes,Yes,No,No,No,Yes,Yes,0,448.24,0.0,0.978,Service Center,Valid Claim,213,1,9,0,0
CLM01455,MANUAL_455_UNCLEAR_REPAIR,CUS01455,PROD01455,Air Conditioner,PrimeView,PRI-AIR-1455,SN-2026-001455,36,Active,549,No,Battery Problem,Electrical Failure,Yes,Yes,Yes,Yes,Yes,Yes,Yes,No,Yes,1,Unknown,No,,Yes,Yes,No,No,No,No,Yes,2,2322.92,0.0,0.909,Service Center,Manual Review,547,1,12,1,0
CLM00249,VALID_249,CUS00249,PROD00249,Smartphone,Aster,AST-SMA-0249,SN-2026-000249,12,Active,121,No,Water Leakage,Electrical Failure,Yes,Yes,Yes,Yes,Yes,Yes,Yes,No,No,0,,No,,Yes,Yes,No,No,No,Yes,Yes,1,731.69,0.0,0.923,Email,Valid Claim,244,1,13,0,0
CLM00520,INVALID_20_EXCLUDED_DAMAGE,CUS00520,PROD00520,Smartphone,ZenCore,ZEN-SMA-0520,SN-2026-000520,36,Active,548,No,Overheating,Physical Damage,No,Yes,No,Yes,No,Yes,Yes,Yes,No,0,,Yes,Yes,Yes,Yes,No,No,No,No,No,2,2184.82,0.0,0.849,Mobile App,Invalid Claim,548,2,5,0,1
CLM01234,MANUAL_234_INCOMPLETE_EVIDENCE,CUS01234,PROD01234,Camera,HomePro,HOM-CAM-1234,SN-2026-001234,36,Active,549,Yes,Water Leakage,Manufacturing Defect,Yes,Yes,Yes,Yes,Yes,Yes,No,Yes,No,0,,No,,Yes,Yes,No,No,No,No,Yes,0,936.07,0.0,0.857,Mobile App,Manual Review,547,1,11,0,0
CLM00471,VALID_471,CUS00471,PROD00471,Smartphone,NovaTech,NOV-SMA-0471,SN-2026-000471,36,Active,790,No,Power Failure,Manufacturing Defect,Yes,Yes,Yes,Yes,Yes,Yes,Yes,Yes,Yes,1,Yes,No,,Yes,Yes,No,No,No,Yes,Yes,0,320.68,340.7,0.924,Service Center,Valid Claim,306,0,7,1,0
CLM00474,VALID_474,CUS00474,PROD00474,Smartphone,PrimeView,PRI-SMA-0474,SN-2026-000474,24,Active,184,No,Battery Problem,Manufacturing Defect,Yes,Yes,Yes,Yes,Yes,Yes,Yes,No,No,0,,No,,Yes,Yes,No,No,No,Yes,Yes,1,1971.25,0.0,0.936,Email,Valid Claim,546,1,6,0,0
CLM00364,VALID_364,CUS00364,PROD00364,Television,HomePro,HOM-TEL-0364,SN-2026-000364,12,Active,182,No,Battery Problem,Manufacturing Defect,Yes,Yes,Yes,Yes,Yes,Yes,Yes,No,No,0,,No,,Yes,Yes,No,No,No,Yes,Yes,0,2097.38,0.0,0.938,Mobile App,Valid Claim,183,1,12,0,0
CLM00447,VALID_447,CUS00447,PROD00447,Television,HomePro,HOM-TEL-0447,SN-2026-000447,24,Active,546,No,Power Failure,Manufacturing Defect,Yes,Yes,Yes,Yes,Yes,Yes,Yes,No,No,0,,No,,Yes,Yes,No,No,No,Yes,Yes,0,637.64,0.0,0.955,Service Center,Valid Claim,184,1,13,0,0
CLM01314,MANUAL_314_CONTRADICTION,CUS01314,PROD01314,Smartphone,Aster,AST-SMA-1314,SN-2026-001314,36,Active,546,Yes,Display Failure,Manufacturing Defect,Yes,Yes,Yes,Yes,Yes,Yes,Yes,Yes,Yes,3,Yes,No,,Yes,No,No,No,Yes,Yes,Yes,2,749.62,754.05,0.776,Email,Manual Review,550,0,12,1,0
CLM01185,MANUAL_185_UNCLEAR_REPAIR,CUS01185,PROD01185,Air Conditioner,ZenCore,ZEN-AIR-1185,SN-2026-001185,12,Active,183,No,Water Leakage,Manufacturing Defect,Yes,Yes,Yes,Yes,Yes,Yes,Yes,Yes,Yes,1,Unknown,No,,Yes,Yes,No,No,No,No,Yes,3,2028.81,0.0,0.814,Service Center,Manual Review,182,0,10,1,0
CLM00896,INVALID_396_DUPLICATE_CLAIM,CUS00896,PROD00896,Camera,ZenCore,ZEN-CAM-0896,SN-2026-000896,24,Active,-147,No,Display Failure,Electrical Failure,Yes,Yes,Yes,Yes,No,Yes,Yes,No,Yes,2,No,No,,Yes,Yes,Yes,Yes,No,No,Yes,1,707.6,498.09,0.895,Email,Invalid Claim,877,2,26,1,0
CLM01186,MANUAL_186_INCOMPLETE_EVIDENCE,CUS01186,PROD01186,Refrigerator,HomePro,HOM-REF-1186,SN-2026-001186,36,Active,549,Yes,Power Failure,Electrical Failure,Yes,Yes,Yes,Yes,Yes,Yes,No,Yes,No,0,,No,,Yes,Yes,No,No,No,No,Yes,2,449.07,0.0,0.929,Service Center,Manual Review,547,1,10,0,0
CLM00572,INVALID_72_DUPLICATE_CLAIM,CUS00572,PROD00572,Refrigerator,HomePro,HOM-REF-0572,SN-2026-000572,36,Active,959,No,Power Failure,Manufacturing Defect,Yes,Yes,Yes,Yes,Yes,Yes,Yes,Yes,No,0,,No,,Yes,Yes,Yes,Yes,No,Yes,Yes,2,2006.7,0.0,0.767,Email,Invalid Claim,136,0,13,0,0
CLM00847,INVALID_347_REPORTING_PERIOD,CUS00847,PROD00847,Television,Aster,AST-TEL-0847,SN-2026-000847,36,Active,550,No,Noise,Manufacturing Defect,Yes,No,Yes,Yes,Yes,Yes,Yes,No,No,0,,No,,Yes,Yes,No,No,No,Yes,Yes,1,2699.72,0.0,0.842,Service Center,Invalid Claim,546,1,60,0,0
CLM00765,INVALID_265_EXPIRED_WARRANTY,CUS00765,PROD00765,Refrigerator,ZenCore,ZEN-REF-0765,SN-2026-000765,24,Expired,-90,Yes,Power Failure,Manufacturing Defect,Yes,Yes,Yes,No,Yes,Yes,No,No,No,0,,No,,Yes,Yes,No,No,No,No,Yes,1,1154.39,0.0,0.939,Web,Invalid Claim,821,3,10,0,0
CLM01075,MANUAL_75_LOW_OCR_CONFIDENCE,CUS01075,PROD01075,Television,Aster,AST-TEL-1075,SN-2026-001075,24,Active,365,No,Display Failure,Electrical Failure,Yes,Yes,Yes,Yes,Yes,Yes,Yes,Yes,No,0,,No,,Yes,Yes,No,No,No,Yes,Yes,3,362.37,0.0,0.538,Mobile App,Manual Review,365,0,4,0,0
CLM00301,VALID_301,CUS00301,PROD00301,Washing Machine,ZenCore,ZEN-WAS-0301,SN-2026-000301,24,Active,365,No,Water Leakage,Manufacturing Defect,Yes,Yes,Yes,Yes,Yes,Yes,Yes,No,No,0,,No,,Yes,Yes,No,No,No,Yes,Yes,0,1171.96,0.0,0.943,Email,Valid Claim,365,1,11,0,0
CLM00938,INVALID_438_DUPLICATE_CLAIM,CUS00938,PROD00938,Washing Machine,Aster,AST-WAS-0938,SN-2026-000938,24,Active,587,No,Overheating,Electrical Failure,Yes,Yes,No,Yes,Yes,Yes,Yes,Yes,No,0,,Yes,Yes,No,Yes,Yes,Yes,No,No,No,1,72.91,0.0,0.842,Email,Invalid Claim,144,1,25,0,1
CLM01475,MANUAL_475_MISSING_DOCUMENT,CUS01475,PROD01475,Air Conditioner,Aster,AST-AIR-1475,SN-2026-001475,12,Active,181,No,Battery Problem,Manufacturing Defect,Yes,Yes,Yes,No,Yes,No,Yes,No,Yes,2,Yes,Yes,No,Yes,Yes,No,No,No,No,Yes,1,767.91,997.35,0.958,Email,Manual Review,184,3,14,1,1
CLM00499,VALID_499,CUS00499,PROD00499,Air Conditioner,Aster,AST-AIR-0499,SN-2026-000499,36,Active,884,No,Water Leakage,Electrical Failure,Yes,Yes,Yes,Yes,Yes,Yes,Yes,No,No,0,,No,,Yes,Yes,No,No,No,Yes,Yes,0,1924.22,0.0,0.978,Service Center,Valid Claim,212,1,9,0,0
CLM00046,VALID_46,CUS00046,PROD00046,Laptop,ZenCore,ZEN-LAP-0046,SN-2026-000046,24,Active,184,No,Battery Problem,Electrical Failure,Yes,Yes,Yes,Yes,Yes,Yes,Yes,No,No,0,,No,,Yes,Yes,No,No,No,Yes,Yes,0,471.22,0.0,0.931,Web,Valid Claim,547,1,9,0,0
CLM00833,INVALID_333_SERIAL_MISMATCH,CUS00833,PROD00833,Laptop,ZenCore,ZEN-LAP-0833,SN-2026-000833,36,Active,923,No,Battery Problem,Electrical Failure,Yes,Yes,Yes,Yes,Yes,Yes,Yes,No,No,0,,No,,No,Yes,Yes,No,No,Yes,Yes,2,2003.12,0.0,0.85,Service Center,Invalid Claim,173,1,14,0,0
CLM00541,INVALID_41_REPORTING_PERIOD,CUS00541,PROD00541,Camera,Aster,AST-CAM-0541,SN-2026-000541,12,Active,182,No,Noise,Electrical Failure,Yes,No,No,Yes,Yes,Yes,Yes,No,No,0,,No,,Yes,Yes,No,No,No,No,No,1,208.54,0.0,0.76,Web,Invalid Claim,183,2,60,0,0
CLM01500,MANUAL_500_CONTRADICTION,CUS01500,PROD01500,Printer,NovaTech,NOV-PRI-1500,SN-2026-001500,24,Active,365,No,Display Failure,Manufacturing Defect,Yes,Yes,No,Yes,Yes,Yes,Yes,Yes,No,0,,No,,Yes,No,No,No,Yes,No,No,1,2365.73,0.0,0.851,Web,Manual Review,365,1,11,0,0
CLM00438,VALID_438,CUS00438,PROD00438,Air Conditioner,ZenCore,ZEN-AIR-0438,SN-2026-000438,24,Active,61,No,Power Failure,Electrical Failure,Yes,Yes,Yes,Yes,Yes,Yes,Yes,No,No,0,,No,,Yes,Yes,No,No,No,Yes,Yes,1,1500.98,0.0,0.913,Service Center,Valid Claim,669,1,13,0,0
CLM00393,VALID_393,CUS00393,PROD00393,Smartphone,Aster,AST-SMA-0393,SN-2026-000393,24,Active,150,No,Display Failure,Manufacturing Defect,Yes,Yes,Yes,Yes,Yes,Yes,Yes,No,No,0,,No,,Yes,Yes,No,No,No,Yes,Yes,1,1263.75,0.0,0.956,Web,Valid Claim,581,1,9,0,0
CLM00426,VALID_426,CUS00426,PROD00426,Camera,HomePro,HOM-CAM-0426,SN-2026-000426,12,Active,244,No,Connectivity Issue,Manufacturing Defect,Yes,Yes,Yes,Yes,Yes,Yes,Yes,No,No,0,,No,,Yes,Yes,No,No,No,Yes,Yes,1,1660.78,0.0,0.975,Service Center,Valid Claim,121,1,4,0,0
CLM01100,MANUAL_100_SERIAL_WARNING,CUS01100,PROD01100,Washing Machine,HomePro,HOM-WAS-1100,SN-2026-001100,12,Active,181,No,Noise,Manufacturing Defect,Yes,Yes,Yes,Yes,Yes,Yes,Yes,No,No,0,,No,,Unknown,Yes,No,No,No,No,Yes,0,1004.64,0.0,0.98,Web,Manual Review,184,1,5,0,0
CLM00684,INVALID_184_UNAUTHORIZED_REPAIR,CUS00684,PROD00684,Printer,ZenCore,ZEN-PRI-0684,SN-2026-000684,36,Active,504,No,Mechanical Failure,Manufacturing Defect,Yes,Yes,Yes,Yes,Yes,Yes,Yes,Yes,Yes,1,No,No,,Yes,Yes,No,No,No,Yes,Yes,1,866.03,147.3,0.792,Service Center,Invalid Claim,591,0,12,1,0
CLM01492,MANUAL_492_INCOMPLETE_EVIDENCE,CUS01492,PROD01492,Camera,NovaTech,NOV-CAM-1492,SN-2026-001492,36,Active,546,No,Mechanical Failure,Electrical Failure,Yes,Yes,Yes,Yes,Yes,Yes,No,Yes,No,0,,No,,Yes,Yes,No,No,No,No,Yes,2,481.06,0.0,0.886,Web,Manual Review,549,1,3,0,0
CLM00943,INVALID_443_REPORTING_PERIOD,CUS00943,PROD00943,Television,Aster,AST-TEL-0943,SN-2026-000943,12,Active,184,Yes,Power Failure,Manufacturing Defect,Yes,No,Yes,Yes,Yes,Yes,Yes,Yes,No,0,,No,,Yes,Yes,No,No,No,Yes,Yes,2,1424.48,0.0,0.962,Mobile App,Invalid Claim,181,0,60,0,0
CLM00635,INVALID_135_SERIAL_MISMATCH,CUS00635,PROD00635,Printer,NovaTech,NOV-PRI-0635,SN-2026-000635,24,Active,40,No,Display Failure,Electrical Failure,Yes,Yes,Yes,Yes,No,Yes,No,Yes,Yes,3,Yes,No,,No,Yes,No,No,No,No,Yes,2,2480.9,707.7,0.768,Email,Invalid Claim,690,2,9,1,0
CLM00460,VALID_460,CUS00460,PROD00460,Laptop,ZenCore,ZEN-LAP-0460,SN-2026-000460,12,Active,305,No,Water Leakage,Electrical Failure,Yes,Yes,Yes,Yes,Yes,Yes,Yes,No,No,0,,No,,Yes,Yes,No,No,No,Yes,Yes,0,1978.08,0.0,0.944,Service Center,Valid Claim,61,1,2,0,0
CLM00392,VALID_392,CUS00392,PROD00392,Camera,ZenCore,ZEN-CAM-0392,SN-2026-000392,24,Active,426,No,Power Failure,Manufacturing Defect,Yes,Yes,Yes,Yes,Yes,Yes,Yes,No,No,0,,No,,Yes,Yes,No,No,No,Yes,Yes,0,105.42,0.0,0.94,Web,Valid Claim,305,1,6,0,0
CLM00676,INVALID_176_EXCLUDED_DAMAGE,CUS00676,PROD00676,Camera,ZenCore,ZEN-CAM-0676,SN-2026-000676,12,Active,182,No,Connectivity Issue,Accidental Damage,No,Yes,Yes,Yes,Yes,Yes,Yes,Yes,Yes,2,Yes,Yes,Yes,Yes,Yes,No,No,No,Yes,Yes,3,1064.88,703.78,0.821,Mobile App,Invalid Claim,184,0,5,1,1
CLM00781,INVALID_281_REPORTING_PERIOD,CUS00781,PROD00781,Smartphone,HomePro,HOM-SMA-0781,SN-2026-000781,12,Active,183,No,Water Leakage,Manufacturing Defect,Yes,No,Yes,Yes,Yes,No,No,Yes,No,0,,No,,Yes,Yes,No,No,No,No,Yes,1,1528.25,0.0,0.942,Email,Invalid Claim,182,2,60,0,0
CLM00368,VALID_368,CUS00368,PROD00368,Television,NovaTech,NOV-TEL-0368,SN-2026-000368,12,Active,304,No,Battery Problem,Electrical Failure,Yes,Yes,Yes,Yes,Yes,Yes,Yes,No,No,0,,No,,Yes,Yes,No,No,No,Yes,Yes,1,1353.68,0.0,0.973,Web,Valid Claim,61,1,8,0,0
CLM00769,INVALID_269_REPORTING_PERIOD,CUS00769,PROD00769,Air Conditioner,PrimeView,PRI-AIR-0769,SN-2026-000769,12,Active,182,No,Mechanical Failure,Electrical Failure,Yes,No,No,No,Yes,Yes,Yes,No,No,0,,No,,No,Yes,No,No,No,No,No,3,1443.05,0.0,0.784,Web,Invalid Claim,184,3,60,0,0
CLM01068,MANUAL_68_CONTRADICTION,CUS01068,PROD01068,Camera,PrimeView,PRI-CAM-1068,SN-2026-001068,12,Active,183,No,Mechanical Failure,Electrical Failure,Yes,Yes,Yes,Yes,Yes,Yes,Yes,No,No,0,,No,,Yes,No,No,No,Yes,Yes,Yes,1,1562.78,0.0,0.757,Email,Manual Review,182,1,10,0,0
CLM01347,MANUAL_347_UNCLEAR_REPAIR,CUS01347,PROD01347,Printer,HomePro,HOM-PRI-1347,SN-2026-001347,36,Active,549,No,Display Failure,Electrical Failure,Yes,Yes,No,Yes,Yes,No,Yes,Yes,Yes,1,Unknown,No,,Yes,Yes,No,No,No,No,No,3,2093.94,143.84,0.8,Service Center,Manual Review,546,2,10,1,0
CLM00164,VALID_164,CUS00164,PROD00164,Air Conditioner,NovaTech,NOV-AIR-0164,SN-2026-000164,12,Active,121,No,Overheating,Electrical Failure,Yes,Yes,Yes,Yes,Yes,Yes,Yes,No,No,0,,No,,Yes,Yes,No,No,No,Yes,Yes,0,2460.27,0.0,0.952,Email,Valid Claim,245,1,4,0,0
CLM00461,VALID_461,CUS00461,PROD00461,Refrigerator,Aster,AST-REF-0461,SN-2026-000461,24,Active,488,Yes,Overheating,Manufacturing Defect,Yes,Yes,Yes,Yes,Yes,Yes,Yes,No,No,0,,No,,Yes,Yes,No,No,No,Yes,Yes,0,2846.19,0.0,0.943,Mobile App,Valid Claim,243,1,1,0,0
CLM00895,INVALID_395_REPORTING_PERIOD,CUS00895,PROD00895,Refrigerator,NovaTech,NOV-REF-0895,SN-2026-000895,24,Active,366,Yes,Overheating,Manufacturing Defect,Yes,No,Yes,Yes,Yes,Yes,No,No,No,0,,No,,Yes,Yes,No,No,No,No,Yes,1,528.84,0.0,0.782,Email,Invalid Claim,365,2,60,0,0
CLM00305,VALID_305,CUS00305,PROD00305,Camera,NovaTech,NOV-CAM-0305,SN-2026-000305,24,Active,457,No,Display Failure,Electrical Failure,Yes,Yes,Yes,Yes,Yes,Yes,Yes,No,No,0,,No,,Yes,Yes,No,No,No,Yes,Yes,1,797.12,0.0,0.945,Service Center,Valid Claim,273,1,3,0,0
CLM00237,VALID_237,CUS00237,PROD00237,Air Conditioner,NovaTech,NOV-AIR-0237,SN-2026-000237,12,Active,122,Yes,Connectivity Issue,Electrical Failure,Yes,Yes,Yes,Yes,Yes,Yes,Yes,Yes,Yes,2,Yes,No,,Yes,Yes,No,No,No,Yes,Yes,0,2773.21,579.32,0.94,Service Center,Valid Claim,244,0,8,1,0
CLM01214,MANUAL_214_SERIAL_WARNING,CUS01214,PROD01214,Smartphone,HomePro,HOM-SMA-1214,SN-2026-001214,36,Active,547,No,Noise,Manufacturing Defect,Yes,Yes,Yes,No,Yes,Yes,Yes,Yes,No,0,,No,,Unknown,Yes,No,No,No,No,Yes,3,1687.96,0.0,0.761,Service Center,Manual Review,549,1,10,0,0
CLM00407,VALID_407,CUS00407,PROD00407,Television,Aster,AST-TEL-0407,SN-2026-000407,12,Active,90,No,Water Leakage,Manufacturing Defect,Yes,Yes,Yes,Yes,Yes,Yes,Yes,No,No,0,,No,,Yes,Yes,No,No,No,Yes,Yes,0,829.87,0.0,0.962,Web,Valid Claim,276,1,8,0,0
CLM00808,INVALID_308_EXCLUDED_DAMAGE,CUS00808,PROD00808,Television,ZenCore,ZEN-TEL-0808,SN-2026-000808,12,Active,181,No,Display Failure,Water Damage,No,Yes,Yes,Yes,Yes,No,No,No,No,0,,No,,Yes,Yes,No,No,No,No,Yes,0,1306.32,0.0,0.812,Mobile App,Invalid Claim,184,3,5,0,0
CLM00760,INVALID_260_EXCLUDED_DAMAGE,CUS00760,PROD00760,Refrigerator,HomePro,HOM-REF-0760,SN-2026-000760,12,Active,183,No,Connectivity Issue,Normal Wear,No,Yes,Yes,Yes,Yes,Yes,Yes,No,No,0,,No,,Yes,Yes,No,No,No,Yes,Yes,1,2544.12,0.0,0.89,Web,Invalid Claim,182,1,5,0,0
CLM00726,INVALID_226_UNAUTHORIZED_REPAIR,CUS00726,PROD00726,Smartphone,PrimeView,PRI-SMA-0726,SN-2026-000726,24,Active,-94,Yes,Display Failure,Manufacturing Defect,Yes,Yes,Yes,Yes,Yes,Yes,Yes,Yes,Yes,2,No,No,,Yes,Yes,No,No,No,Yes,Yes,0,1088.53,860.0,0.794,Web,Invalid Claim,825,0,17,1,0
CLM00545,INVALID_45_SERIAL_MISMATCH,CUS00545,PROD00545,Television,PrimeView,PRI-TEL-0545,SN-2026-000545,12,Active,-314,No,Water Leakage,Manufacturing Defect,Yes,Yes,Yes,No,Yes,No,Yes,Yes,No,0,,Yes,No,No,Yes,No,No,No,No,Yes,1,1619.64,0.0,0.823,Service Center,Invalid Claim,680,2,24,0,1
CLM00018,VALID_18,CUS00018,PROD00018,Washing Machine,NovaTech,NOV-WAS-0018,SN-2026-000018,36,Active,153,No,Overheating,Electrical Failure,Yes,Yes,Yes,Yes,Yes,Yes,Yes,No,No,0,,No,,Yes,Yes,No,No,No,Yes,Yes,0,2959.2,0.0,0.967,Mobile App,Valid Claim,943,1,2,0,0
CLM00159,VALID_159,CUS00159,PROD00159,Air Conditioner,NovaTech,NOV-AIR-0159,SN-2026-000159,36,Active,457,No,Overheating,Manufacturing Defect,Yes,Yes,Yes,Yes,Yes,Yes,Yes,No,No,0,,No,,Yes,Yes,No,No,No,Yes,Yes,1,2069.11,0.0,0.946,Mobile App,Valid Claim,638,1,6,0,0
CLM00899,INVALID_399_SERIAL_MISMATCH,CUS00899,PROD00899,Laptop,NovaTech,NOV-LAP-0899,SN-2026-000899,36,Active,918,Yes,Water Leakage,Manufacturing Defect,Yes,Yes,Yes,No,No,Yes,No,Yes,Yes,2,Yes,No,,No,Yes,No,No,No,No,Yes,0,501.62,1451.93,0.815,Web,Invalid Claim,178,3,15,1,0
CLM01245,MANUAL_245_UNCLEAR_REPAIR,CUS01245,PROD01245,Smartphone,Aster,AST-SMA-1245,SN-2026-001245,24,Active,365,No,Power Failure,Electrical Failure,Yes,Yes,Yes,Yes,Yes,Yes,No,No,Yes,2,Unknown,No,,No,Yes,No,No,No,No,Yes,0,816.89,1315.0,0.892,Mobile App,Manual Review,365,2,13,1,0
CLM00437,VALID_437,CUS00437,PROD00437,Washing Machine,ZenCore,ZEN-WAS-0437,SN-2026-000437,36,Active,489,No,Power Failure,Electrical Failure,Yes,Yes,Yes,Yes,Yes,Yes,Yes,Yes,Yes,1,Yes,No,,Yes,Yes,No,No,No,Yes,Yes,1,256.61,747.04,0.98,Web,Valid Claim,607,0,10,1,0
CLM00653,INVALID_153_SERIAL_MISMATCH,CUS00653,PROD00653,Air Conditioner,Aster,AST-AIR-0653,SN-2026-000653,36,Active,234,No,Overheating,Manufacturing Defect,Yes,Yes,Yes,No,Yes,Yes,Yes,No,No,0,,No,,No,Yes,No,No,No,No,Yes,1,401.98,0.0,0.803,Mobile App,Invalid Claim,862,2,7,0,0
CLM01123,MANUAL_123_LOW_OCR_CONFIDENCE,CUS01123,PROD01123,Refrigerator,NovaTech,NOV-REF-1123,SN-2026-001123,12,Active,181,No,Connectivity Issue,Manufacturing Defect,Yes,Yes,Yes,Yes,Yes,Yes,No,Yes,No,0,,No,,Yes,Yes,No,No,No,Yes,Yes,1,957.23,0.0,0.517,Web,Manual Review,184,1,5,0,0
CLM00370,VALID_370,CUS00370,PROD00370,Smartphone,HomePro,HOM-SMA-0370,SN-2026-000370,24,Active,92,No,Connectivity Issue,Electrical Failure,Yes,Yes,Yes,Yes,Yes,Yes,Yes,No,No,0,,No,,Yes,Yes,No,No,No,Yes,Yes,0,405.72,0.0,0.955,Web,Valid Claim,638,1,14,0,0
CLM00990,INVALID_490_UNAUTHORIZED_REPAIR,CUS00990,PROD00990,Printer,Aster,AST-PRI-0990,SN-2026-000990,12,Active,151,Yes,Overheating,Electrical Failure,Yes,Yes,Yes,Yes,Yes,Yes,Yes,Yes,Yes,2,No,No,,Yes,Yes,No,No,No,Yes,Yes,1,1162.06,717.24,0.79,Service Center,Invalid Claim,215,0,2,1,0
CLM01211,MANUAL_211_MISSING_DOCUMENT,CUS01211,PROD01211,Washing Machine,PrimeView,PRI-WAS-1211,SN-2026-001211,24,Active,365,No,Battery Problem,Manufacturing Defect,Yes,Yes,Yes,Yes,Yes,Yes,Yes,No,No,0,,No,,Yes,Yes,No,No,No,No,Yes,0,2093.93,0.0,0.961,Email,Manual Review,366,1,5,0,0
CLM00506,INVALID_06_DUPLICATE_CLAIM,CUS00506,PROD00506,Washing Machine,ZenCore,ZEN-WAS-0506,SN-2026-000506,36,Active,410,No,Water Leakage,Manufacturing Defect,Yes,Yes,Yes,Yes,Yes,No,No,Yes,No,0,,No,,Yes,Yes,Yes,Yes,No,No,Yes,3,332.85,0.0,0.894,Email,Invalid Claim,685,2,5,0,0
CLM01454,MANUAL_454_SERIAL_WARNING,CUS01454,PROD01454,Washing Machine,NovaTech,NOV-WAS-1454,SN-2026-001454,12,Active,184,No,Mechanical Failure,Electrical Failure,Yes,Yes,No,Yes,Yes,Yes,Yes,No,Yes,2,Yes,No,,Unknown,Yes,No,No,No,No,No,3,2997.82,224.47,0.784,Web,Manual Review,182,2,7,1,0
CLM00955,INVALID_455_REPORTING_PERIOD,CUS00955,PROD00955,Smartphone,HomePro,HOM-SMA-0955,SN-2026-000955,36,Active,547,No,Power Failure,Electrical Failure,Yes,No,No,Yes,Yes,Yes,Yes,Yes,No,0,,Yes,Yes,Yes,Yes,No,No,No,No,No,1,734.09,0.0,0.852,Service Center,Invalid Claim,548,1,60,0,1
CLM00956,INVALID_456_DUPLICATE_CLAIM,CUS00956,PROD00956,Refrigerator,PrimeView,PRI-REF-0956,SN-2026-000956,36,Active,345,No,Overheating,Electrical Failure,Yes,Yes,Yes,No,Yes,Yes,Yes,No,Yes,2,Yes,No,,Yes,Yes,Yes,Yes,No,No,Yes,3,1617.05,1029.13,0.849,Web,Invalid Claim,751,2,22,1,0
CLM01053,MANUAL_53_UNCLEAR_REPAIR,CUS01053,PROD01053,Smartphone,Aster,AST-SMA-1053,SN-2026-001053,24,Active,365,No,Overheating,Manufacturing Defect,Yes,Yes,Yes,Yes,Yes,Yes,Yes,Yes,Yes,2,Unknown,No,,Yes,Yes,No,No,No,No,Yes,2,2269.57,1211.51,0.913,Mobile App,Manual Review,365,0,6,1,0
CLM01153,MANUAL_153_LOW_OCR_CONFIDENCE,CUS01153,PROD01153,Laptop,HomePro,HOM-LAP-1153,SN-2026-001153,36,Active,546,No,Mechanical Failure,Electrical Failure,Yes,Yes,Yes,No,Yes,Yes,No,Yes,No,0,,No,,Yes,Yes,No,No,No,Yes,Yes,1,1527.49,0.0,0.526,Service Center,Manual Review,549,2,14,0,0
CLM01463,MANUAL_463_MISSING_DOCUMENT,CUS01463,PROD01463,Washing Machine,PrimeView,PRI-WAS-1463,SN-2026-001463,36,Active,549,No,Display Failure,Electrical Failure,Yes,Yes,Yes,No,Yes,Yes,No,No,No,0,,No,,Yes,Yes,No,No,No,No,Yes,3,1296.83,0.0,0.906,Service Center,Manual Review,546,3,9,0,0
CLM00652,INVALID_152_EXCLUDED_DAMAGE,CUS00652,PROD00652,Television,ZenCore,ZEN-TEL-0652,SN-2026-000652,36,Active,550,No,Display Failure,Normal Wear,No,Yes,Yes,Yes,Yes,Yes,Yes,Yes,No,0,,Yes,Yes,Yes,Yes,No,No,No,Yes,Yes,2,1863.46,0.0,0.936,Web,Invalid Claim,546,0,5,0,1
CLM00493,VALID_493,CUS00493,PROD00493,Refrigerator,Aster,AST-REF-0493,SN-2026-000493,36,Active,334,No,Display Failure,Electrical Failure,Yes,Yes,Yes,Yes,Yes,Yes,Yes,No,No,0,,No,,Yes,Yes,No,No,No,Yes,Yes,1,159.05,0.0,0.921,Email,Valid Claim,761,1,7,0,0
CLM00130,VALID_130,CUS00130,PROD00130,Smartphone,PrimeView,PRI-SMA-0130,SN-2026-000130,12,Active,120,No,Power Failure,Manufacturing Defect,Yes,Yes,Yes,Yes,Yes,Yes,Yes,No,No,0,,No,,Yes,Yes,No,No,No,Yes,Yes,0,215.13,0.0,0.931,Mobile App,Valid Claim,245,1,8,0,0
CLM00036,VALID_36,CUS00036,PROD00036,Washing Machine,Aster,AST-WAS-0036,SN-2026-000036,12,Active,304,No,Mechanical Failure,Electrical Failure,Yes,Yes,Yes,Yes,Yes,Yes,Yes,Yes,Yes,2,Yes,No,,Yes,Yes,No,No,No,Yes,Yes,0,92.02,313.55,0.909,Service Center,Valid Claim,61,0,5,1,0
CLM00362,VALID_362,CUS00362,PROD00362,Smartphone,Aster,AST-SMA-0362,SN-2026-000362,12,Active,61,No,Connectivity Issue,Electrical Failure,Yes,Yes,Yes,Yes,Yes,Yes,Yes,No,No,0,,No,,Yes,Yes,No,No,No,Yes,Yes,1,1815.93,0.0,0.912,Service Center,Valid Claim,304,1,4,0,0
CLM01250,MANUAL_250_SERIAL_WARNING,CUS01250,PROD01250,Printer,Aster,AST-PRI-1250,SN-2026-001250,12,Active,183,Yes,Overheating,Electrical Failure,Yes,Yes,Yes,Yes,Yes,Yes,Yes,Yes,No,0,,No,,Unknown,Yes,No,No,No,No,Yes,3,236.85,0.0,0.958,Service Center,Manual Review,183,0,9,0,0
CLM01296,MANUAL_296_CONTRADICTION,CUS01296,PROD01296,Camera,NovaTech,NOV-CAM-1296,SN-2026-001296,24,Active,365,No,Power Failure,Electrical Failure,Yes,Yes,No,Yes,Yes,Yes,Yes,Yes,No,0,,No,,Yes,No,No,No,Yes,No,No,0,2291.06,0.0,0.935,Mobile App,Manual Review,365,1,3,0,0
CLM00440,VALID_440,CUS00440,PROD00440,Television,NovaTech,NOV-TEL-0440,SN-2026-000440,24,Active,638,No,Water Leakage,Manufacturing Defect,Yes,Yes,Yes,Yes,Yes,Yes,Yes,No,No,0,,No,,Yes,Yes,No,No,No,Yes,Yes,1,1465.9,0.0,0.981,Email,Valid Claim,92,1,11,0,0
CLM01143,MANUAL_143_UNCLEAR_REPAIR,CUS01143,PROD01143,Smartphone,NovaTech,NOV-SMA-1143,SN-2026-001143,24,Active,365,No,Battery Problem,Manufacturing Defect,Yes,Yes,Yes,Yes,Yes,Yes,Yes,No,Yes,2,Unknown,No,,Yes,Yes,No,No,No,No,Yes,3,1752.44,636.14,0.967,Web,Manual Review,365,1,6,1,0
CLM00549,INVALID_49_EXPIRED_WARRANTY,CUS00549,PROD00549,Camera,Aster,AST-CAM-0549,SN-2026-000549,36,Expired,-90,No,Battery Problem,Electrical Failure,Yes,Yes,No,Yes,Yes,Yes,Yes,Yes,No,0,,No,,Yes,Yes,No,No,No,No,No,3,2456.68,0.0,0.822,Email,Invalid Claim,1185,1,10,0,0
CLM00038,VALID_38,CUS00038,PROD00038,Printer,Aster,AST-PRI-0038,SN-2026-000038,24,Active,276,Yes,Battery Problem,Manufacturing Defect,Yes,Yes,Yes,Yes,Yes,Yes,Yes,No,No,0,,No,,Yes,Yes,No,No,No,Yes,Yes,1,693.68,0.0,0.981,Email,Valid Claim,454,1,9,0,0
CLM00809,INVALID_309_SERIAL_MISMATCH,CUS00809,PROD00809,Washing Machine,Aster,AST-WAS-0809,SN-2026-000809,12,Active,-208,No,Water Leakage,Electrical Failure,Yes,Yes,Yes,Yes,Yes,Yes,No,Yes,No,0,,No,,No,Yes,No,No,No,No,Yes,1,2362.84,0.0,0.982,Mobile App,Invalid Claim,574,1,10,0,0
CLM01244,MANUAL_244_SERIAL_WARNING,CUS01244,PROD01244,Printer,Aster,AST-PRI-1244,SN-2026-001244,36,Active,547,No,Noise,Electrical Failure,Yes,Yes,Yes,No,Yes,Yes,Yes,No,Yes,2,Yes,No,,Unknown,Yes,No,No,No,No,Yes,3,1558.33,919.03,0.751,Mobile App,Manual Review,548,2,9,1,0
CLM01029,MANUAL_29_UNCLEAR_REPAIR,CUS01029,PROD01029,Refrigerator,ZenCore,ZEN-REF-1029,SN-2026-001029,12,Active,182,No,Noise,Electrical Failure,Yes,Yes,Yes,No,No,No,Yes,Yes,Yes,2,Unknown,No,,Yes,Yes,No,No,No,No,Yes,0,2024.11,0.0,0.805,Service Center,Manual Review,184,3,8,1,0
CLM01042,MANUAL_42_INCOMPLETE_EVIDENCE,CUS01042,PROD01042,Television,ZenCore,ZEN-TEL-1042,SN-2026-001042,36,Active,548,No,Display Failure,Manufacturing Defect,Yes,Yes,Yes,Yes,Yes,Yes,No,Yes,No,0,,Yes,Yes,Yes,Yes,No,No,No,No,Yes,1,1259.55,0.0,0.96,Web,Manual Review,548,1,8,0,1
CLM00208,VALID_208,CUS00208,PROD00208,Television,ZenCore,ZEN-TEL-0208,SN-2026-000208,24,Active,90,Yes,Display Failure,Electrical Failure,Yes,Yes,Yes,Yes,Yes,Yes,Yes,No,No,0,,No,,Yes,Yes,No,No,No,Yes,Yes,0,377.06,0.0,0.954,Service Center,Valid Claim,640,1,6,0,0
CLM00477,VALID_477,CUS00477,PROD00477,Television,PrimeView,PRI-TEL-0477,SN-2026-000477,36,Active,883,No,Power Failure,Manufacturing Defect,Yes,Yes,Yes,Yes,Yes,Yes,Yes,No,No,0,,No,,Yes,Yes,No,No,No,Yes,Yes,1,1068.22,0.0,0.968,Email,Valid Claim,213,1,1,0,0
CLM01294,MANUAL_294_INCOMPLETE_EVIDENCE,CUS01294,PROD01294,Smartphone,Aster,AST-SMA-1294,SN-2026-001294,24,Active,365,No,Overheating,Manufacturing Defect,Yes,Yes,Yes,Yes,Yes,Yes,No,Yes,No,0,,No,,Yes,Yes,No,No,No,No,Yes,1,763.56,0.0,0.773,Mobile App,Manual Review,365,1,6,0,0
CLM01176,MANUAL_176_CONTRADICTION,CUS01176,PROD01176,Printer,NovaTech,NOV-PRI-1176,SN-2026-001176,12,Active,183,No,Water Leakage,Electrical Failure,Yes,Yes,Yes,Yes,Yes,Yes,Yes,Yes,Yes,1,Yes,No,,Yes,No,No,No,Yes,Yes,Yes,0,281.86,1481.17,0.988,Email,Manual Review,183,0,2,1,0
CLM00289,VALID_289,CUS00289,PROD00289,Refrigerator,PrimeView,PRI-REF-0289,SN-2026-000289,24,Active,153,No,Battery Problem,Manufacturing Defect,Yes,Yes,Yes,Yes,Yes,Yes,Yes,No,No,0,,No,,Yes,Yes,No,No,No,Yes,Yes,1,569.53,0.0,0.959,Mobile App,Valid Claim,577,1,7,0,0
CLM01043,MANUAL_43_MISSING_DOCUMENT,CUS01043,PROD01043,Refrigerator,Aster,AST-REF-1043,SN-2026-001043,36,Active,547,No,Power Failure,Electrical Failure,Yes,Yes,Yes,No,Yes,No,No,No,No,0,,No,,Yes,Yes,No,No,No,No,Yes,3,1358.21,0.0,0.768,Web,Manual Review,548,4,7,0,0
CLM00686,INVALID_186_DUPLICATE_CLAIM,CUS00686,PROD00686,Smartphone,HomePro,HOM-SMA-0686,SN-2026-000686,12,Active,-177,No,Overheating,Manufacturing Defect,Yes,Yes,Yes,Yes,Yes,Yes,Yes,No,No,0,,No,,Yes,Yes,Yes,Yes,No,Yes,Yes,1,2833.82,0.0,0.782,Service Center,Invalid Claim,542,1,21,0,0
CLM00486,VALID_486,CUS00486,PROD00486,Laptop,Aster,AST-LAP-0486,SN-2026-000486,36,Active,426,No,Connectivity Issue,Manufacturing Defect,Yes,Yes,Yes,Yes,Yes,Yes,Yes,No,No,0,,No,,Yes,Yes,No,No,No,Yes,Yes,1,2074.2,0.0,0.927,Mobile App,Valid Claim,669,1,3,0,0
CLM00837,INVALID_337_EXPIRED_WARRANTY,CUS00837,PROD00837,Television,HomePro,HOM-TEL-0837,SN-2026-000837,12,Expired,-90,No,Power Failure,Manufacturing Defect,Yes,Yes,Yes,Yes,Yes,Yes,Yes,Yes,No,0,,No,,Yes,Yes,No,No,No,Yes,Yes,2,1232.45,0.0,0.905,Mobile App,Invalid Claim,455,0,10,0,0
CLM00122,VALID_122,CUS00122,PROD00122,Air Conditioner,PrimeView,PRI-AIR-0122,SN-2026-000122,24,Active,669,No,Mechanical Failure,Electrical Failure,Yes,Yes,Yes,Yes,Yes,Yes,Yes,No,No,0,,No,,Yes,Yes,No,No,No,Yes,Yes,1,343.06,0.0,0.978,Mobile App,Valid Claim,61,1,6,0,0
CLM00014,VALID_14,CUS00014,PROD00014,Air Conditioner,Aster,AST-AIR-0014,SN-2026-000014,24,Active,426,No,Battery Problem,Manufacturing Defect,Yes,Yes,Yes,Yes,Yes,Yes,Yes,No,No,0,,No,,Yes,Yes,No,No,No,Yes,Yes,1,2272.11,0.0,0.917,Service Center,Valid Claim,304,1,10,0,0
CLM01397,MANUAL_397_MISSING_DOCUMENT,CUS01397,PROD01397,Washing Machine,PrimeView,PRI-WAS-1397,SN-2026-001397,36,Active,546,Yes,Connectivity Issue,Electrical Failure,Yes,Yes,Yes,Yes,Yes,No,Yes,No,No,0,,No,,Yes,Yes,No,No,No,No,Yes,3,2242.47,0.0,0.838,Email,Manual Review,550,2,8,0,0
CLM01352,MANUAL_352_SERIAL_WARNING,CUS01352,PROD01352,Television,HomePro,HOM-TEL-1352,SN-2026-001352,36,Active,546,Yes,Connectivity Issue,Electrical Failure,Yes,Yes,Yes,Yes,Yes,Yes,Yes,No,Yes,1,Yes,No,,Unknown,Yes,No,No,No,No,Yes,3,2811.9,1192.07,0.813,Service Center,Manual Review,549,1,1,1,0
CLM00767,INVALID_267_SERIAL_MISMATCH,CUS00767,PROD00767,Smartphone,ZenCore,ZEN-SMA-0767,SN-2026-000767,36,Active,901,No,Battery Problem,Manufacturing Defect,Yes,Yes,Yes,Yes,Yes,Yes,No,Yes,No,0,,No,,No,Yes,No,No,No,No,Yes,3,2415.41,0.0,0.779,Mobile App,Invalid Claim,195,1,15,0,0
CLM01238,MANUAL_238_SERIAL_WARNING,CUS01238,PROD01238,Washing Machine,NovaTech,NOV-WAS-1238,SN-2026-001238,12,Active,184,Yes,Power Failure,Electrical Failure,Yes,Yes,Yes,Yes,Yes,Yes,Yes,Yes,No,0,,No,,Unknown,Yes,No,No,No,No,Yes,1,498.35,0.0,0.77,Mobile App,Manual Review,181,0,3,0,0
CLM01395,MANUAL_395_UNCLEAR_REPAIR,CUS01395,PROD01395,Laptop,HomePro,HOM-LAP-1395,SN-2026-001395,36,Active,549,No,Battery Problem,Electrical Failure,Yes,Yes,No,Yes,Yes,Yes,Yes,No,Yes,2,Unknown,No,,Yes,Yes,No,No,No,No,No,1,1108.04,0.0,0.965,Service Center,Manual Review,547,2,1,1,0
CLM00688,INVALID_188_EXCLUDED_DAMAGE,CUS00688,PROD00688,Smartphone,ZenCore,ZEN-SMA-0688,SN-2026-000688,12,Active,184,Yes,Battery Problem,Water Damage,No,Yes,Yes,No,Yes,Yes,Yes,No,No,0,,Yes,Yes,Yes,Yes,No,No,No,No,Yes,2,1303.14,0.0,0.848,Service Center,Invalid Claim,181,2,5,0,1
CLM00699,INVALID_199_EXPIRED_WARRANTY,CUS00699,PROD00699,Air Conditioner,HomePro,HOM-AIR-0699,SN-2026-000699,12,Expired,-90,No,Connectivity Issue,Manufacturing Defect,Yes,Yes,Yes,Yes,Yes,No,No,Yes,No,0,,No,,Yes,Yes,Yes,No,No,No,Yes,2,2954.03,0.0,0.858,Mobile App,Invalid Claim,456,2,10,0,0
CLM01363,MANUAL_363_LOW_OCR_CONFIDENCE,CUS01363,PROD01363,Television,Aster,AST-TEL-1363,SN-2026-001363,12,Active,183,No,Water Leakage,Manufacturing Defect,Yes,Yes,Yes,No,Yes,Yes,Yes,Yes,No,0,,No,,Yes,Yes,No,No,No,Yes,Yes,3,2185.64,0.0,0.488,Service Center,Manual Review,182,1,5,0,0
CLM00051,VALID_51,CUS00051,PROD00051,Smartphone,PrimeView,PRI-SMA-0051,SN-2026-000051,36,Active,607,Yes,Battery Problem,Electrical Failure,Yes,Yes,Yes,Yes,Yes,Yes,Yes,No,No,0,,No,,Yes,Yes,No,No,No,Yes,Yes,0,771.0,0.0,0.907,Web,Valid Claim,489,1,8,0,0
CLM00811,INVALID_311_REPORTING_PERIOD,CUS00811,PROD00811,Laptop,PrimeView,PRI-LAP-0811,SN-2026-000811,12,Active,181,Yes,Noise,Manufacturing Defect,Yes,No,Yes,Yes,Yes,Yes,Yes,Yes,No,0,,No,,Yes,Yes,No,Yes,No,Yes,Yes,0,350.08,0.0,0.987,Service Center,Invalid Claim,184,0,60,0,0
CLM00996,INVALID_496_UNAUTHORIZED_REPAIR,CUS00996,PROD00996,Laptop,ZenCore,ZEN-LAP-0996,SN-2026-000996,36,Active,1028,No,Connectivity Issue,Electrical Failure,Yes,Yes,Yes,No,Yes,Yes,Yes,Yes,Yes,1,No,Yes,No,Yes,Yes,No,No,No,No,Yes,2,469.21,777.96,0.841,Service Center,Invalid Claim,68,1,15,1,1
CLM00150,VALID_150,CUS00150,PROD00150,Laptop,PrimeView,PRI-LAP-0150,SN-2026-000150,36,Active,518,No,Power Failure,Manufacturing Defect,Yes,Yes,Yes,Yes,Yes,Yes,Yes,No,No,0,,No,,Yes,Yes,No,No,No,Yes,Yes,1,1023.4,0.0,0.988,Web,Valid Claim,578,1,8,0,0
CLM01269,MANUAL_269_UNCLEAR_REPAIR,CUS01269,PROD01269,Laptop,ZenCore,ZEN-LAP-1269,SN-2026-001269,24,Active,365,No,Battery Problem,Electrical Failure,Yes,Yes,Yes,Yes,Yes,Yes,Yes,Yes,Yes,2,Unknown,No,,Yes,Yes,No,No,No,No,Yes,1,146.58,0.0,0.989,Mobile App,Manual Review,365,0,14,1,0
CLM00980,INVALID_480_DUPLICATE_CLAIM,CUS00980,PROD00980,Air Conditioner,ZenCore,ZEN-AIR-0980,SN-2026-000980,36,Active,782,No,Noise,Manufacturing Defect,Yes,Yes,Yes,Yes,Yes,Yes,No,Yes,No,0,,No,,Yes,Yes,Yes,Yes,No,No,Yes,1,1106.26,0.0,0.842,Email,Invalid Claim,314,1,10,0,0
CLM01490,MANUAL_490_SERIAL_WARNING,CUS01490,PROD01490,Refrigerator,NovaTech,NOV-REF-1490,SN-2026-001490,24,Active,365,No,Water Leakage,Electrical Failure,Yes,Yes,Yes,Yes,Yes,Yes,Yes,No,Yes,3,No,No,,Unknown,Yes,No,No,No,No,Yes,2,1031.9,1091.85,0.796,Web,Manual Review,365,1,11,1,0
CLM01393,MANUAL_393_LOW_OCR_CONFIDENCE,CUS01393,PROD01393,Camera,ZenCore,ZEN-CAM-1393,SN-2026-001393,36,Active,546,No,Water Leakage,Electrical Failure,Yes,Yes,Yes,Yes,Yes,Yes,Yes,Yes,Yes,1,No,No,,Yes,Yes,No,No,No,Yes,Yes,2,719.6,917.99,0.61,Web,Manual Review,549,0,14,1,0
CLM01303,MANUAL_303_LOW_OCR_CONFIDENCE,CUS01303,PROD01303,Television,NovaTech,NOV-TEL-1303,SN-2026-001303,36,Active,548,No,Water Leakage,Manufacturing Defect,Yes,Yes,Yes,Yes,Yes,Yes,Yes,Yes,No,0,,No,,Yes,Yes,No,No,No,Yes,Yes,3,399.96,0.0,0.51,Web,Manual Review,548,0,3,0,0
CLM00458,VALID_458,CUS00458,PROD00458,Printer,ZenCore,ZEN-PRI-0458,SN-2026-000458,36,Active,548,No,Noise,Manufacturing Defect,Yes,Yes,Yes,Yes,Yes,Yes,Yes,Yes,Yes,1,Yes,No,,Yes,Yes,No,No,No,Yes,Yes,0,1782.29,431.62,0.929,Service Center,Valid Claim,548,0,6,1,0
CLM00625,INVALID_125_REPORTING_PERIOD,CUS00625,PROD00625,Refrigerator,ZenCore,ZEN-REF-0625,SN-2026-000625,36,Active,549,No,Battery Problem,Electrical Failure,Yes,No,Yes,Yes,Yes,Yes,Yes,No,Yes,3,No,No,,Yes,Yes,No,Yes,No,Yes,Yes,2,1428.27,1422.85,0.77,Web,Invalid Claim,546,1,60,1,0
CLM01168,MANUAL_168_INCOMPLETE_EVIDENCE,CUS01168,PROD01168,Television,ZenCore,ZEN-TEL-1168,SN-2026-001168,12,Active,181,No,Overheating,Electrical Failure,Yes,Yes,Yes,Yes,Yes,Yes,No,Yes,Yes,2,Yes,No,,Yes,Yes,No,No,No,No,Yes,1,2595.34,1396.66,0.982,Email,Manual Review,184,1,9,1,0
CLM00172,VALID_172,CUS00172,PROD00172,Camera,ZenCore,ZEN-CAM-0172,SN-2026-000172,36,Active,792,No,Battery Problem,Manufacturing Defect,Yes,Yes,Yes,Yes,Yes,Yes,Yes,No,No,0,,No,,Yes,Yes,No,No,No,Yes,Yes,0,2613.66,0.0,0.909,Email,Valid Claim,304,1,5,0,0
CLM00962,INVALID_462_DUPLICATE_CLAIM,CUS00962,PROD00962,Washing Machine,NovaTech,NOV-WAS-0962,SN-2026-000962,12,Active,51,No,Display Failure,Manufacturing Defect,Yes,Yes,Yes,Yes,Yes,Yes,Yes,No,No,0,,No,,Yes,Yes,Yes,Yes,No,Yes,Yes,2,1700.15,0.0,0.781,Service Center,Invalid Claim,314,1,2,0,0
CLM00171,VALID_171,CUS00171,PROD00171,Smartphone,Aster,AST-SMA-0171,SN-2026-000171,24,Active,610,Yes,Noise,Electrical Failure,Yes,Yes,Yes,Yes,Yes,Yes,Yes,Yes,Yes,2,Yes,No,,Yes,Yes,No,No,No,Yes,Yes,1,2728.07,785.9,0.937,Service Center,Valid Claim,121,0,1,1,0
CLM00225,VALID_225,CUS00225,PROD00225,Camera,NovaTech,NOV-CAM-0225,SN-2026-000225,12,Active,152,No,Battery Problem,Electrical Failure,Yes,Yes,Yes,Yes,Yes,Yes,Yes,No,No,0,,No,,Yes,Yes,No,No,No,Yes,Yes,0,1648.15,0.0,0.973,Web,Valid Claim,213,1,5,0,0
CLM00675,INVALID_175_EXPIRED_WARRANTY,CUS00675,PROD00675,Air Conditioner,PrimeView,PRI-AIR-0675,SN-2026-000675,12,Expired,-90,No,Power Failure,Manufacturing Defect,Yes,Yes,No,Yes,Yes,No,Yes,No,No,0,,No,,Yes,Yes,No,No,No,No,No,1,2397.99,0.0,0.875,Web,Invalid Claim,456,3,10,0,0
CLM00632,INVALID_132_DUPLICATE_CLAIM,CUS00632,PROD00632,Television,Aster,AST-TEL-0632,SN-2026-000632,24,Active,43,No,Connectivity Issue,Electrical Failure,Yes,Yes,Yes,Yes,Yes,Yes,Yes,No,No,0,,No,,Yes,Yes,Yes,Yes,No,Yes,Yes,1,1023.52,0.0,0.776,Service Center,Invalid Claim,688,1,14,0,0
CLM00410,VALID_410,CUS00410,PROD00410,Washing Machine,Aster,AST-WAS-0410,SN-2026-000410,24,Active,397,No,Battery Problem,Manufacturing Defect,Yes,Yes,Yes,Yes,Yes,Yes,Yes,No,No,0,,No,,Yes,Yes,No,No,No,Yes,Yes,0,1322.39,0.0,0.979,Service Center,Valid Claim,334,1,2,0,0
CLM00668,INVALID_168_DUPLICATE_CLAIM,CUS00668,PROD00668,Laptop,PrimeView,PRI-LAP-0668,SN-2026-000668,12,Active,6,No,Mechanical Failure,Manufacturing Defect,Yes,Yes,Yes,No,No,Yes,Yes,Yes,No,0,,No,,Yes,Yes,Yes,Yes,No,No,Yes,3,914.42,0.0,0.978,Service Center,Invalid Claim,360,2,13,0,0
CLM00974,INVALID_474_DUPLICATE_CLAIM,CUS00974,PROD00974,Refrigerator,HomePro,HOM-REF-0974,SN-2026-000974,24,Active,619,No,Noise,Electrical Failure,Yes,Yes,Yes,Yes,Yes,Yes,Yes,Yes,No,0,,Yes,No,Yes,Yes,Yes,Yes,No,Yes,Yes,3,1817.63,0.0,0.769,Web,Invalid Claim,111,0,8,0,1
CLM01487,MANUAL_487_MISSING_DOCUMENT,CUS01487,PROD01487,Television,ZenCore,ZEN-TEL-1487,SN-2026-001487,12,Active,184,Yes,Overheating,Manufacturing Defect,Yes,Yes,Yes,Yes,Yes,No,No,No,No,0,,No,,Yes,Yes,No,No,No,No,Yes,3,1455.56,0.0,0.942,Email,Manual Review,181,3,3,0,0
CLM00375,VALID_375,CUS00375,PROD00375,Air Conditioner,PrimeView,PRI-AIR-0375,SN-2026-000375,12,Active,243,No,Noise,Electrical Failure,Yes,Yes,Yes,Yes,Yes,Yes,Yes,No,No,0,,No,,Yes,Yes,No,No,No,Yes,Yes,1,2923.55,0.0,0.922,Web,Valid Claim,122,1,8,0,0
CLM00665,INVALID_165_SERIAL_MISMATCH,CUS00665,PROD00665,Laptop,Aster,AST-LAP-0665,SN-2026-000665,24,Active,618,No,Overheating,Electrical Failure,Yes,Yes,Yes,Yes,Yes,Yes,Yes,Yes,No,0,,No,,No,Yes,No,No,No,Yes,Yes,1,890.59,0.0,0.871,Web,Invalid Claim,112,0,1,0,0
CLM01104,MANUAL_104_CONTRADICTION,CUS01104,PROD01104,Television,HomePro,HOM-TEL-1104,SN-2026-001104,12,Active,183,No,Battery Problem,Manufacturing Defect,Yes,Yes,Yes,Yes,Yes,No,Yes,Yes,No,0,,No,,Yes,No,No,No,Yes,No,Yes,3,2150.83,0.0,0.763,Mobile App,Manual Review,182,1,5,0,0
