ClaimID,ScenarioID,CustomerID,ProductID,ProductCategory,Brand,ModelNumber,SerialNumber,PurchaseDate,ClaimDate,FaultDate,WarrantyDurationMonths,WarrantyExpiryDate,WarrantyStatus,WarrantyRemainingDays,ExtendedWarranty,FaultType,DamageType,FaultCovered,ClaimReportingWithinPeriod,ReceiptAvailable,WarrantyCardAvailable,ProductImageAvailable,SerialEvidenceAvailable,FaultEvidenceAvailable,RepairReportAvailable,PreviousRepair,RepairCount,RepairAuthorized,PreviousReplacement,ReplacementWithinWarranty,SerialNumberMatch,ProductModelConsistent,DuplicateClaimIndicator,DocumentDuplicateIndicator,ContradictionIndicator,RequiredDocumentsComplete,PurchaseProofAvailable,PriorClaimCount,ClaimAmount,PreviousRepairCost,OCRConfidence,ClaimSubmissionChannel,ClaimClass
CLM00001,VALID_01,CUS00001,PROD00001,Television,Aster,AST-TEL-0001,SN-2026-000001,2023-03-24,2023-05-24,2023-05-22,12,2024-03-24,Active,305,No,Mechanical Failure,Electrical Failure,Yes,Yes,Yes,Yes,Yes,Yes,Yes,Yes,Yes,1,Yes,No,N/A,Yes,Yes,No,No,No,Yes,Yes,1,425.62,287.04,0.913,Web,Valid Claim
CLM00002,VALID_02,CUS00002,PROD00002,Washing Machine,PrimeView,PRI-WAS-0002,SN-2026-000002,2023-05-28,2023-09-28,2023-09-17,24,2025-05-28,Active,608,No,Water Leakage,Manufacturing Defect,Yes,Yes,Yes,Yes,Yes,Yes,Yes,No,No,0,N/A,No,N/A,Yes,Yes,No,No,No,Yes,Yes,1,708.37,0.0,0.906,Web,Valid Claim
CLM00003,VALID_03,CUS00003,PROD00003,Refrigerator,NovaTech,NOV-REF-0003,SN-2026-000003,2024-07-31,2025-11-30,2025-11-21,36,2027-07-31,Active,608,No,Battery Problem,Manufacturing Defect,Yes,Yes,Yes,Yes,Yes,Yes,Yes,Yes,Yes,1,Yes,No,N/A,Yes,Yes,No,No,No,Yes,Yes,1,2746.69,682.13,0.987,Service Center,Valid Claim
CLM00004,VALID_04,CUS00004,PROD00004,Printer,PrimeView,PRI-PRI-0004,SN-2026-000004,2023-08-08,2024-06-08,2024-06-07,36,2026-08-08,Active,791,No,Water Leakage,Electrical Failure,Yes,Yes,Yes,Yes,Yes,Yes,Yes,Yes,Yes,2,Yes,No,N/A,Yes,Yes,No,No,No,Yes,Yes,1,1034.69,924.31,0.924,Mobile App,Valid Claim
CLM00005,VALID_05,CUS00005,PROD00005,Television,NovaTech,NOV-TEL-0005,SN-2026-000005,2024-12-15,2025-03-15,2025-03-10,12,2025-12-15,Active,275,Yes,Battery Problem,Manufacturing Defect,Yes,Yes,Yes,Yes,Yes,Yes,Yes,No,No,0,N/A,No,N/A,Yes,Yes,No,No,No,Yes,Yes,1,621.02,0.0,0.918,Service Center,Valid Claim
CLM00006,VALID_06,CUS00006,PROD00006,Smartphone,Aster,AST-SMA-0006,SN-2026-000006,2024-07-27,2025-06-27,2025-06-15,36,2027-07-27,Active,760,Yes,Water Leakage,Manufacturing Defect,Yes,Yes,Yes,Yes,Yes,Yes,Yes,No,No,0,N/A,No,N/A,Yes,Yes,No,No,No,Yes,Yes,1,241.52,0.0,0.955,Web,Valid Claim
CLM00007,VALID_07,CUS00007,PROD00007,Smartphone,Aster,AST-SMA-0007,SN-2026-000007,2024-04-01,2025-11-01,2025-10-25,36,2027-04-01,Active,516,No,Battery Problem,Electrical Failure,Yes,Yes,Yes,Yes,Yes,Yes,Yes,No,No,0,N/A,No,N/A,Yes,Yes,No,No,No,Yes,Yes,0,1727.59,0.0,0.971,Email,Valid Claim
CLM00008,VALID_08,CUS00008,PROD00008,Laptop,HomePro,HOM-LAP-0008,SN-2026-000008,2025-08-22,2025-11-22,2025-11-17,12,2026-08-22,Active,273,No,Mechanical Failure,Manufacturing Defect,Yes,Yes,Yes,Yes,Yes,Yes,Yes,No,No,0,N/A,No,N/A,Yes,Yes,No,No,No,Yes,Yes,0,2018.76,0.0,0.906,Email,Valid Claim
CLM00009,VALID_09,CUS00009,PROD00009,Camera,NovaTech,NOV-CAM-0009,SN-2026-000009,2023-11-05,2025-01-05,2025-01-04,24,2025-11-05,Active,304,No,Water Leakage,Electrical Failure,Yes,Yes,Yes,Yes,Yes,Yes,Yes,No,No,0,N/A,No,N/A,Yes,Yes,No,No,No,Yes,Yes,0,904.41,0.0,0.959,Mobile App,Valid Claim
CLM00010,VALID_10,CUS00010,PROD00010,Printer,PrimeView,PRI-PRI-0010,SN-2026-000010,2025-04-29,2026-01-29,2026-01-22,12,2026-04-29,Active,90,No,Overheating,Manufacturing Defect,Yes,Yes,Yes,Yes,Yes,Yes,Yes,No,No,0,N/A,No,N/A,Yes,Yes,No,No,No,Yes,Yes,1,2580.73,0.0,0.9,Mobile App,Valid Claim
CLM00011,VALID_11,CUS00011,PROD00011,Camera,ZenCore,ZEN-CAM-0011,SN-2026-000011,2024-10-16,2026-04-16,2026-04-11,24,2026-10-16,Active,183,No,Noise,Electrical Failure,Yes,Yes,Yes,Yes,Yes,Yes,Yes,No,No,0,N/A,No,N/A,Yes,Yes,No,No,No,Yes,Yes,1,699.71,0.0,0.957,Web,Valid Claim
CLM00012,VALID_12,CUS00012,PROD00012,Smartphone,HomePro,HOM-SMA-0012,SN-2026-000012,2023-06-03,2023-09-03,2023-08-27,12,2024-06-03,Active,274,No,Water Leakage,Electrical Failure,Yes,Yes,Yes,Yes,Yes,Yes,Yes,No,No,0,N/A,No,N/A,Yes,Yes,No,No,No,Yes,Yes,1,1462.01,0.0,0.952,Service Center,Valid Claim
CLM00013,VALID_13,CUS00013,PROD00013,Smartphone,HomePro,HOM-SMA-0013,SN-2026-000013,2023-05-05,2024-01-05,2023-12-23,12,2024-05-05,Active,121,Yes,Noise,Manufacturing Defect,Yes,Yes,Yes,Yes,Yes,Yes,Yes,No,No,0,N/A,No,N/A,Yes,Yes,No,No,No,Yes,Yes,0,192.4,0.0,0.984,Mobile App,Valid Claim
CLM00014,VALID_14,CUS00014,PROD00014,Air Conditioner,Aster,AST-AIR-0014,SN-2026-000014,2025-07-23,2026-05-23,2026-05-13,24,2027-07-23,Active,426,No,Battery Problem,Manufacturing Defect,Yes,Yes,Yes,Yes,Yes,Yes,Yes,No,No,0,N/A,No,N/A,Yes,Yes,No,No,No,Yes,Yes,1,2272.11,0.0,0.917,Service Center,Valid Claim
CLM00015,VALID_15,CUS00015,PROD00015,Air Conditioner,PrimeView,PRI-AIR-0015,SN-2026-000015,2025-07-31,2026-01-31,2026-01-18,24,2027-07-31,Active,546,No,Battery Problem,Manufacturing Defect,Yes,Yes,Yes,Yes,Yes,Yes,Yes,Yes,Yes,2,Yes,No,N/A,Yes,Yes,No,No,No,Yes,Yes,1,786.67,564.69,0.956,Mobile App,Valid Claim
CLM00016,VALID_16,CUS00016,PROD00016,Laptop,HomePro,HOM-LAP-0016,SN-2026-000016,2023-08-29,2025-07-29,2025-07-18,36,2026-08-29,Active,396,No,Overheating,Manufacturing Defect,Yes,Yes,Yes,Yes,Yes,Yes,Yes,No,No,0,N/A,No,N/A,Yes,Yes,No,No,No,Yes,Yes,1,244.52,0.0,0.981,Email,Valid Claim
CLM00017,VALID_17,CUS00017,PROD00017,Camera,PrimeView,PRI-CAM-0017,SN-2026-000017,2025-08-04,2025-11-04,2025-10-24,12,2026-08-04,Active,273,No,Noise,Electrical Failure,Yes,Yes,Yes,Yes,Yes,Yes,Yes,No,No,0,N/A,No,N/A,Yes,Yes,No,No,No,Yes,Yes,1,659.99,0.0,0.935,Mobile App,Valid Claim
CLM00018,VALID_18,CUS00018,PROD00018,Washing Machine,NovaTech,NOV-WAS-0018,SN-2026-000018,2023-09-17,2026-04-17,2026-04-15,36,2026-09-17,Active,153,No,Overheating,Electrical Failure,Yes,Yes,Yes,Yes,Yes,Yes,Yes,No,No,0,N/A,No,N/A,Yes,Yes,No,No,No,Yes,Yes,0,2959.2,0.0,0.967,Mobile App,Valid Claim
CLM00019,VALID_19,CUS00019,PROD00019,Laptop,Aster,AST-LAP-0019,SN-2026-000019,2023-12-09,2024-11-09,2024-11-06,24,2025-12-09,Active,395,No,Water Leakage,Manufacturing Defect,Yes,Yes,Yes,Yes,Yes,Yes,Yes,No,No,0,N/A,No,N/A,Yes,Yes,No,No,No,Yes,Yes,1,282.88,0.0,0.951,Web,Valid Claim
CLM00020,VALID_20,CUS00020,PROD00020,Air Conditioner,ZenCore,ZEN-AIR-0020,SN-2026-000020,2023-04-10,2024-09-10,2024-09-04,24,2025-04-10,Active,212,No,Power Failure,Manufacturing Defect,Yes,Yes,Yes,Yes,Yes,Yes,Yes,No,No,0,N/A,No,N/A,Yes,Yes,No,No,No,Yes,Yes,1,1483.92,0.0,0.97,Email,Valid Claim
CLM00021,VALID_21,CUS00021,PROD00021,Washing Machine,Aster,AST-WAS-0021,SN-2026-000021,2024-11-18,2026-02-18,2026-02-09,36,2027-11-18,Active,638,No,Battery Problem,Manufacturing Defect,Yes,Yes,Yes,Yes,Yes,Yes,Yes,No,No,0,N/A,No,N/A,Yes,Yes,No,No,No,Yes,Yes,0,2523.0,0.0,0.941,Web,Valid Claim
CLM00022,VALID_22,CUS00022,PROD00022,Refrigerator,ZenCore,ZEN-REF-0022,SN-2026-000022,2024-02-24,2026-11-24,2026-11-12,36,2027-02-24,Active,92,No,Connectivity Issue,Electrical Failure,Yes,Yes,Yes,Yes,Yes,Yes,Yes,Yes,Yes,2,Yes,No,N/A,Yes,Yes,No,No,No,Yes,Yes,0,1364.12,958.29,0.905,Mobile App,Valid Claim
CLM00023,VALID_23,CUS00023,PROD00023,Printer,ZenCore,ZEN-PRI-0023,SN-2026-000023,2024-10-22,2025-08-22,2025-08-11,12,2025-10-22,Active,61,Yes,Battery Problem,Manufacturing Defect,Yes,Yes,Yes,Yes,Yes,Yes,Yes,No,No,0,N/A,No,N/A,Yes,Yes,No,No,No,Yes,Yes,1,2861.16,0.0,0.969,Web,Valid Claim
CLM00024,VALID_24,CUS00024,PROD00024,Laptop,HomePro,HOM-LAP-0024,SN-2026-000024,2024-12-10,2027-02-10,2027-02-05,36,2027-12-10,Active,303,Yes,Water Leakage,Electrical Failure,Yes,Yes,Yes,Yes,Yes,Yes,Yes,No,No,0,N/A,No,N/A,Yes,Yes,No,No,No,Yes,Yes,1,1594.64,0.0,0.917,Service Center,Valid Claim
CLM00025,VALID_25,CUS00025,PROD00025,Air Conditioner,PrimeView,PRI-AIR-0025,SN-2026-000025,2024-08-23,2026-08-23,2026-08-20,36,2027-08-23,Active,365,Yes,Overheating,Manufacturing Defect,Yes,Yes,Yes,Yes,Yes,Yes,Yes,No,No,0,N/A,No,N/A,Yes,Yes,No,No,No,Yes,Yes,1,1754.38,0.0,0.904,Service Center,Valid Claim
CLM00026,VALID_26,CUS00026,PROD00026,Printer,PrimeView,PRI-PRI-0026,SN-2026-000026,2024-06-29,2025-03-29,2025-03-27,24,2026-06-29,Active,457,No,Mechanical Failure,Electrical Failure,Yes,Yes,Yes,Yes,Yes,Yes,Yes,Yes,Yes,2,Yes,No,N/A,Yes,Yes,No,No,No,Yes,Yes,0,2877.41,557.76,0.941,Email,Valid Claim
CLM00027,VALID_27,CUS00027,PROD00027,Laptop,ZenCore,ZEN-LAP-0027,SN-2026-000027,2023-10-13,2024-07-13,2024-06-30,12,2024-10-13,Active,92,No,Mechanical Failure,Manufacturing Defect,Yes,Yes,Yes,Yes,Yes,Yes,Yes,No,No,0,N/A,No,N/A,Yes,Yes,No,No,No,Yes,Yes,1,1267.52,0.0,0.911,Service Center,Valid Claim
CLM00028,VALID_28,CUS00028,PROD00028,Air Conditioner,Aster,AST-AIR-0028,SN-2026-000028,2025-04-08,2025-10-08,2025-10-06,12,2026-04-08,Active,182,No,Water Leakage,Electrical Failure,Yes,Yes,Yes,Yes,Yes,Yes,Yes,No,No,0,N/A,No,N/A,Yes,Yes,No,No,No,Yes,Yes,0,2339.62,0.0,0.937,Web,Valid Claim
CLM00029,VALID_29,CUS00029,PROD00029,Smartphone,HomePro,HOM-SMA-0029,SN-2026-000029,2025-03-21,2026-07-21,2026-07-14,36,2028-03-21,Active,609,No,Water Leakage,Manufacturing Defect,Yes,Yes,Yes,Yes,Yes,Yes,Yes,No,No,0,N/A,No,N/A,Yes,Yes,No,No,No,Yes,Yes,1,1813.64,0.0,0.914,Email,Valid Claim
CLM00030,VALID_30,CUS00030,PROD00030,Refrigerator,Aster,AST-REF-0030,SN-2026-000030,2023-06-09,2024-08-09,2024-07-27,24,2025-06-09,Active,304,No,Display Failure,Electrical Failure,Yes,Yes,Yes,Yes,Yes,Yes,Yes,No,No,0,N/A,No,N/A,Yes,Yes,No,No,No,Yes,Yes,1,146.66,0.0,0.965,Web,Valid Claim
CLM00031,VALID_31,CUS00031,PROD00031,Camera,ZenCore,ZEN-CAM-0031,SN-2026-000031,2023-01-28,2023-11-28,2023-11-20,12,2024-01-28,Active,61,No,Battery Problem,Manufacturing Defect,Yes,Yes,Yes,Yes,Yes,Yes,Yes,No,No,0,N/A,No,N/A,Yes,Yes,No,No,No,Yes,Yes,0,1506.86,0.0,0.921,Web,Valid Claim
CLM00032,VALID_32,CUS00032,PROD00032,Camera,HomePro,HOM-CAM-0032,SN-2026-000032,2026-01-20,2026-11-20,2026-11-18,24,2028-01-20,Active,426,Yes,Mechanical Failure,Electrical Failure,Yes,Yes,Yes,Yes,Yes,Yes,Yes,No,No,0,N/A,No,N/A,Yes,Yes,No,No,No,Yes,Yes,0,2223.96,0.0,0.954,Mobile App,Valid Claim
CLM00033,VALID_33,CUS00033,PROD00033,Camera,NovaTech,NOV-CAM-0033,SN-2026-000033,2024-01-16,2024-03-16,2024-03-09,24,2026-01-16,Active,671,No,Battery Problem,Electrical Failure,Yes,Yes,Yes,Yes,Yes,Yes,Yes,No,No,0,N/A,No,N/A,Yes,Yes,No,No,No,Yes,Yes,1,2895.32,0.0,0.95,Mobile App,Valid Claim
CLM00034,VALID_34,CUS00034,PROD00034,Printer,ZenCore,ZEN-PRI-0034,SN-2026-000034,2026-03-10,2027-06-10,2027-06-05,24,2028-03-10,Active,274,Yes,Display Failure,Manufacturing Defect,Yes,Yes,Yes,Yes,Yes,Yes,Yes,No,No,0,N/A,No,N/A,Yes,Yes,No,No,No,Yes,Yes,0,2666.23,0.0,0.947,Web,Valid Claim
CLM00035,VALID_35,CUS00035,PROD00035,Smartphone,Aster,AST-SMA-0035,SN-2026-000035,2025-02-28,2027-11-28,2027-11-26,36,2028-02-28,Active,92,No,Display Failure,Electrical Failure,Yes,Yes,Yes,Yes,Yes,Yes,Yes,No,No,0,N/A,No,N/A,Yes,Yes,No,No,No,Yes,Yes,1,852.5,0.0,0.923,Mobile App,Valid Claim
CLM00036,VALID_36,CUS00036,PROD00036,Washing Machine,Aster,AST-WAS-0036,SN-2026-000036,2024-11-26,2025-01-26,2025-01-21,12,2025-11-26,Active,304,No,Mechanical Failure,Electrical Failure,Yes,Yes,Yes,Yes,Yes,Yes,Yes,Yes,Yes,2,Yes,No,N/A,Yes,Yes,No,No,No,Yes,Yes,0,92.02,313.55,0.909,Service Center,Valid Claim
CLM00037,VALID_37,CUS00037,PROD00037,Air Conditioner,ZenCore,ZEN-AIR-0037,SN-2026-000037,2024-02-19,2024-09-19,2024-09-17,36,2027-02-19,Active,883,No,Water Leakage,Electrical Failure,Yes,Yes,Yes,Yes,Yes,Yes,Yes,No,No,0,N/A,No,N/A,Yes,Yes,No,No,No,Yes,Yes,0,2423.59,0.0,0.928,Mobile App,Valid Claim
CLM00038,VALID_38,CUS00038,PROD00038,Printer,Aster,AST-PRI-0038,SN-2026-000038,2026-02-21,2027-05-21,2027-05-12,24,2028-02-21,Active,276,Yes,Battery Problem,Manufacturing Defect,Yes,Yes,Yes,Yes,Yes,Yes,Yes,No,No,0,N/A,No,N/A,Yes,Yes,No,No,No,Yes,Yes,1,693.68,0.0,0.981,Email,Valid Claim
CLM00039,VALID_39,CUS00039,PROD00039,Refrigerator,Aster,AST-REF-0039,SN-2026-000039,2023-02-20,2024-08-20,2024-08-07,36,2026-02-20,Active,549,No,Power Failure,Manufacturing Defect,Yes,Yes,Yes,Yes,Yes,Yes,Yes,No,No,0,N/A,No,N/A,Yes,Yes,No,No,No,Yes,Yes,1,1063.84,0.0,0.947,Email,Valid Claim
CLM00040,VALID_40,CUS00040,PROD00040,Washing Machine,Aster,AST-WAS-0040,SN-2026-000040,2023-12-27,2024-09-27,2024-09-19,24,2025-12-27,Active,456,No,Water Leakage,Electrical Failure,Yes,Yes,Yes,Yes,Yes,Yes,Yes,No,No,0,N/A,No,N/A,Yes,Yes,No,No,No,Yes,Yes,0,2360.57,0.0,0.977,Web,Valid Claim
CLM00041,VALID_41,CUS00041,PROD00041,Refrigerator,PrimeView,PRI-REF-0041,SN-2026-000041,2023-08-31,2023-12-31,2023-12-24,12,2024-08-31,Active,244,No,Connectivity Issue,Manufacturing Defect,Yes,Yes,Yes,Yes,Yes,Yes,Yes,No,No,0,N/A,No,N/A,Yes,Yes,No,No,No,Yes,Yes,0,2979.03,0.0,0.933,Service Center,Valid Claim
CLM00042,VALID_42,CUS00042,PROD00042,Smartphone,Aster,AST-SMA-0042,SN-2026-000042,2025-07-14,2026-01-14,2026-01-03,12,2026-07-14,Active,181,No,Battery Problem,Electrical Failure,Yes,Yes,Yes,Yes,Yes,Yes,Yes,No,No,0,N/A,No,N/A,Yes,Yes,No,No,No,Yes,Yes,1,2118.46,0.0,0.94,Service Center,Valid Claim
CLM00043,VALID_43,CUS00043,PROD00043,Smartphone,ZenCore,ZEN-SMA-0043,SN-2026-000043,2024-05-26,2026-02-26,2026-02-25,24,2026-05-26,Active,89,No,Noise,Manufacturing Defect,Yes,Yes,Yes,Yes,Yes,Yes,Yes,No,No,0,N/A,No,N/A,Yes,Yes,No,No,No,Yes,Yes,0,1025.41,0.0,0.942,Service Center,Valid Claim
CLM00044,VALID_44,CUS00044,PROD00044,Printer,Aster,AST-PRI-0044,SN-2026-000044,2024-07-18,2025-02-18,2025-02-11,12,2025-07-18,Active,150,No,Connectivity Issue,Electrical Failure,Yes,Yes,Yes,Yes,Yes,Yes,Yes,No,No,0,N/A,No,N/A,Yes,Yes,No,No,No,Yes,Yes,1,2446.87,0.0,0.95,Email,Valid Claim
CLM00045,VALID_45,CUS00045,PROD00045,Refrigerator,Aster,AST-REF-0045,SN-2026-000045,2025-01-02,2025-08-02,2025-07-28,24,2027-01-02,Active,518,No,Mechanical Failure,Manufacturing Defect,Yes,Yes,Yes,Yes,Yes,Yes,Yes,No,No,0,N/A,No,N/A,Yes,Yes,No,No,No,Yes,Yes,0,1668.49,0.0,0.946,Web,Valid Claim
CLM00046,VALID_46,CUS00046,PROD00046,Laptop,ZenCore,ZEN-LAP-0046,SN-2026-000046,2023-09-13,2025-03-13,2025-03-04,24,2025-09-13,Active,184,No,Battery Problem,Electrical Failure,Yes,Yes,Yes,Yes,Yes,Yes,Yes,No,No,0,N/A,No,N/A,Yes,Yes,No,No,No,Yes,Yes,0,471.22,0.0,0.931,Web,Valid Claim
CLM00047,VALID_47,CUS00047,PROD00047,Washing Machine,PrimeView,PRI-WAS-0047,SN-2026-000047,2025-04-08,2027-01-08,2027-01-05,24,2027-04-08,Active,90,No,Noise,Manufacturing Defect,Yes,Yes,Yes,Yes,Yes,Yes,Yes,No,No,0,N/A,No,N/A,Yes,Yes,No,No,No,Yes,Yes,1,2771.99,0.0,0.936,Email,Valid Claim
CLM00048,VALID_48,CUS00048,PROD00048,Air Conditioner,Aster,AST-AIR-0048,SN-2026-000048,2024-02-05,2024-10-05,2024-09-23,24,2026-02-05,Active,488,No,Overheating,Electrical Failure,Yes,Yes,Yes,Yes,Yes,Yes,Yes,No,No,0,N/A,No,N/A,Yes,Yes,No,No,No,Yes,Yes,1,2529.07,0.0,0.946,Mobile App,Valid Claim
CLM00049,VALID_49,CUS00049,PROD00049,Refrigerator,Aster,AST-REF-0049,SN-2026-000049,2024-03-30,2025-05-30,2025-05-26,24,2026-03-30,Active,304,Yes,Power Failure,Electrical Failure,Yes,Yes,Yes,Yes,Yes,Yes,Yes,No,No,0,N/A,No,N/A,Yes,Yes,No,No,No,Yes,Yes,1,2016.69,0.0,0.964,Web,Valid Claim
CLM00050,VALID_50,CUS00050,PROD00050,Television,PrimeView,PRI-TEL-0050,SN-2026-000050,2024-08-13,2026-04-13,2026-03-30,36,2027-08-13,Active,487,Yes,Overheating,Manufacturing Defect,Yes,Yes,Yes,Yes,Yes,Yes,Yes,No,No,0,N/A,No,N/A,Yes,Yes,No,No,No,Yes,Yes,1,578.64,0.0,0.931,Web,Valid Claim
CLM00051,VALID_51,CUS00051,PROD00051,Smartphone,PrimeView,PRI-SMA-0051,SN-2026-000051,2023-10-02,2025-02-02,2025-01-25,36,2026-10-02,Active,607,Yes,Battery Problem,Electrical Failure,Yes,Yes,Yes,Yes,Yes,Yes,Yes,No,No,0,N/A,No,N/A,Yes,Yes,No,No,No,Yes,Yes,0,771.0,0.0,0.907,Web,Valid Claim
CLM00052,VALID_52,CUS00052,PROD00052,Smartphone,Aster,AST-SMA-0052,SN-2026-000052,2025-10-07,2026-01-07,2026-01-06,12,2026-10-07,Active,273,No,Battery Problem,Manufacturing Defect,Yes,Yes,Yes,Yes,Yes,Yes,Yes,No,No,0,N/A,No,N/A,Yes,Yes,No,No,No,Yes,Yes,0,2450.6,0.0,0.927,Email,Valid Claim
CLM00053,VALID_53,CUS00053,PROD00053,Refrigerator,Aster,AST-REF-0053,SN-2026-000053,2024-05-21,2024-10-21,2024-10-07,24,2026-05-21,Active,577,No,Water Leakage,Manufacturing Defect,Yes,Yes,Yes,Yes,Yes,Yes,Yes,No,No,0,N/A,No,N/A,Yes,Yes,No,No,No,Yes,Yes,0,2430.93,0.0,0.983,Email,Valid Claim
CLM00054,VALID_54,CUS00054,PROD00054,Air Conditioner,PrimeView,PRI-AIR-0054,SN-2026-000054,2025-11-05,2026-06-05,2026-06-04,12,2026-11-05,Active,153,No,Water Leakage,Manufacturing Defect,Yes,Yes,Yes,Yes,Yes,Yes,Yes,No,No,0,N/A,No,N/A,Yes,Yes,No,No,No,Yes,Yes,0,1068.92,0.0,0.954,Web,Valid Claim
CLM00055,VALID_55,CUS00055,PROD00055,Laptop,NovaTech,NOV-LAP-0055,SN-2026-000055,2024-01-13,2025-01-13,2025-01-02,36,2027-01-13,Active,730,No,Mechanical Failure,Manufacturing Defect,Yes,Yes,Yes,Yes,Yes,Yes,Yes,No,No,0,N/A,No,N/A,Yes,Yes,No,No,No,Yes,Yes,1,632.35,0.0,0.939,Service Center,Valid Claim
CLM00056,VALID_56,CUS00056,PROD00056,Air Conditioner,NovaTech,NOV-AIR-0056,SN-2026-000056,2024-03-16,2026-08-16,2026-08-06,36,2027-03-16,Active,212,No,Connectivity Issue,Manufacturing Defect,Yes,Yes,Yes,Yes,Yes,Yes,Yes,Yes,Yes,1,Yes,No,N/A,Yes,Yes,No,No,No,Yes,Yes,1,2372.57,147.15,0.959,Email,Valid Claim
CLM00057,VALID_57,CUS00057,PROD00057,Air Conditioner,NovaTech,NOV-AIR-0057,SN-2026-000057,2023-07-06,2024-03-06,2024-03-04,12,2024-07-06,Active,122,No,Water Leakage,Electrical Failure,Yes,Yes,Yes,Yes,Yes,Yes,Yes,No,No,0,N/A,No,N/A,Yes,Yes,No,No,No,Yes,Yes,0,375.91,0.0,0.929,Service Center,Valid Claim
CLM00058,VALID_58,CUS00058,PROD00058,Laptop,HomePro,HOM-LAP-0058,SN-2026-000058,2024-05-23,2025-08-23,2025-08-22,24,2026-05-23,Active,273,No,Display Failure,Manufacturing Defect,Yes,Yes,Yes,Yes,Yes,Yes,Yes,No,No,0,N/A,No,N/A,Yes,Yes,No,No,No,Yes,Yes,0,1473.8,0.0,0.96,Email,Valid Claim
CLM00059,VALID_59,CUS00059,PROD00059,Laptop,HomePro,HOM-LAP-0059,SN-2026-000059,2024-04-27,2024-08-27,2024-08-15,12,2025-04-27,Active,243,No,Noise,Manufacturing Defect,Yes,Yes,Yes,Yes,Yes,Yes,Yes,No,No,0,N/A,No,N/A,Yes,Yes,No,No,No,Yes,Yes,0,1758.47,0.0,0.986,Service Center,Valid Claim
CLM00060,VALID_60,CUS00060,PROD00060,Camera,Aster,AST-CAM-0060,SN-2026-000060,2025-01-24,2027-06-24,2027-06-20,36,2028-01-24,Active,214,No,Noise,Electrical Failure,Yes,Yes,Yes,Yes,Yes,Yes,Yes,No,No,0,N/A,No,N/A,Yes,Yes,No,No,No,Yes,Yes,1,670.47,0.0,0.96,Service Center,Valid Claim
CLM00061,VALID_61,CUS00061,PROD00061,Refrigerator,NovaTech,NOV-REF-0061,SN-2026-000061,2026-01-28,2027-10-28,2027-10-15,24,2028-01-28,Active,92,No,Noise,Manufacturing Defect,Yes,Yes,Yes,Yes,Yes,Yes,Yes,No,No,0,N/A,No,N/A,Yes,Yes,No,No,No,Yes,Yes,0,1964.81,0.0,0.988,Web,Valid Claim
CLM00062,VALID_62,CUS00062,PROD00062,Printer,ZenCore,ZEN-PRI-0062,SN-2026-000062,2024-05-13,2024-08-13,2024-08-04,12,2025-05-13,Active,273,No,Noise,Electrical Failure,Yes,Yes,Yes,Yes,Yes,Yes,Yes,No,No,0,N/A,No,N/A,Yes,Yes,No,No,No,Yes,Yes,0,1555.35,0.0,0.933,Email,Valid Claim
CLM00063,VALID_63,CUS00063,PROD00063,Printer,PrimeView,PRI-PRI-0063,SN-2026-000063,2025-10-26,2028-07-26,2028-07-21,36,2028-10-26,Active,92,No,Connectivity Issue,Electrical Failure,Yes,Yes,Yes,Yes,Yes,Yes,Yes,No,No,0,N/A,No,N/A,Yes,Yes,No,No,No,Yes,Yes,0,817.75,0.0,0.988,Mobile App,Valid Claim
CLM00064,VALID_64,CUS00064,PROD00064,Air Conditioner,ZenCore,ZEN-AIR-0064,SN-2026-000064,2025-12-07,2027-10-07,2027-10-05,24,2027-12-07,Active,61,No,Connectivity Issue,Electrical Failure,Yes,Yes,Yes,Yes,Yes,Yes,Yes,No,No,0,N/A,No,N/A,Yes,Yes,No,No,No,Yes,Yes,0,1537.99,0.0,0.909,Mobile App,Valid Claim
CLM00065,VALID_65,CUS00065,PROD00065,Laptop,PrimeView,PRI-LAP-0065,SN-2026-000065,2024-02-18,2024-05-18,2024-05-04,12,2025-02-18,Active,276,No,Connectivity Issue,Manufacturing Defect,Yes,Yes,Yes,Yes,Yes,Yes,Yes,No,No,0,N/A,No,N/A,Yes,Yes,No,No,No,Yes,Yes,1,1083.32,0.0,0.917,Email,Valid Claim
CLM00066,VALID_66,CUS00066,PROD00066,Smartphone,Aster,AST-SMA-0066,SN-2026-000066,2023-06-16,2026-03-16,2026-03-07,36,2026-06-16,Active,92,No,Mechanical Failure,Electrical Failure,Yes,Yes,Yes,Yes,Yes,Yes,Yes,No,No,0,N/A,No,N/A,Yes,Yes,No,No,No,Yes,Yes,1,1271.42,0.0,0.966,Mobile App,Valid Claim
CLM00067,VALID_67,CUS00067,PROD00067,Laptop,NovaTech,NOV-LAP-0067,SN-2026-000067,2023-11-02,2024-10-02,2024-09-27,36,2026-11-02,Active,761,No,Display Failure,Electrical Failure,Yes,Yes,Yes,Yes,Yes,Yes,Yes,No,No,0,N/A,No,N/A,Yes,Yes,No,No,No,Yes,Yes,1,2256.66,0.0,0.965,Web,Valid Claim
CLM00068,VALID_68,CUS00068,PROD00068,Refrigerator,NovaTech,NOV-REF-0068,SN-2026-000068,2024-02-17,2024-12-17,2024-12-10,12,2025-02-17,Active,62,No,Power Failure,Electrical Failure,Yes,Yes,Yes,Yes,Yes,Yes,Yes,No,No,0,N/A,No,N/A,Yes,Yes,No,No,No,Yes,Yes,1,481.96,0.0,0.972,Service Center,Valid Claim
CLM00069,VALID_69,CUS00069,PROD00069,Camera,HomePro,HOM-CAM-0069,SN-2026-000069,2024-09-21,2025-04-21,2025-04-10,12,2025-09-21,Active,153,No,Noise,Electrical Failure,Yes,Yes,Yes,Yes,Yes,Yes,Yes,No,No,0,N/A,No,N/A,Yes,Yes,No,No,No,Yes,Yes,1,363.66,0.0,0.981,Email,Valid Claim
CLM00070,VALID_70,CUS00070,PROD00070,Air Conditioner,HomePro,HOM-AIR-0070,SN-2026-000070,2024-10-04,2026-10-04,2026-10-03,36,2027-10-04,Active,365,No,Display Failure,Electrical Failure,Yes,Yes,Yes,Yes,Yes,Yes,Yes,No,No,0,N/A,No,N/A,Yes,Yes,No,No,No,Yes,Yes,1,1582.86,0.0,0.982,Email,Valid Claim
CLM00071,VALID_71,CUS00071,PROD00071,Printer,PrimeView,PRI-PRI-0071,SN-2026-000071,2025-06-18,2025-12-18,2025-12-08,24,2027-06-18,Active,547,No,Mechanical Failure,Electrical Failure,Yes,Yes,Yes,Yes,Yes,Yes,Yes,No,No,0,N/A,No,N/A,Yes,Yes,No,No,No,Yes,Yes,0,2933.91,0.0,0.928,Mobile App,Valid Claim
CLM00072,VALID_72,CUS00072,PROD00072,Laptop,NovaTech,NOV-LAP-0072,SN-2026-000072,2026-01-25,2028-08-25,2028-08-16,36,2029-01-25,Active,153,No,Overheating,Manufacturing Defect,Yes,Yes,Yes,Yes,Yes,Yes,Yes,No,No,0,N/A,No,N/A,Yes,Yes,No,No,No,Yes,Yes,0,1050.88,0.0,0.917,Service Center,Valid Claim
CLM00073,VALID_73,CUS00073,PROD00073,Printer,NovaTech,NOV-PRI-0073,SN-2026-000073,2025-05-22,2026-01-22,2026-01-14,12,2026-05-22,Active,120,No,Connectivity Issue,Manufacturing Defect,Yes,Yes,Yes,Yes,Yes,Yes,Yes,No,No,0,N/A,No,N/A,Yes,Yes,No,No,No,Yes,Yes,0,2168.02,0.0,0.977,Email,Valid Claim
CLM00074,VALID_74,CUS00074,PROD00074,Refrigerator,PrimeView,PRI-REF-0074,SN-2026-000074,2025-12-09,2026-07-09,2026-07-06,12,2026-12-09,Active,153,No,Noise,Manufacturing Defect,Yes,Yes,Yes,Yes,Yes,Yes,Yes,No,No,0,N/A,No,N/A,Yes,Yes,No,No,No,Yes,Yes,1,2148.54,0.0,0.972,Mobile App,Valid Claim
CLM00075,VALID_75,CUS00075,PROD00075,Washing Machine,Aster,AST-WAS-0075,SN-2026-000075,2026-01-25,2026-11-25,2026-11-23,12,2027-01-25,Active,61,No,Overheating,Manufacturing Defect,Yes,Yes,Yes,Yes,Yes,Yes,Yes,No,No,0,N/A,No,N/A,Yes,Yes,No,No,No,Yes,Yes,0,1039.71,0.0,0.912,Web,Valid Claim
CLM00076,VALID_76,CUS00076,PROD00076,Printer,PrimeView,PRI-PRI-0076,SN-2026-000076,2026-02-27,2028-08-27,2028-08-18,36,2029-02-27,Active,184,No,Connectivity Issue,Manufacturing Defect,Yes,Yes,Yes,Yes,Yes,Yes,Yes,No,No,0,N/A,No,N/A,Yes,Yes,No,No,No,Yes,Yes,0,2785.16,0.0,0.987,Email,Valid Claim
CLM00077,VALID_77,CUS00077,PROD00077,Television,Aster,AST-TEL-0077,SN-2026-000077,2025-04-04,2025-07-04,2025-06-26,12,2026-04-04,Active,274,No,Connectivity Issue,Manufacturing Defect,Yes,Yes,Yes,Yes,Yes,Yes,Yes,No,No,0,N/A,No,N/A,Yes,Yes,No,No,No,Yes,Yes,1,1207.31,0.0,0.921,Web,Valid Claim
CLM00078,VALID_78,CUS00078,PROD00078,Smartphone,PrimeView,PRI-SMA-0078,SN-2026-000078,2026-03-14,2026-07-14,2026-07-07,24,2028-03-14,Active,609,No,Power Failure,Manufacturing Defect,Yes,Yes,Yes,Yes,Yes,Yes,Yes,No,No,0,N/A,No,N/A,Yes,Yes,No,No,No,Yes,Yes,0,2481.62,0.0,0.922,Email,Valid Claim
CLM00079,VALID_79,CUS00079,PROD00079,Washing Machine,Aster,AST-WAS-0079,SN-2026-000079,2025-02-07,2025-06-07,2025-05-29,12,2026-02-07,Active,245,No,Display Failure,Manufacturing Defect,Yes,Yes,Yes,Yes,Yes,Yes,Yes,No,No,0,N/A,No,N/A,Yes,Yes,No,No,No,Yes,Yes,0,1689.98,0.0,0.974,Service Center,Valid Claim
CLM00080,VALID_80,CUS00080,PROD00080,Printer,PrimeView,PRI-PRI-0080,SN-2026-000080,2023-10-27,2024-08-27,2024-08-20,24,2025-10-27,Active,426,No,Overheating,Electrical Failure,Yes,Yes,Yes,Yes,Yes,Yes,Yes,No,No,0,N/A,No,N/A,Yes,Yes,No,No,No,Yes,Yes,0,2272.82,0.0,0.921,Service Center,Valid Claim
CLM00081,VALID_81,CUS00081,PROD00081,Smartphone,Aster,AST-SMA-0081,SN-2026-000081,2023-03-06,2024-12-06,2024-12-05,24,2025-03-06,Active,90,No,Mechanical Failure,Electrical Failure,Yes,Yes,Yes,Yes,Yes,Yes,Yes,Yes,Yes,1,Yes,No,N/A,Yes,Yes,No,No,No,Yes,Yes,0,1938.2,157.88,0.933,Mobile App,Valid Claim
CLM00082,VALID_82,CUS00082,PROD00082,Air Conditioner,PrimeView,PRI-AIR-0082,SN-2026-000082,2023-07-03,2024-07-03,2024-06-22,24,2025-07-03,Active,365,No,Noise,Manufacturing Defect,Yes,Yes,Yes,Yes,Yes,Yes,Yes,No,No,0,N/A,No,N/A,Yes,Yes,No,No,No,Yes,Yes,0,2373.88,0.0,0.902,Web,Valid Claim
CLM00083,VALID_83,CUS00083,PROD00083,Television,HomePro,HOM-TEL-0083,SN-2026-000083,2023-04-18,2024-07-18,2024-07-10,24,2025-04-18,Active,274,No,Mechanical Failure,Electrical Failure,Yes,Yes,Yes,Yes,Yes,Yes,Yes,No,No,0,N/A,No,N/A,Yes,Yes,No,No,No,Yes,Yes,1,2547.75,0.0,0.988,Email,Valid Claim
CLM00084,VALID_84,CUS00084,PROD00084,Refrigerator,PrimeView,PRI-REF-0084,SN-2026-000084,2024-09-26,2026-04-26,2026-04-18,24,2026-09-26,Active,153,No,Battery Problem,Manufacturing Defect,Yes,Yes,Yes,Yes,Yes,Yes,Yes,No,No,0,N/A,No,N/A,Yes,Yes,No,No,No,Yes,Yes,1,1658.89,0.0,0.939,Web,Valid Claim
CLM00085,VALID_85,CUS00085,PROD00085,Washing Machine,Aster,AST-WAS-0085,SN-2026-000085,2026-02-18,2027-04-18,2027-04-05,36,2029-02-18,Active,672,No,Mechanical Failure,Manufacturing Defect,Yes,Yes,Yes,Yes,Yes,Yes,Yes,No,No,0,N/A,No,N/A,Yes,Yes,No,No,No,Yes,Yes,1,62.14,0.0,0.928,Email,Valid Claim
CLM00086,VALID_86,CUS00086,PROD00086,Washing Machine,HomePro,HOM-WAS-0086,SN-2026-000086,2024-02-17,2024-05-17,2024-05-08,12,2025-02-17,Active,276,No,Mechanical Failure,Electrical Failure,Yes,Yes,Yes,Yes,Yes,Yes,Yes,No,No,0,N/A,No,N/A,Yes,Yes,No,No,No,Yes,Yes,1,891.68,0.0,0.963,Email,Valid Claim
CLM00087,VALID_87,CUS00087,PROD00087,Refrigerator,HomePro,HOM-REF-0087,SN-2026-000087,2025-02-19,2026-08-19,2026-08-14,24,2027-02-19,Active,184,Yes,Power Failure,Electrical Failure,Yes,Yes,Yes,Yes,Yes,Yes,Yes,No,No,0,N/A,No,N/A,Yes,Yes,No,No,No,Yes,Yes,0,735.8,0.0,0.901,Service Center,Valid Claim
CLM00088,VALID_88,CUS00088,PROD00088,Refrigerator,HomePro,HOM-REF-0088,SN-2026-000088,2023-01-24,2023-03-24,2023-03-20,12,2024-01-24,Active,306,No,Noise,Electrical Failure,Yes,Yes,Yes,Yes,Yes,Yes,Yes,No,No,0,N/A,No,N/A,Yes,Yes,No,No,No,Yes,Yes,0,1641.4,0.0,0.944,Service Center,Valid Claim
CLM00089,VALID_89,CUS00089,PROD00089,Air Conditioner,ZenCore,ZEN-AIR-0089,SN-2026-000089,2024-04-30,2025-01-30,2025-01-22,12,2025-04-30,Active,90,No,Battery Problem,Electrical Failure,Yes,Yes,Yes,Yes,Yes,Yes,Yes,No,No,0,N/A,No,N/A,Yes,Yes,No,No,No,Yes,Yes,1,1753.77,0.0,0.955,Service Center,Valid Claim
CLM00090,VALID_90,CUS00090,PROD00090,Television,Aster,AST-TEL-0090,SN-2026-000090,2023-11-22,2024-07-22,2024-07-16,12,2024-11-22,Active,123,No,Noise,Manufacturing Defect,Yes,Yes,Yes,Yes,Yes,Yes,Yes,No,No,0,N/A,No,N/A,Yes,Yes,No,No,No,Yes,Yes,0,876.33,0.0,0.96,Email,Valid Claim
CLM00091,VALID_91,CUS00091,PROD00091,Television,ZenCore,ZEN-TEL-0091,SN-2026-000091,2023-06-06,2023-09-06,2023-08-28,12,2024-06-06,Active,274,No,Power Failure,Electrical Failure,Yes,Yes,Yes,Yes,Yes,Yes,Yes,No,No,0,N/A,No,N/A,Yes,Yes,No,No,No,Yes,Yes,1,2719.25,0.0,0.981,Web,Valid Claim
CLM00092,VALID_92,CUS00092,PROD00092,Refrigerator,ZenCore,ZEN-REF-0092,SN-2026-000092,2024-10-05,2026-06-05,2026-05-29,24,2026-10-05,Active,122,No,Noise,Electrical Failure,Yes,Yes,Yes,Yes,Yes,Yes,Yes,No,No,0,N/A,No,N/A,Yes,Yes,No,No,No,Yes,Yes,0,1276.11,0.0,0.949,Web,Valid Claim
CLM00093,VALID_93,CUS00093,PROD00093,Refrigerator,ZenCore,ZEN-REF-0093,SN-2026-000093,2025-08-08,2028-04-08,2028-03-25,36,2028-08-08,Active,122,No,Battery Problem,Electrical Failure,Yes,Yes,Yes,Yes,Yes,Yes,Yes,No,No,0,N/A,No,N/A,Yes,Yes,No,No,No,Yes,Yes,1,2640.43,0.0,0.986,Mobile App,Valid Claim
CLM00094,VALID_94,CUS00094,PROD00094,Washing Machine,Aster,AST-WAS-0094,SN-2026-000094,2023-05-21,2024-04-21,2024-04-14,24,2025-05-21,Active,395,No,Mechanical Failure,Electrical Failure,Yes,Yes,Yes,Yes,Yes,Yes,Yes,No,No,0,N/A,No,N/A,Yes,Yes,No,No,No,Yes,Yes,0,1290.72,0.0,0.986,Service Center,Valid Claim
CLM00095,VALID_95,CUS00095,PROD00095,Refrigerator,PrimeView,PRI-REF-0095,SN-2026-000095,2024-03-23,2025-01-23,2025-01-11,36,2027-03-23,Active,789,No,Mechanical Failure,Electrical Failure,Yes,Yes,Yes,Yes,Yes,Yes,Yes,No,No,0,N/A,No,N/A,Yes,Yes,No,No,No,Yes,Yes,0,109.41,0.0,0.976,Service Center,Valid Claim
CLM00096,VALID_96,CUS00096,PROD00096,Refrigerator,PrimeView,PRI-REF-0096,SN-2026-000096,2024-12-18,2026-06-18,2026-06-05,36,2027-12-18,Active,548,Yes,Power Failure,Electrical Failure,Yes,Yes,Yes,Yes,Yes,Yes,Yes,No,No,0,N/A,No,N/A,Yes,Yes,No,No,No,Yes,Yes,1,2390.8,0.0,0.953,Email,Valid Claim
CLM00097,VALID_97,CUS00097,PROD00097,Printer,ZenCore,ZEN-PRI-0097,SN-2026-000097,2023-08-03,2023-11-03,2023-10-29,36,2026-08-03,Active,1004,No,Battery Problem,Electrical Failure,Yes,Yes,Yes,Yes,Yes,Yes,Yes,No,No,0,N/A,No,N/A,Yes,Yes,No,No,No,Yes,Yes,0,2695.46,0.0,0.937,Mobile App,Valid Claim
CLM00098,VALID_98,CUS00098,PROD00098,Air Conditioner,ZenCore,ZEN-AIR-0098,SN-2026-000098,2024-11-16,2025-04-16,2025-04-14,12,2025-11-16,Active,214,No,Mechanical Failure,Manufacturing Defect,Yes,Yes,Yes,Yes,Yes,Yes,Yes,No,No,0,N/A,No,N/A,Yes,Yes,No,No,No,Yes,Yes,1,2092.53,0.0,0.946,Email,Valid Claim
CLM00099,VALID_99,CUS00099,PROD00099,Television,Aster,AST-TEL-0099,SN-2026-000099,2025-01-08,2025-06-08,2025-05-25,12,2026-01-08,Active,214,No,Noise,Electrical Failure,Yes,Yes,Yes,Yes,Yes,Yes,Yes,No,No,0,N/A,No,N/A,Yes,Yes,No,No,No,Yes,Yes,1,2040.22,0.0,0.973,Email,Valid Claim
CLM00100,VALID_100,CUS00100,PROD00100,Smartphone,PrimeView,PRI-SMA-0100,SN-2026-000100,2023-06-03,2024-03-03,2024-02-26,12,2024-06-03,Active,92,Yes,Noise,Manufacturing Defect,Yes,Yes,Yes,Yes,Yes,Yes,Yes,No,No,0,N/A,No,N/A,Yes,Yes,No,No,No,Yes,Yes,1,1029.46,0.0,0.975,Mobile App,Valid Claim
CLM00101,VALID_101,CUS00101,PROD00101,Camera,NovaTech,NOV-CAM-0101,SN-2026-000101,2025-12-04,2026-12-04,2026-11-27,36,2028-12-04,Active,731,No,Overheating,Electrical Failure,Yes,Yes,Yes,Yes,Yes,Yes,Yes,No,No,0,N/A,No,N/A,Yes,Yes,No,No,No,Yes,Yes,1,1976.94,0.0,0.983,Mobile App,Valid Claim
CLM00102,VALID_102,CUS00102,PROD00102,Television,HomePro,HOM-TEL-0102,SN-2026-000102,2024-10-07,2025-06-07,2025-06-01,12,2025-10-07,Active,122,Yes,Overheating,Electrical Failure,Yes,Yes,Yes,Yes,Yes,Yes,Yes,Yes,Yes,2,Yes,No,N/A,Yes,Yes,No,No,No,Yes,Yes,0,1522.27,228.44,0.915,Email,Valid Claim
CLM00103,VALID_103,CUS00103,PROD00103,Camera,HomePro,HOM-CAM-0103,SN-2026-000103,2025-01-26,2026-10-26,2026-10-21,24,2027-01-26,Active,92,No,Noise,Manufacturing Defect,Yes,Yes,Yes,Yes,Yes,Yes,Yes,Yes,Yes,1,Yes,No,N/A,Yes,Yes,No,No,No,Yes,Yes,0,1315.82,997.04,0.923,Service Center,Valid Claim
CLM00104,VALID_104,CUS00104,PROD00104,Washing Machine,PrimeView,PRI-WAS-0104,SN-2026-000104,2025-11-19,2028-09-19,2028-09-16,36,2028-11-19,Active,61,Yes,Connectivity Issue,Electrical Failure,Yes,Yes,Yes,Yes,Yes,Yes,Yes,No,No,0,N/A,No,N/A,Yes,Yes,No,No,No,Yes,Yes,0,1815.56,0.0,0.943,Mobile App,Valid Claim
CLM00105,VALID_105,CUS00105,PROD00105,Smartphone,NovaTech,NOV-SMA-0105,SN-2026-000105,2025-08-30,2027-08-30,2027-08-27,36,2028-08-30,Active,366,No,Battery Problem,Manufacturing Defect,Yes,Yes,Yes,Yes,Yes,Yes,Yes,No,No,0,N/A,No,N/A,Yes,Yes,No,No,No,Yes,Yes,0,2882.58,0.0,0.946,Mobile App,Valid Claim
CLM00106,VALID_106,CUS00106,PROD00106,Printer,Aster,AST-PRI-0106,SN-2026-000106,2024-12-16,2025-02-16,2025-02-11,12,2025-12-16,Active,303,No,Connectivity Issue,Electrical Failure,Yes,Yes,Yes,Yes,Yes,Yes,Yes,No,No,0,N/A,No,N/A,Yes,Yes,No,No,No,Yes,Yes,0,1787.5,0.0,0.916,Web,Valid Claim
CLM00107,VALID_107,CUS00107,PROD00107,Air Conditioner,Aster,AST-AIR-0107,SN-2026-000107,2025-11-29,2027-01-29,2027-01-28,36,2028-11-29,Active,670,Yes,Connectivity Issue,Manufacturing Defect,Yes,Yes,Yes,Yes,Yes,Yes,Yes,No,No,0,N/A,No,N/A,Yes,Yes,No,No,No,Yes,Yes,1,1382.72,0.0,0.982,Email,Valid Claim
CLM00108,VALID_108,CUS00108,PROD00108,Refrigerator,Aster,AST-REF-0108,SN-2026-000108,2023-04-18,2024-08-18,2024-08-15,36,2026-04-18,Active,608,No,Noise,Electrical Failure,Yes,Yes,Yes,Yes,Yes,Yes,Yes,No,No,0,N/A,No,N/A,Yes,Yes,No,No,No,Yes,Yes,0,1249.44,0.0,0.974,Mobile App,Valid Claim
CLM00109,VALID_109,CUS00109,PROD00109,Refrigerator,NovaTech,NOV-REF-0109,SN-2026-000109,2026-01-25,2027-05-25,2027-05-23,24,2028-01-25,Active,245,No,Battery Problem,Manufacturing Defect,Yes,Yes,Yes,Yes,Yes,Yes,Yes,Yes,Yes,1,Yes,No,N/A,Yes,Yes,No,No,No,Yes,Yes,1,780.44,553.28,0.936,Email,Valid Claim
CLM00110,VALID_110,CUS00110,PROD00110,Laptop,PrimeView,PRI-LAP-0110,SN-2026-000110,2024-05-11,2024-11-11,2024-11-01,36,2027-05-11,Active,911,No,Battery Problem,Manufacturing Defect,Yes,Yes,Yes,Yes,Yes,Yes,Yes,No,No,0,N/A,No,N/A,Yes,Yes,No,No,No,Yes,Yes,0,2834.86,0.0,0.904,Service Center,Valid Claim
CLM00111,VALID_111,CUS00111,PROD00111,Laptop,NovaTech,NOV-LAP-0111,SN-2026-000111,2023-04-22,2023-10-22,2023-10-13,24,2025-04-22,Active,548,Yes,Display Failure,Manufacturing Defect,Yes,Yes,Yes,Yes,Yes,Yes,Yes,No,No,0,N/A,No,N/A,Yes,Yes,No,No,No,Yes,Yes,0,2511.75,0.0,0.948,Web,Valid Claim
CLM00112,VALID_112,CUS00112,PROD00112,Laptop,PrimeView,PRI-LAP-0112,SN-2026-000112,2024-03-26,2024-12-26,2024-12-13,24,2026-03-26,Active,455,No,Display Failure,Electrical Failure,Yes,Yes,Yes,Yes,Yes,Yes,Yes,No,No,0,N/A,No,N/A,Yes,Yes,No,No,No,Yes,Yes,0,764.31,0.0,0.981,Service Center,Valid Claim
CLM00113,VALID_113,CUS00113,PROD00113,Television,HomePro,HOM-TEL-0113,SN-2026-000113,2025-03-14,2026-05-14,2026-05-07,24,2027-03-14,Active,304,No,Water Leakage,Manufacturing Defect,Yes,Yes,Yes,Yes,Yes,Yes,Yes,No,No,0,N/A,No,N/A,Yes,Yes,No,No,No,Yes,Yes,0,2441.58,0.0,0.947,Service Center,Valid Claim
CLM00114,VALID_114,CUS00114,PROD00114,Television,ZenCore,ZEN-TEL-0114,SN-2026-000114,2025-07-09,2026-04-09,2026-03-28,24,2027-07-09,Active,456,Yes,Power Failure,Manufacturing Defect,Yes,Yes,Yes,Yes,Yes,Yes,Yes,Yes,Yes,1,Yes,No,N/A,Yes,Yes,No,No,No,Yes,Yes,0,587.83,744.66,0.961,Mobile App,Valid Claim
CLM00115,VALID_115,CUS00115,PROD00115,Smartphone,PrimeView,PRI-SMA-0115,SN-2026-000115,2025-05-13,2025-09-13,2025-09-03,24,2027-05-13,Active,607,No,Mechanical Failure,Manufacturing Defect,Yes,Yes,Yes,Yes,Yes,Yes,Yes,No,No,0,N/A,No,N/A,Yes,Yes,No,No,No,Yes,Yes,0,431.24,0.0,0.906,Web,Valid Claim
CLM00116,VALID_116,CUS00116,PROD00116,Camera,ZenCore,ZEN-CAM-0116,SN-2026-000116,2024-07-16,2025-04-16,2025-04-02,12,2025-07-16,Active,91,No,Display Failure,Manufacturing Defect,Yes,Yes,Yes,Yes,Yes,Yes,Yes,No,No,0,N/A,No,N/A,Yes,Yes,No,No,No,Yes,Yes,1,51.48,0.0,0.977,Mobile App,Valid Claim
CLM00117,VALID_117,CUS00117,PROD00117,Washing Machine,HomePro,HOM-WAS-0117,SN-2026-000117,2025-09-14,2026-09-14,2026-09-10,24,2027-09-14,Active,365,No,Connectivity Issue,Electrical Failure,Yes,Yes,Yes,Yes,Yes,Yes,Yes,No,No,0,N/A,No,N/A,Yes,Yes,No,No,No,Yes,Yes,1,2098.63,0.0,0.911,Service Center,Valid Claim
CLM00118,VALID_118,CUS00118,PROD00118,Refrigerator,NovaTech,NOV-REF-0118,SN-2026-000118,2023-06-24,2023-11-24,2023-11-23,12,2024-06-24,Active,213,No,Battery Problem,Manufacturing Defect,Yes,Yes,Yes,Yes,Yes,Yes,Yes,No,No,0,N/A,No,N/A,Yes,Yes,No,No,No,Yes,Yes,1,304.63,0.0,0.904,Service Center,Valid Claim
CLM00119,VALID_119,CUS00119,PROD00119,Camera,ZenCore,ZEN-CAM-0119,SN-2026-000119,2024-10-29,2025-12-29,2025-12-25,24,2026-10-29,Active,304,Yes,Noise,Electrical Failure,Yes,Yes,Yes,Yes,Yes,Yes,Yes,No,No,0,N/A,No,N/A,Yes,Yes,No,No,No,Yes,Yes,1,448.2,0.0,0.982,Email,Valid Claim
CLM00120,VALID_120,CUS00120,PROD00120,Refrigerator,ZenCore,ZEN-REF-0120,SN-2026-000120,2024-03-02,2025-10-02,2025-09-22,36,2027-03-02,Active,516,No,Noise,Electrical Failure,Yes,Yes,Yes,Yes,Yes,Yes,Yes,No,No,0,N/A,No,N/A,Yes,Yes,No,No,No,Yes,Yes,0,2259.66,0.0,0.911,Web,Valid Claim
CLM00121,VALID_121,CUS00121,PROD00121,Printer,PrimeView,PRI-PRI-0121,SN-2026-000121,2026-01-28,2027-01-28,2027-01-15,36,2029-01-28,Active,731,No,Power Failure,Manufacturing Defect,Yes,Yes,Yes,Yes,Yes,Yes,Yes,No,No,0,N/A,No,N/A,Yes,Yes,No,No,No,Yes,Yes,1,1473.6,0.0,0.931,Web,Valid Claim
CLM00122,VALID_122,CUS00122,PROD00122,Air Conditioner,PrimeView,PRI-AIR-0122,SN-2026-000122,2025-10-29,2025-12-29,2025-12-23,24,2027-10-29,Active,669,No,Mechanical Failure,Electrical Failure,Yes,Yes,Yes,Yes,Yes,Yes,Yes,No,No,0,N/A,No,N/A,Yes,Yes,No,No,No,Yes,Yes,1,343.06,0.0,0.978,Mobile App,Valid Claim
CLM00123,VALID_123,CUS00123,PROD00123,Laptop,HomePro,HOM-LAP-0123,SN-2026-000123,2024-06-29,2025-02-28,2025-02-25,12,2025-06-29,Active,121,No,Connectivity Issue,Electrical Failure,Yes,Yes,Yes,Yes,Yes,Yes,Yes,No,No,0,N/A,No,N/A,Yes,Yes,No,No,No,Yes,Yes,0,2047.45,0.0,0.932,Mobile App,Valid Claim
CLM00124,VALID_124,CUS00124,PROD00124,Smartphone,PrimeView,PRI-SMA-0124,SN-2026-000124,2024-07-27,2026-11-27,2026-11-22,36,2027-07-27,Active,242,No,Noise,Manufacturing Defect,Yes,Yes,Yes,Yes,Yes,Yes,Yes,No,No,0,N/A,No,N/A,Yes,Yes,No,No,No,Yes,Yes,0,87.14,0.0,0.971,Web,Valid Claim
CLM00125,VALID_125,CUS00125,PROD00125,Smartphone,ZenCore,ZEN-SMA-0125,SN-2026-000125,2024-07-03,2026-01-03,2025-12-23,24,2026-07-03,Active,181,No,Water Leakage,Manufacturing Defect,Yes,Yes,Yes,Yes,Yes,Yes,Yes,No,No,0,N/A,No,N/A,Yes,Yes,No,No,No,Yes,Yes,1,2934.06,0.0,0.955,Service Center,Valid Claim
CLM00126,VALID_126,CUS00126,PROD00126,Television,ZenCore,ZEN-TEL-0126,SN-2026-000126,2026-01-27,2026-04-27,2026-04-18,12,2027-01-27,Active,275,No,Battery Problem,Manufacturing Defect,Yes,Yes,Yes,Yes,Yes,Yes,Yes,No,No,0,N/A,No,N/A,Yes,Yes,No,No,No,Yes,Yes,1,2184.02,0.0,0.968,Web,Valid Claim
CLM00127,VALID_127,CUS00127,PROD00127,Television,HomePro,HOM-TEL-0127,SN-2026-000127,2023-05-21,2024-07-21,2024-07-09,24,2025-05-21,Active,304,No,Connectivity Issue,Manufacturing Defect,Yes,Yes,Yes,Yes,Yes,Yes,Yes,No,No,0,N/A,No,N/A,Yes,Yes,No,No,No,Yes,Yes,1,2403.89,0.0,0.918,Email,Valid Claim
CLM00128,VALID_128,CUS00128,PROD00128,Laptop,NovaTech,NOV-LAP-0128,SN-2026-000128,2023-03-28,2023-10-28,2023-10-17,36,2026-03-28,Active,882,Yes,Display Failure,Electrical Failure,Yes,Yes,Yes,Yes,Yes,Yes,Yes,No,No,0,N/A,No,N/A,Yes,Yes,No,No,No,Yes,Yes,0,1194.04,0.0,0.988,Mobile App,Valid Claim
CLM00129,VALID_129,CUS00129,PROD00129,Air Conditioner,PrimeView,PRI-AIR-0129,SN-2026-000129,2023-07-22,2024-02-22,2024-02-11,24,2025-07-22,Active,516,No,Water Leakage,Manufacturing Defect,Yes,Yes,Yes,Yes,Yes,Yes,Yes,No,No,0,N/A,No,N/A,Yes,Yes,No,No,No,Yes,Yes,1,2561.02,0.0,0.927,Email,Valid Claim
CLM00130,VALID_130,CUS00130,PROD00130,Smartphone,PrimeView,PRI-SMA-0130,SN-2026-000130,2024-06-27,2025-02-27,2025-02-19,12,2025-06-27,Active,120,No,Power Failure,Manufacturing Defect,Yes,Yes,Yes,Yes,Yes,Yes,Yes,No,No,0,N/A,No,N/A,Yes,Yes,No,No,No,Yes,Yes,0,215.13,0.0,0.931,Mobile App,Valid Claim
CLM00131,VALID_131,CUS00131,PROD00131,Smartphone,NovaTech,NOV-SMA-0131,SN-2026-000131,2023-01-12,2024-04-12,2024-04-07,36,2026-01-12,Active,640,No,Battery Problem,Manufacturing Defect,Yes,Yes,Yes,Yes,Yes,Yes,Yes,No,No,0,N/A,No,N/A,Yes,Yes,No,No,No,Yes,Yes,0,227.54,0.0,0.925,Mobile App,Valid Claim
CLM00132,VALID_132,CUS00132,PROD00132,Camera,HomePro,HOM-CAM-0132,SN-2026-000132,2023-07-31,2025-02-28,2025-02-26,24,2025-07-31,Active,153,No,Noise,Manufacturing Defect,Yes,Yes,Yes,Yes,Yes,Yes,Yes,No,No,0,N/A,No,N/A,Yes,Yes,No,No,No,Yes,Yes,1,602.99,0.0,0.98,Mobile App,Valid Claim
CLM00133,VALID_133,CUS00133,PROD00133,Washing Machine,NovaTech,NOV-WAS-0133,SN-2026-000133,2023-10-21,2025-03-21,2025-03-19,36,2026-10-21,Active,579,No,Mechanical Failure,Electrical Failure,Yes,Yes,Yes,Yes,Yes,Yes,Yes,No,No,0,N/A,No,N/A,Yes,Yes,No,No,No,Yes,Yes,0,2345.64,0.0,0.947,Service Center,Valid Claim
CLM00134,VALID_134,CUS00134,PROD00134,Air Conditioner,ZenCore,ZEN-AIR-0134,SN-2026-000134,2023-12-12,2026-08-12,2026-08-11,36,2026-12-12,Active,122,Yes,Noise,Electrical Failure,Yes,Yes,Yes,Yes,Yes,Yes,Yes,No,No,0,N/A,No,N/A,Yes,Yes,No,No,No,Yes,Yes,1,2947.41,0.0,0.915,Email,Valid Claim
CLM00135,VALID_135,CUS00135,PROD00135,Air Conditioner,NovaTech,NOV-AIR-0135,SN-2026-000135,2025-08-14,2026-06-14,2026-06-09,12,2026-08-14,Active,61,No,Power Failure,Manufacturing Defect,Yes,Yes,Yes,Yes,Yes,Yes,Yes,No,No,0,N/A,No,N/A,Yes,Yes,No,No,No,Yes,Yes,0,2721.72,0.0,0.902,Web,Valid Claim
CLM00136,VALID_136,CUS00136,PROD00136,Smartphone,NovaTech,NOV-SMA-0136,SN-2026-000136,2024-12-04,2025-05-04,2025-04-22,12,2025-12-04,Active,214,Yes,Water Leakage,Manufacturing Defect,Yes,Yes,Yes,Yes,Yes,Yes,Yes,No,No,0,N/A,No,N/A,Yes,Yes,No,No,No,Yes,Yes,1,811.94,0.0,0.956,Mobile App,Valid Claim
CLM00137,VALID_137,CUS00137,PROD00137,Laptop,NovaTech,NOV-LAP-0137,SN-2026-000137,2024-02-27,2025-06-27,2025-06-26,24,2026-02-27,Active,245,No,Water Leakage,Electrical Failure,Yes,Yes,Yes,Yes,Yes,Yes,Yes,No,No,0,N/A,No,N/A,Yes,Yes,No,No,No,Yes,Yes,0,2052.08,0.0,0.964,Mobile App,Valid Claim
CLM00138,VALID_138,CUS00138,PROD00138,Printer,Aster,AST-PRI-0138,SN-2026-000138,2023-10-14,2025-05-14,2025-05-10,24,2025-10-14,Active,153,No,Display Failure,Electrical Failure,Yes,Yes,Yes,Yes,Yes,Yes,Yes,No,No,0,N/A,No,N/A,Yes,Yes,No,No,No,Yes,Yes,1,2578.76,0.0,0.929,Mobile App,Valid Claim
CLM00139,VALID_139,CUS00139,PROD00139,Printer,ZenCore,ZEN-PRI-0139,SN-2026-000139,2023-02-09,2023-11-09,2023-10-29,12,2024-02-09,Active,92,No,Power Failure,Electrical Failure,Yes,Yes,Yes,Yes,Yes,Yes,Yes,No,No,0,N/A,No,N/A,Yes,Yes,No,No,No,Yes,Yes,0,701.9,0.0,0.942,Service Center,Valid Claim
CLM00140,VALID_140,CUS00140,PROD00140,Refrigerator,ZenCore,ZEN-REF-0140,SN-2026-000140,2026-02-14,2028-07-14,2028-06-30,36,2029-02-14,Active,215,No,Display Failure,Electrical Failure,Yes,Yes,Yes,Yes,Yes,Yes,Yes,No,No,0,N/A,No,N/A,Yes,Yes,No,No,No,Yes,Yes,1,711.19,0.0,0.958,Mobile App,Valid Claim
CLM00141,VALID_141,CUS00141,PROD00141,Smartphone,Aster,AST-SMA-0141,SN-2026-000141,2023-06-15,2023-11-15,2023-11-08,12,2024-06-15,Active,213,No,Water Leakage,Manufacturing Defect,Yes,Yes,Yes,Yes,Yes,Yes,Yes,No,No,0,N/A,No,N/A,Yes,Yes,No,No,No,Yes,Yes,0,2982.43,0.0,0.974,Email,Valid Claim
CLM00142,VALID_142,CUS00142,PROD00142,Refrigerator,HomePro,HOM-REF-0142,SN-2026-000142,2023-02-28,2024-01-28,2024-01-17,36,2026-02-28,Active,762,No,Noise,Electrical Failure,Yes,Yes,Yes,Yes,Yes,Yes,Yes,No,No,0,N/A,No,N/A,Yes,Yes,No,No,No,Yes,Yes,0,459.69,0.0,0.986,Mobile App,Valid Claim
CLM00143,VALID_143,CUS00143,PROD00143,Smartphone,Aster,AST-SMA-0143,SN-2026-000143,2025-01-18,2026-04-18,2026-04-16,36,2028-01-18,Active,640,No,Battery Problem,Electrical Failure,Yes,Yes,Yes,Yes,Yes,Yes,Yes,Yes,Yes,2,Yes,No,N/A,Yes,Yes,No,No,No,Yes,Yes,1,1861.45,382.42,0.95,Email,Valid Claim
CLM00144,VALID_144,CUS00144,PROD00144,Laptop,HomePro,HOM-LAP-0144,SN-2026-000144,2026-01-11,2026-03-11,2026-02-25,12,2027-01-11,Active,306,No,Battery Problem,Manufacturing Defect,Yes,Yes,Yes,Yes,Yes,Yes,Yes,Yes,Yes,1,Yes,No,N/A,Yes,Yes,No,No,No,Yes,Yes,0,1577.63,93.82,0.956,Web,Valid Claim
CLM00145,VALID_145,CUS00145,PROD00145,Television,HomePro,HOM-TEL-0145,SN-2026-000145,2024-08-07,2024-11-07,2024-10-24,12,2025-08-07,Active,273,No,Battery Problem,Manufacturing Defect,Yes,Yes,Yes,Yes,Yes,Yes,Yes,No,No,0,N/A,No,N/A,Yes,Yes,No,No,No,Yes,Yes,1,1658.18,0.0,0.939,Email,Valid Claim
CLM00146,VALID_146,CUS00146,PROD00146,Refrigerator,Aster,AST-REF-0146,SN-2026-000146,2023-08-23,2023-12-23,2023-12-12,36,2026-08-23,Active,974,No,Battery Problem,Electrical Failure,Yes,Yes,Yes,Yes,Yes,Yes,Yes,No,No,0,N/A,No,N/A,Yes,Yes,No,No,No,Yes,Yes,0,2610.81,0.0,0.914,Service Center,Valid Claim
CLM00147,VALID_147,CUS00147,PROD00147,Washing Machine,Aster,AST-WAS-0147,SN-2026-000147,2025-12-21,2026-03-21,2026-03-09,24,2027-12-21,Active,640,No,Display Failure,Manufacturing Defect,Yes,Yes,Yes,Yes,Yes,Yes,Yes,No,No,0,N/A,No,N/A,Yes,Yes,No,No,No,Yes,Yes,1,651.6,0.0,0.979,Service Center,Valid Claim
CLM00148,VALID_148,CUS00148,PROD00148,Television,HomePro,HOM-TEL-0148,SN-2026-000148,2023-01-21,2023-04-21,2023-04-08,24,2025-01-21,Active,641,Yes,Water Leakage,Manufacturing Defect,Yes,Yes,Yes,Yes,Yes,Yes,Yes,No,No,0,N/A,No,N/A,Yes,Yes,No,No,No,Yes,Yes,0,795.02,0.0,0.989,Web,Valid Claim
CLM00149,VALID_149,CUS00149,PROD00149,Smartphone,PrimeView,PRI-SMA-0149,SN-2026-000149,2023-08-03,2024-01-03,2023-12-26,12,2024-08-03,Active,213,No,Display Failure,Manufacturing Defect,Yes,Yes,Yes,Yes,Yes,Yes,Yes,No,No,0,N/A,No,N/A,Yes,Yes,No,No,No,Yes,Yes,0,669.23,0.0,0.913,Email,Valid Claim
CLM00150,VALID_150,CUS00150,PROD00150,Laptop,PrimeView,PRI-LAP-0150,SN-2026-000150,2023-10-22,2025-05-22,2025-05-14,36,2026-10-22,Active,518,No,Power Failure,Manufacturing Defect,Yes,Yes,Yes,Yes,Yes,Yes,Yes,No,No,0,N/A,No,N/A,Yes,Yes,No,No,No,Yes,Yes,1,1023.4,0.0,0.988,Web,Valid Claim
CLM00151,VALID_151,CUS00151,PROD00151,Smartphone,ZenCore,ZEN-SMA-0151,SN-2026-000151,2026-03-26,2027-11-26,2027-11-24,36,2029-03-26,Active,486,No,Battery Problem,Electrical Failure,Yes,Yes,Yes,Yes,Yes,Yes,Yes,No,No,0,N/A,No,N/A,Yes,Yes,No,No,No,Yes,Yes,0,2893.98,0.0,0.939,Mobile App,Valid Claim
CLM00152,VALID_152,CUS00152,PROD00152,Camera,ZenCore,ZEN-CAM-0152,SN-2026-000152,2023-06-23,2023-12-23,2023-12-10,12,2024-06-23,Active,183,No,Noise,Electrical Failure,Yes,Yes,Yes,Yes,Yes,Yes,Yes,No,No,0,N/A,No,N/A,Yes,Yes,No,No,No,Yes,Yes,0,1750.7,0.0,0.981,Web,Valid Claim
CLM00153,VALID_153,CUS00153,PROD00153,Washing Machine,HomePro,HOM-WAS-0153,SN-2026-000153,2023-03-08,2023-12-08,2023-12-01,24,2025-03-08,Active,456,No,Connectivity Issue,Electrical Failure,Yes,Yes,Yes,Yes,Yes,Yes,Yes,No,No,0,N/A,No,N/A,Yes,Yes,No,No,No,Yes,Yes,0,2082.85,0.0,0.914,Email,Valid Claim
CLM00154,VALID_154,CUS00154,PROD00154,Camera,HomePro,HOM-CAM-0154,SN-2026-000154,2023-07-17,2024-10-17,2024-10-15,24,2025-07-17,Active,273,No,Overheating,Manufacturing Defect,Yes,Yes,Yes,Yes,Yes,Yes,Yes,No,No,0,N/A,No,N/A,Yes,Yes,No,No,No,Yes,Yes,0,838.06,0.0,0.9,Email,Valid Claim
CLM00155,VALID_155,CUS00155,PROD00155,Refrigerator,PrimeView,PRI-REF-0155,SN-2026-000155,2024-09-30,2025-01-30,2025-01-26,36,2027-09-30,Active,973,No,Battery Problem,Manufacturing Defect,Yes,Yes,Yes,Yes,Yes,Yes,Yes,No,No,0,N/A,No,N/A,Yes,Yes,No,No,No,Yes,Yes,1,1629.03,0.0,0.95,Web,Valid Claim
CLM00156,VALID_156,CUS00156,PROD00156,Television,Aster,AST-TEL-0156,SN-2026-000156,2024-09-07,2027-04-07,2027-03-25,36,2027-09-07,Active,153,No,Mechanical Failure,Manufacturing Defect,Yes,Yes,Yes,Yes,Yes,Yes,Yes,No,No,0,N/A,No,N/A,Yes,Yes,No,No,No,Yes,Yes,1,1247.49,0.0,0.973,Service Center,Valid Claim
CLM00157,VALID_157,CUS00157,PROD00157,Television,ZenCore,ZEN-TEL-0157,SN-2026-000157,2024-02-02,2024-12-02,2024-11-23,24,2026-02-02,Active,427,No,Mechanical Failure,Manufacturing Defect,Yes,Yes,Yes,Yes,Yes,Yes,Yes,No,No,0,N/A,No,N/A,Yes,Yes,No,No,No,Yes,Yes,0,1120.65,0.0,0.982,Mobile App,Valid Claim
CLM00158,VALID_158,CUS00158,PROD00158,Washing Machine,NovaTech,NOV-WAS-0158,SN-2026-000158,2023-06-24,2024-04-24,2024-04-12,12,2024-06-24,Active,61,No,Overheating,Electrical Failure,Yes,Yes,Yes,Yes,Yes,Yes,Yes,No,No,0,N/A,No,N/A,Yes,Yes,No,No,No,Yes,Yes,0,1480.07,0.0,0.911,Web,Valid Claim
CLM00159,VALID_159,CUS00159,PROD00159,Air Conditioner,NovaTech,NOV-AIR-0159,SN-2026-000159,2024-10-10,2026-07-10,2026-07-04,36,2027-10-10,Active,457,No,Overheating,Manufacturing Defect,Yes,Yes,Yes,Yes,Yes,Yes,Yes,No,No,0,N/A,No,N/A,Yes,Yes,No,No,No,Yes,Yes,1,2069.11,0.0,0.946,Mobile App,Valid Claim
CLM00160,VALID_160,CUS00160,PROD00160,Camera,PrimeView,PRI-CAM-0160,SN-2026-000160,2023-10-03,2024-04-03,2024-03-27,12,2024-10-03,Active,183,No,Noise,Manufacturing Defect,Yes,Yes,Yes,Yes,Yes,Yes,Yes,No,No,0,N/A,No,N/A,Yes,Yes,No,No,No,Yes,Yes,0,1404.97,0.0,0.935,Email,Valid Claim
CLM00161,VALID_161,CUS00161,PROD00161,Television,NovaTech,NOV-TEL-0161,SN-2026-000161,2024-06-11,2025-07-11,2025-07-01,36,2027-06-11,Active,700,No,Overheating,Electrical Failure,Yes,Yes,Yes,Yes,Yes,Yes,Yes,No,No,0,N/A,No,N/A,Yes,Yes,No,No,No,Yes,Yes,0,165.49,0.0,0.925,Mobile App,Valid Claim
CLM00162,VALID_162,CUS00162,PROD00162,Television,Aster,AST-TEL-0162,SN-2026-000162,2024-01-06,2025-10-06,2025-09-23,36,2027-01-06,Active,457,Yes,Overheating,Manufacturing Defect,Yes,Yes,Yes,Yes,Yes,Yes,Yes,Yes,Yes,1,Yes,No,N/A,Yes,Yes,No,No,No,Yes,Yes,1,185.22,692.61,0.903,Email,Valid Claim
CLM00163,VALID_163,CUS00163,PROD00163,Laptop,PrimeView,PRI-LAP-0163,SN-2026-000163,2023-08-26,2024-07-26,2024-07-23,36,2026-08-26,Active,761,No,Display Failure,Electrical Failure,Yes,Yes,Yes,Yes,Yes,Yes,Yes,No,No,0,N/A,No,N/A,Yes,Yes,No,No,No,Yes,Yes,0,1089.54,0.0,0.92,Service Center,Valid Claim
CLM00164,VALID_164,CUS00164,PROD00164,Air Conditioner,NovaTech,NOV-AIR-0164,SN-2026-000164,2023-05-30,2024-01-30,2024-01-26,12,2024-05-30,Active,121,No,Overheating,Electrical Failure,Yes,Yes,Yes,Yes,Yes,Yes,Yes,No,No,0,N/A,No,N/A,Yes,Yes,No,No,No,Yes,Yes,0,2460.27,0.0,0.952,Email,Valid Claim
CLM00165,VALID_165,CUS00165,PROD00165,Washing Machine,Aster,AST-WAS-0165,SN-2026-000165,2024-07-19,2024-10-19,2024-10-15,12,2025-07-19,Active,273,Yes,Connectivity Issue,Manufacturing Defect,Yes,Yes,Yes,Yes,Yes,Yes,Yes,No,No,0,N/A,No,N/A,Yes,Yes,No,No,No,Yes,Yes,0,2684.22,0.0,0.975,Web,Valid Claim
CLM00166,VALID_166,CUS00166,PROD00166,Smartphone,PrimeView,PRI-SMA-0166,SN-2026-000166,2025-10-22,2028-04-22,2028-04-20,36,2028-10-22,Active,183,No,Display Failure,Electrical Failure,Yes,Yes,Yes,Yes,Yes,Yes,Yes,No,No,0,N/A,No,N/A,Yes,Yes,No,No,No,Yes,Yes,0,2050.46,0.0,0.959,Service Center,Valid Claim
CLM00167,VALID_167,CUS00167,PROD00167,Refrigerator,Aster,AST-REF-0167,SN-2026-000167,2026-01-12,2026-06-12,2026-06-07,24,2028-01-12,Active,579,No,Mechanical Failure,Electrical Failure,Yes,Yes,Yes,Yes,Yes,Yes,Yes,No,No,0,N/A,No,N/A,Yes,Yes,No,No,No,Yes,Yes,1,1149.56,0.0,0.989,Web,Valid Claim
CLM00168,VALID_168,CUS00168,PROD00168,Television,HomePro,HOM-TEL-0168,SN-2026-000168,2025-09-28,2025-11-28,2025-11-21,12,2026-09-28,Active,304,No,Battery Problem,Manufacturing Defect,Yes,Yes,Yes,Yes,Yes,Yes,Yes,No,No,0,N/A,No,N/A,Yes,Yes,No,No,No,Yes,Yes,0,209.16,0.0,0.976,Email,Valid Claim
CLM00169,VALID_169,CUS00169,PROD00169,Laptop,HomePro,HOM-LAP-0169,SN-2026-000169,2025-04-20,2025-07-20,2025-07-07,24,2027-04-20,Active,639,Yes,Connectivity Issue,Electrical Failure,Yes,Yes,Yes,Yes,Yes,Yes,Yes,No,No,0,N/A,No,N/A,Yes,Yes,No,No,No,Yes,Yes,1,973.56,0.0,0.938,Service Center,Valid Claim
CLM00170,VALID_170,CUS00170,PROD00170,Refrigerator,HomePro,HOM-REF-0170,SN-2026-000170,2024-03-18,2024-12-18,2024-12-07,36,2027-03-18,Active,820,Yes,Display Failure,Manufacturing Defect,Yes,Yes,Yes,Yes,Yes,Yes,Yes,No,No,0,N/A,No,N/A,Yes,Yes,No,No,No,Yes,Yes,0,1958.7,0.0,0.939,Web,Valid Claim
CLM00171,VALID_171,CUS00171,PROD00171,Smartphone,Aster,AST-SMA-0171,SN-2026-000171,2024-01-25,2024-05-25,2024-05-24,24,2026-01-25,Active,610,Yes,Noise,Electrical Failure,Yes,Yes,Yes,Yes,Yes,Yes,Yes,Yes,Yes,2,Yes,No,N/A,Yes,Yes,No,No,No,Yes,Yes,1,2728.07,785.9,0.937,Service Center,Valid Claim
CLM00172,VALID_172,CUS00172,PROD00172,Camera,ZenCore,ZEN-CAM-0172,SN-2026-000172,2025-06-23,2026-04-23,2026-04-18,36,2028-06-23,Active,792,No,Battery Problem,Manufacturing Defect,Yes,Yes,Yes,Yes,Yes,Yes,Yes,No,No,0,N/A,No,N/A,Yes,Yes,No,No,No,Yes,Yes,0,2613.66,0.0,0.909,Email,Valid Claim
CLM00173,VALID_173,CUS00173,PROD00173,Television,HomePro,HOM-TEL-0173,SN-2026-000173,2023-01-13,2024-05-13,2024-05-12,24,2025-01-13,Active,245,No,Battery Problem,Manufacturing Defect,Yes,Yes,Yes,Yes,Yes,Yes,Yes,No,No,0,N/A,No,N/A,Yes,Yes,No,No,No,Yes,Yes,0,2515.02,0.0,0.979,Web,Valid Claim
CLM00174,VALID_174,CUS00174,PROD00174,Air Conditioner,Aster,AST-AIR-0174,SN-2026-000174,2025-08-09,2026-03-09,2026-03-07,24,2027-08-09,Active,518,No,Noise,Manufacturing Defect,Yes,Yes,Yes,Yes,Yes,Yes,Yes,Yes,Yes,2,Yes,No,N/A,Yes,Yes,No,No,No,Yes,Yes,1,2475.52,910.89,0.917,Mobile App,Valid Claim
CLM00175,VALID_175,CUS00175,PROD00175,Laptop,NovaTech,NOV-LAP-0175,SN-2026-000175,2026-02-09,2026-08-09,2026-08-01,12,2027-02-09,Active,184,Yes,Mechanical Failure,Manufacturing Defect,Yes,Yes,Yes,Yes,Yes,Yes,Yes,No,No,0,N/A,No,N/A,Yes,Yes,No,No,No,Yes,Yes,0,143.51,0.0,0.923,Email,Valid Claim
CLM00176,VALID_176,CUS00176,PROD00176,Refrigerator,Aster,AST-REF-0176,SN-2026-000176,2024-04-01,2024-11-01,2024-10-27,12,2025-04-01,Active,151,No,Battery Problem,Electrical Failure,Yes,Yes,Yes,Yes,Yes,Yes,Yes,No,No,0,N/A,No,N/A,Yes,Yes,No,No,No,Yes,Yes,0,784.67,0.0,0.908,Service Center,Valid Claim
CLM00177,VALID_177,CUS00177,PROD00177,Camera,NovaTech,NOV-CAM-0177,SN-2026-000177,2024-07-15,2024-11-15,2024-11-06,24,2026-07-15,Active,607,No,Power Failure,Electrical Failure,Yes,Yes,Yes,Yes,Yes,Yes,Yes,Yes,Yes,1,Yes,No,N/A,Yes,Yes,No,No,No,Yes,Yes,0,2584.83,439.42,0.911,Service Center,Valid Claim
CLM00178,VALID_178,CUS00178,PROD00178,Camera,NovaTech,NOV-CAM-0178,SN-2026-000178,2023-09-14,2024-07-14,2024-07-13,36,2026-09-14,Active,792,No,Water Leakage,Manufacturing Defect,Yes,Yes,Yes,Yes,Yes,Yes,Yes,No,No,0,N/A,No,N/A,Yes,Yes,No,No,No,Yes,Yes,0,2902.27,0.0,0.909,Mobile App,Valid Claim
CLM00179,VALID_179,CUS00179,PROD00179,Printer,Aster,AST-PRI-0179,SN-2026-000179,2024-07-11,2025-05-11,2025-04-27,24,2026-07-11,Active,426,No,Display Failure,Electrical Failure,Yes,Yes,Yes,Yes,Yes,Yes,Yes,No,No,0,N/A,No,N/A,Yes,Yes,No,No,No,Yes,Yes,0,1924.83,0.0,0.961,Service Center,Valid Claim
CLM00180,VALID_180,CUS00180,PROD00180,Refrigerator,Aster,AST-REF-0180,SN-2026-000180,2025-09-27,2027-05-27,2027-05-14,24,2027-09-27,Active,123,No,Noise,Electrical Failure,Yes,Yes,Yes,Yes,Yes,Yes,Yes,Yes,Yes,2,Yes,No,N/A,Yes,Yes,No,No,No,Yes,Yes,0,1779.71,279.26,0.975,Service Center,Valid Claim
CLM00181,VALID_181,CUS00181,PROD00181,Washing Machine,HomePro,HOM-WAS-0181,SN-2026-000181,2025-10-16,2026-03-16,2026-03-13,12,2026-10-16,Active,214,No,Noise,Electrical Failure,Yes,Yes,Yes,Yes,Yes,Yes,Yes,No,No,0,N/A,No,N/A,Yes,Yes,No,No,No,Yes,Yes,1,535.51,0.0,0.983,Email,Valid Claim
CLM00182,VALID_182,CUS00182,PROD00182,Laptop,Aster,AST-LAP-0182,SN-2026-000182,2026-03-17,2027-03-17,2027-03-11,24,2028-03-17,Active,366,No,Mechanical Failure,Manufacturing Defect,Yes,Yes,Yes,Yes,Yes,Yes,Yes,No,No,0,N/A,No,N/A,Yes,Yes,No,No,No,Yes,Yes,0,1263.99,0.0,0.927,Email,Valid Claim
CLM00183,VALID_183,CUS00183,PROD00183,Camera,HomePro,HOM-CAM-0183,SN-2026-000183,2023-04-18,2025-01-18,2025-01-11,36,2026-04-18,Active,455,No,Connectivity Issue,Manufacturing Defect,Yes,Yes,Yes,Yes,Yes,Yes,Yes,No,No,0,N/A,No,N/A,Yes,Yes,No,No,No,Yes,Yes,1,1995.45,0.0,0.923,Mobile App,Valid Claim
CLM00184,VALID_184,CUS00184,PROD00184,Air Conditioner,NovaTech,NOV-AIR-0184,SN-2026-000184,2026-01-15,2026-12-15,2026-12-01,24,2028-01-15,Active,396,No,Water Leakage,Manufacturing Defect,Yes,Yes,Yes,Yes,Yes,Yes,Yes,No,No,0,N/A,No,N/A,Yes,Yes,No,No,No,Yes,Yes,0,350.59,0.0,0.92,Service Center,Valid Claim
CLM00185,VALID_185,CUS00185,PROD00185,Smartphone,ZenCore,ZEN-SMA-0185,SN-2026-000185,2023-04-01,2024-04-01,2024-03-19,24,2025-04-01,Active,365,No,Noise,Manufacturing Defect,Yes,Yes,Yes,Yes,Yes,Yes,Yes,No,No,0,N/A,No,N/A,Yes,Yes,No,No,No,Yes,Yes,0,1073.95,0.0,0.919,Service Center,Valid Claim
CLM00186,VALID_186,CUS00186,PROD00186,Smartphone,NovaTech,NOV-SMA-0186,SN-2026-000186,2025-02-23,2025-06-23,2025-06-20,36,2028-02-23,Active,975,No,Mechanical Failure,Electrical Failure,Yes,Yes,Yes,Yes,Yes,Yes,Yes,No,No,0,N/A,No,N/A,Yes,Yes,No,No,No,Yes,Yes,1,1147.9,0.0,0.909,Web,Valid Claim
CLM00187,VALID_187,CUS00187,PROD00187,Washing Machine,HomePro,HOM-WAS-0187,SN-2026-000187,2025-06-03,2025-10-03,2025-10-02,12,2026-06-03,Active,243,No,Connectivity Issue,Electrical Failure,Yes,Yes,Yes,Yes,Yes,Yes,Yes,No,No,0,N/A,No,N/A,Yes,Yes,No,No,No,Yes,Yes,1,879.79,0.0,0.902,Web,Valid Claim
CLM00188,VALID_188,CUS00188,PROD00188,Washing Machine,Aster,AST-WAS-0188,SN-2026-000188,2024-10-23,2025-08-23,2025-08-13,12,2025-10-23,Active,61,Yes,Noise,Manufacturing Defect,Yes,Yes,Yes,Yes,Yes,Yes,Yes,No,No,0,N/A,No,N/A,Yes,Yes,No,No,No,Yes,Yes,1,1484.41,0.0,0.943,Email,Valid Claim
CLM00189,VALID_189,CUS00189,PROD00189,Refrigerator,ZenCore,ZEN-REF-0189,SN-2026-000189,2025-08-02,2028-01-02,2027-12-27,36,2028-08-02,Active,213,No,Noise,Manufacturing Defect,Yes,Yes,Yes,Yes,Yes,Yes,Yes,No,No,0,N/A,No,N/A,Yes,Yes,No,No,No,Yes,Yes,0,1224.13,0.0,0.985,Web,Valid Claim
CLM00190,VALID_190,CUS00190,PROD00190,Smartphone,PrimeView,PRI-SMA-0190,SN-2026-000190,2023-12-05,2025-03-05,2025-02-28,36,2026-12-05,Active,640,No,Power Failure,Electrical Failure,Yes,Yes,Yes,Yes,Yes,Yes,Yes,No,No,0,N/A,No,N/A,Yes,Yes,No,No,No,Yes,Yes,1,2353.73,0.0,0.903,Mobile App,Valid Claim
CLM00191,VALID_191,CUS00191,PROD00191,Air Conditioner,PrimeView,PRI-AIR-0191,SN-2026-000191,2023-04-23,2024-08-23,2024-08-15,24,2025-04-23,Active,243,Yes,Water Leakage,Electrical Failure,Yes,Yes,Yes,Yes,Yes,Yes,Yes,No,No,0,N/A,No,N/A,Yes,Yes,No,No,No,Yes,Yes,1,1110.37,0.0,0.99,Mobile App,Valid Claim
CLM00192,VALID_192,CUS00192,PROD00192,Air Conditioner,NovaTech,NOV-AIR-0192,SN-2026-000192,2024-09-29,2025-04-29,2025-04-26,12,2025-09-29,Active,153,No,Noise,Electrical Failure,Yes,Yes,Yes,Yes,Yes,Yes,Yes,No,No,0,N/A,No,N/A,Yes,Yes,No,No,No,Yes,Yes,0,1952.22,0.0,0.91,Email,Valid Claim
CLM00193,VALID_193,CUS00193,PROD00193,Smartphone,HomePro,HOM-SMA-0193,SN-2026-000193,2025-12-31,2028-05-31,2028-05-25,36,2028-12-31,Active,214,No,Water Leakage,Electrical Failure,Yes,Yes,Yes,Yes,Yes,Yes,Yes,Yes,Yes,2,Yes,No,N/A,Yes,Yes,No,No,No,Yes,Yes,0,2050.02,957.29,0.933,Web,Valid Claim
CLM00194,VALID_194,CUS00194,PROD00194,Printer,NovaTech,NOV-PRI-0194,SN-2026-000194,2024-11-04,2026-09-04,2026-08-28,24,2026-11-04,Active,61,No,Display Failure,Electrical Failure,Yes,Yes,Yes,Yes,Yes,Yes,Yes,Yes,Yes,2,Yes,No,N/A,Yes,Yes,No,No,No,Yes,Yes,0,1397.7,874.04,0.909,Service Center,Valid Claim
CLM00195,VALID_195,CUS00195,PROD00195,Air Conditioner,ZenCore,ZEN-AIR-0195,SN-2026-000195,2024-06-20,2025-01-20,2025-01-15,24,2026-06-20,Active,516,Yes,Power Failure,Electrical Failure,Yes,Yes,Yes,Yes,Yes,Yes,Yes,No,No,0,N/A,No,N/A,Yes,Yes,No,No,No,Yes,Yes,1,65.6,0.0,0.954,Mobile App,Valid Claim
CLM00196,VALID_196,CUS00196,PROD00196,Air Conditioner,HomePro,HOM-AIR-0196,SN-2026-000196,2023-02-22,2024-10-22,2024-10-11,24,2025-02-22,Active,123,No,Power Failure,Electrical Failure,Yes,Yes,Yes,Yes,Yes,Yes,Yes,Yes,Yes,2,Yes,No,N/A,Yes,Yes,No,No,No,Yes,Yes,1,1781.16,635.96,0.945,Service Center,Valid Claim
CLM00197,VALID_197,CUS00197,PROD00197,Washing Machine,HomePro,HOM-WAS-0197,SN-2026-000197,2024-08-17,2026-05-17,2026-05-14,36,2027-08-17,Active,457,No,Mechanical Failure,Electrical Failure,Yes,Yes,Yes,Yes,Yes,Yes,Yes,No,No,0,N/A,No,N/A,Yes,Yes,No,No,No,Yes,Yes,0,2991.0,0.0,0.909,Service Center,Valid Claim
CLM00198,VALID_198,CUS00198,PROD00198,Camera,Aster,AST-CAM-0198,SN-2026-000198,2023-06-12,2025-10-12,2025-10-09,36,2026-06-12,Active,243,Yes,Power Failure,Electrical Failure,Yes,Yes,Yes,Yes,Yes,Yes,Yes,No,No,0,N/A,No,N/A,Yes,Yes,No,No,No,Yes,Yes,1,2690.9,0.0,0.935,Email,Valid Claim
CLM00199,VALID_199,CUS00199,PROD00199,Printer,Aster,AST-PRI-0199,SN-2026-000199,2024-01-21,2024-06-21,2024-06-12,12,2025-01-21,Active,214,No,Overheating,Manufacturing Defect,Yes,Yes,Yes,Yes,Yes,Yes,Yes,No,No,0,N/A,No,N/A,Yes,Yes,No,No,No,Yes,Yes,0,616.81,0.0,0.931,Service Center,Valid Claim
CLM00200,VALID_200,CUS00200,PROD00200,Refrigerator,HomePro,HOM-REF-0200,SN-2026-000200,2023-09-07,2024-07-07,2024-07-04,12,2024-09-07,Active,62,No,Battery Problem,Manufacturing Defect,Yes,Yes,Yes,Yes,Yes,Yes,Yes,No,No,0,N/A,No,N/A,Yes,Yes,No,No,No,Yes,Yes,1,1006.21,0.0,0.901,Service Center,Valid Claim
CLM00201,VALID_201,CUS00201,PROD00201,Refrigerator,NovaTech,NOV-REF-0201,SN-2026-000201,2023-07-23,2025-03-23,2025-03-11,24,2025-07-23,Active,122,No,Display Failure,Electrical Failure,Yes,Yes,Yes,Yes,Yes,Yes,Yes,No,No,0,N/A,No,N/A,Yes,Yes,No,No,No,Yes,Yes,1,949.32,0.0,0.923,Email,Valid Claim
CLM00202,VALID_202,CUS00202,PROD00202,Refrigerator,Aster,AST-REF-0202,SN-2026-000202,2024-03-23,2025-04-23,2025-04-22,36,2027-03-23,Active,699,No,Power Failure,Manufacturing Defect,Yes,Yes,Yes,Yes,Yes,Yes,Yes,No,No,0,N/A,No,N/A,Yes,Yes,No,No,No,Yes,Yes,0,616.98,0.0,0.901,Mobile App,Valid Claim
CLM00203,VALID_203,CUS00203,PROD00203,Camera,HomePro,HOM-CAM-0203,SN-2026-000203,2025-05-04,2025-09-04,2025-08-23,12,2026-05-04,Active,242,Yes,Mechanical Failure,Electrical Failure,Yes,Yes,Yes,Yes,Yes,Yes,Yes,No,No,0,N/A,No,N/A,Yes,Yes,No,No,No,Yes,Yes,1,778.02,0.0,0.979,Mobile App,Valid Claim
CLM00204,VALID_204,CUS00204,PROD00204,Laptop,ZenCore,ZEN-LAP-0204,SN-2026-000204,2023-05-05,2024-01-05,2023-12-24,24,2025-05-05,Active,486,No,Overheating,Electrical Failure,Yes,Yes,Yes,Yes,Yes,Yes,Yes,No,No,0,N/A,No,N/A,Yes,Yes,No,No,No,Yes,Yes,0,2879.19,0.0,0.923,Web,Valid Claim
CLM00205,VALID_205,CUS00205,PROD00205,Smartphone,Aster,AST-SMA-0205,SN-2026-000205,2026-02-18,2027-05-18,2027-05-15,36,2029-02-18,Active,642,No,Power Failure,Manufacturing Defect,Yes,Yes,Yes,Yes,Yes,Yes,Yes,No,No,0,N/A,No,N/A,Yes,Yes,No,No,No,Yes,Yes,0,1148.44,0.0,0.958,Service Center,Valid Claim
CLM00206,VALID_206,CUS00206,PROD00206,Refrigerator,PrimeView,PRI-REF-0206,SN-2026-000206,2026-03-17,2027-01-17,2027-01-08,12,2027-03-17,Active,59,Yes,Water Leakage,Electrical Failure,Yes,Yes,Yes,Yes,Yes,Yes,Yes,No,No,0,N/A,No,N/A,Yes,Yes,No,No,No,Yes,Yes,0,2039.87,0.0,0.943,Service Center,Valid Claim
CLM00207,VALID_207,CUS00207,PROD00207,Washing Machine,PrimeView,PRI-WAS-0207,SN-2026-000207,2023-03-29,2024-12-29,2024-12-19,36,2026-03-29,Active,455,No,Connectivity Issue,Electrical Failure,Yes,Yes,Yes,Yes,Yes,Yes,Yes,No,No,0,N/A,No,N/A,Yes,Yes,No,No,No,Yes,Yes,1,2881.88,0.0,0.923,Mobile App,Valid Claim
CLM00208,VALID_208,CUS00208,PROD00208,Television,ZenCore,ZEN-TEL-0208,SN-2026-000208,2024-03-12,2025-12-12,2025-12-06,24,2026-03-12,Active,90,Yes,Display Failure,Electrical Failure,Yes,Yes,Yes,Yes,Yes,Yes,Yes,No,No,0,N/A,No,N/A,Yes,Yes,No,No,No,Yes,Yes,0,377.06,0.0,0.954,Service Center,Valid Claim
CLM00209,VALID_209,CUS00209,PROD00209,Washing Machine,ZenCore,ZEN-WAS-0209,SN-2026-000209,2024-05-18,2025-11-18,2025-11-09,24,2026-05-18,Active,181,No,Overheating,Electrical Failure,Yes,Yes,Yes,Yes,Yes,Yes,Yes,No,No,0,N/A,No,N/A,Yes,Yes,No,No,No,Yes,Yes,1,1673.52,0.0,0.957,Web,Valid Claim
CLM00210,VALID_210,CUS00210,PROD00210,Laptop,ZenCore,ZEN-LAP-0210,SN-2026-000210,2024-11-02,2025-10-02,2025-09-28,36,2027-11-02,Active,761,No,Battery Problem,Manufacturing Defect,Yes,Yes,Yes,Yes,Yes,Yes,Yes,No,No,0,N/A,No,N/A,Yes,Yes,No,No,No,Yes,Yes,1,2785.34,0.0,0.926,Email,Valid Claim
CLM00211,VALID_211,CUS00211,PROD00211,Television,HomePro,HOM-TEL-0211,SN-2026-000211,2023-04-22,2023-07-22,2023-07-17,12,2024-04-22,Active,275,No,Battery Problem,Manufacturing Defect,Yes,Yes,Yes,Yes,Yes,Yes,Yes,No,No,0,N/A,No,N/A,Yes,Yes,No,No,No,Yes,Yes,1,325.44,0.0,0.952,Service Center,Valid Claim
CLM00212,VALID_212,CUS00212,PROD00212,Camera,Aster,AST-CAM-0212,SN-2026-000212,2025-02-24,2025-08-24,2025-08-21,12,2026-02-24,Active,184,No,Power Failure,Manufacturing Defect,Yes,Yes,Yes,Yes,Yes,Yes,Yes,No,No,0,N/A,No,N/A,Yes,Yes,No,No,No,Yes,Yes,1,162.56,0.0,0.977,Web,Valid Claim
CLM00213,VALID_213,CUS00213,PROD00213,Smartphone,PrimeView,PRI-SMA-0213,SN-2026-000213,2024-12-04,2025-07-04,2025-06-24,12,2025-12-04,Active,153,No,Display Failure,Electrical Failure,Yes,Yes,Yes,Yes,Yes,Yes,Yes,No,No,0,N/A,No,N/A,Yes,Yes,No,No,No,Yes,Yes,0,2282.64,0.0,0.901,Web,Valid Claim
CLM00214,VALID_214,CUS00214,PROD00214,Washing Machine,HomePro,HOM-WAS-0214,SN-2026-000214,2025-05-19,2026-02-19,2026-02-05,36,2028-05-19,Active,820,Yes,Power Failure,Electrical Failure,Yes,Yes,Yes,Yes,Yes,Yes,Yes,No,No,0,N/A,No,N/A,Yes,Yes,No,No,No,Yes,Yes,0,2161.23,0.0,0.954,Email,Valid Claim
CLM00215,VALID_215,CUS00215,PROD00215,Television,HomePro,HOM-TEL-0215,SN-2026-000215,2024-09-17,2025-01-17,2025-01-06,12,2025-09-17,Active,243,Yes,Display Failure,Manufacturing Defect,Yes,Yes,Yes,Yes,Yes,Yes,Yes,No,No,0,N/A,No,N/A,Yes,Yes,No,No,No,Yes,Yes,1,513.71,0.0,0.962,Service Center,Valid Claim
CLM00216,VALID_216,CUS00216,PROD00216,Washing Machine,HomePro,HOM-WAS-0216,SN-2026-000216,2024-02-10,2024-09-10,2024-09-04,12,2025-02-10,Active,153,No,Noise,Electrical Failure,Yes,Yes,Yes,Yes,Yes,Yes,Yes,No,No,0,N/A,No,N/A,Yes,Yes,No,No,No,Yes,Yes,0,1711.24,0.0,0.956,Mobile App,Valid Claim
CLM00217,VALID_217,CUS00217,PROD00217,Television,PrimeView,PRI-TEL-0217,SN-2026-000217,2023-12-07,2024-09-07,2024-08-26,12,2024-12-07,Active,91,Yes,Power Failure,Electrical Failure,Yes,Yes,Yes,Yes,Yes,Yes,Yes,No,No,0,N/A,No,N/A,Yes,Yes,No,No,No,Yes,Yes,0,2992.46,0.0,0.959,Web,Valid Claim
CLM00218,VALID_218,CUS00218,PROD00218,Air Conditioner,HomePro,HOM-AIR-0218,SN-2026-000218,2025-11-07,2026-03-07,2026-02-24,12,2026-11-07,Active,245,Yes,Power Failure,Electrical Failure,Yes,Yes,Yes,Yes,Yes,Yes,Yes,No,No,0,N/A,No,N/A,Yes,Yes,No,No,No,Yes,Yes,1,90.89,0.0,0.976,Mobile App,Valid Claim
CLM00219,VALID_219,CUS00219,PROD00219,Printer,NovaTech,NOV-PRI-0219,SN-2026-000219,2024-02-03,2024-06-03,2024-05-26,12,2025-02-03,Active,245,No,Connectivity Issue,Manufacturing Defect,Yes,Yes,Yes,Yes,Yes,Yes,Yes,Yes,Yes,1,Yes,No,N/A,Yes,Yes,No,No,No,Yes,Yes,1,999.67,78.65,0.95,Email,Valid Claim
CLM00220,VALID_220,CUS00220,PROD00220,Washing Machine,PrimeView,PRI-WAS-0220,SN-2026-000220,2025-10-13,2027-07-13,2027-07-08,24,2027-10-13,Active,92,Yes,Display Failure,Manufacturing Defect,Yes,Yes,Yes,Yes,Yes,Yes,Yes,No,No,0,N/A,No,N/A,Yes,Yes,No,No,No,Yes,Yes,1,966.51,0.0,0.952,Email,Valid Claim
CLM00221,VALID_221,CUS00221,PROD00221,Printer,Aster,AST-PRI-0221,SN-2026-000221,2024-10-07,2025-05-07,2025-05-04,12,2025-10-07,Active,153,No,Overheating,Manufacturing Defect,Yes,Yes,Yes,Yes,Yes,Yes,Yes,No,No,0,N/A,No,N/A,Yes,Yes,No,No,No,Yes,Yes,1,2446.73,0.0,0.926,Email,Valid Claim
CLM00222,VALID_222,CUS00222,PROD00222,Refrigerator,HomePro,HOM-REF-0222,SN-2026-000222,2025-12-21,2026-02-21,2026-02-20,36,2028-12-21,Active,1034,No,Connectivity Issue,Manufacturing Defect,Yes,Yes,Yes,Yes,Yes,Yes,Yes,No,No,0,N/A,No,N/A,Yes,Yes,No,No,No,Yes,Yes,1,954.72,0.0,0.915,Service Center,Valid Claim
CLM00223,VALID_223,CUS00223,PROD00223,Washing Machine,HomePro,HOM-WAS-0223,SN-2026-000223,2025-12-14,2026-05-14,2026-05-10,24,2027-12-14,Active,579,Yes,Display Failure,Electrical Failure,Yes,Yes,Yes,Yes,Yes,Yes,Yes,No,No,0,N/A,No,N/A,Yes,Yes,No,No,No,Yes,Yes,1,1955.61,0.0,0.929,Mobile App,Valid Claim
CLM00224,VALID_224,CUS00224,PROD00224,Air Conditioner,PrimeView,PRI-AIR-0224,SN-2026-000224,2025-04-12,2026-01-12,2025-12-30,12,2026-04-12,Active,90,No,Overheating,Manufacturing Defect,Yes,Yes,Yes,Yes,Yes,Yes,Yes,No,No,0,N/A,No,N/A,Yes,Yes,No,No,No,Yes,Yes,1,482.31,0.0,0.916,Email,Valid Claim
CLM00225,VALID_225,CUS00225,PROD00225,Camera,NovaTech,NOV-CAM-0225,SN-2026-000225,2025-07-30,2026-02-28,2026-02-23,12,2026-07-30,Active,152,No,Battery Problem,Electrical Failure,Yes,Yes,Yes,Yes,Yes,Yes,Yes,No,No,0,N/A,No,N/A,Yes,Yes,No,No,No,Yes,Yes,0,1648.15,0.0,0.973,Web,Valid Claim
CLM00226,VALID_226,CUS00226,PROD00226,Washing Machine,HomePro,HOM-WAS-0226,SN-2026-000226,2023-01-20,2024-12-20,2024-12-16,36,2026-01-20,Active,396,No,Connectivity Issue,Manufacturing Defect,Yes,Yes,Yes,Yes,Yes,Yes,Yes,No,No,0,N/A,No,N/A,Yes,Yes,No,No,No,Yes,Yes,0,1554.81,0.0,0.918,Service Center,Valid Claim
CLM00227,VALID_227,CUS00227,PROD00227,Washing Machine,PrimeView,PRI-WAS-0227,SN-2026-000227,2023-04-09,2023-08-09,2023-07-26,12,2024-04-09,Active,244,No,Noise,Electrical Failure,Yes,Yes,Yes,Yes,Yes,Yes,Yes,No,No,0,N/A,No,N/A,Yes,Yes,No,No,No,Yes,Yes,1,2568.76,0.0,0.917,Mobile App,Valid Claim
CLM00228,VALID_228,CUS00228,PROD00228,Washing Machine,Aster,AST-WAS-0228,SN-2026-000228,2023-10-12,2025-08-12,2025-08-04,24,2025-10-12,Active,61,No,Power Failure,Manufacturing Defect,Yes,Yes,Yes,Yes,Yes,Yes,Yes,No,No,0,N/A,No,N/A,Yes,Yes,No,No,No,Yes,Yes,0,2470.92,0.0,0.964,Service Center,Valid Claim
CLM00229,VALID_229,CUS00229,PROD00229,Smartphone,NovaTech,NOV-SMA-0229,SN-2026-000229,2023-05-11,2024-08-11,2024-08-07,36,2026-05-11,Active,638,No,Display Failure,Electrical Failure,Yes,Yes,Yes,Yes,Yes,Yes,Yes,No,No,0,N/A,No,N/A,Yes,Yes,No,No,No,Yes,Yes,0,2002.48,0.0,0.919,Email,Valid Claim
CLM00230,VALID_230,CUS00230,PROD00230,Refrigerator,NovaTech,NOV-REF-0230,SN-2026-000230,2024-11-07,2025-04-07,2025-04-04,12,2025-11-07,Active,214,No,Connectivity Issue,Electrical Failure,Yes,Yes,Yes,Yes,Yes,Yes,Yes,Yes,Yes,1,Yes,No,N/A,Yes,Yes,No,No,No,Yes,Yes,1,1885.61,786.09,0.975,Mobile App,Valid Claim
CLM00231,VALID_231,CUS00231,PROD00231,Washing Machine,PrimeView,PRI-WAS-0231,SN-2026-000231,2023-09-14,2024-04-14,2024-04-13,12,2024-09-14,Active,153,Yes,Connectivity Issue,Electrical Failure,Yes,Yes,Yes,Yes,Yes,Yes,Yes,No,No,0,N/A,No,N/A,Yes,Yes,No,No,No,Yes,Yes,0,2642.51,0.0,0.967,Service Center,Valid Claim
CLM00232,VALID_232,CUS00232,PROD00232,Refrigerator,HomePro,HOM-REF-0232,SN-2026-000232,2023-09-09,2026-02-09,2026-02-08,36,2026-09-09,Active,212,No,Water Leakage,Manufacturing Defect,Yes,Yes,Yes,Yes,Yes,Yes,Yes,No,No,0,N/A,No,N/A,Yes,Yes,No,No,No,Yes,Yes,0,1624.38,0.0,0.955,Mobile App,Valid Claim
CLM00233,VALID_233,CUS00233,PROD00233,Television,Aster,AST-TEL-0233,SN-2026-000233,2023-01-21,2024-11-21,2024-11-07,24,2025-01-21,Active,61,No,Mechanical Failure,Electrical Failure,Yes,Yes,Yes,Yes,Yes,Yes,Yes,No,No,0,N/A,No,N/A,Yes,Yes,No,No,No,Yes,Yes,0,2313.32,0.0,0.927,Web,Valid Claim
CLM00234,VALID_234,CUS00234,PROD00234,Printer,NovaTech,NOV-PRI-0234,SN-2026-000234,2023-04-24,2023-08-24,2023-08-22,12,2024-04-24,Active,244,Yes,Battery Problem,Electrical Failure,Yes,Yes,Yes,Yes,Yes,Yes,Yes,No,No,0,N/A,No,N/A,Yes,Yes,No,No,No,Yes,Yes,1,1332.22,0.0,0.91,Mobile App,Valid Claim
CLM00235,VALID_235,CUS00235,PROD00235,Air Conditioner,HomePro,HOM-AIR-0235,SN-2026-000235,2023-07-21,2024-03-21,2024-03-15,12,2024-07-21,Active,122,No,Noise,Electrical Failure,Yes,Yes,Yes,Yes,Yes,Yes,Yes,Yes,Yes,1,Yes,No,N/A,Yes,Yes,No,No,No,Yes,Yes,1,1838.56,980.25,0.92,Service Center,Valid Claim
CLM00236,VALID_236,CUS00236,PROD00236,Smartphone,ZenCore,ZEN-SMA-0236,SN-2026-000236,2023-06-27,2026-01-27,2026-01-23,36,2026-06-27,Active,151,No,Overheating,Electrical Failure,Yes,Yes,Yes,Yes,Yes,Yes,Yes,No,No,0,N/A,No,N/A,Yes,Yes,No,No,No,Yes,Yes,0,827.64,0.0,0.95,Service Center,Valid Claim
CLM00237,VALID_237,CUS00237,PROD00237,Air Conditioner,NovaTech,NOV-AIR-0237,SN-2026-000237,2023-04-15,2023-12-15,2023-12-07,12,2024-04-15,Active,122,Yes,Connectivity Issue,Electrical Failure,Yes,Yes,Yes,Yes,Yes,Yes,Yes,Yes,Yes,2,Yes,No,N/A,Yes,Yes,No,No,No,Yes,Yes,0,2773.21,579.32,0.94,Service Center,Valid Claim
CLM00238,VALID_238,CUS00238,PROD00238,Refrigerator,ZenCore,ZEN-REF-0238,SN-2026-000238,2023-05-22,2024-05-22,2024-05-08,24,2025-05-22,Active,365,No,Battery Problem,Electrical Failure,Yes,Yes,Yes,Yes,Yes,Yes,Yes,No,No,0,N/A,No,N/A,Yes,Yes,No,No,No,Yes,Yes,0,2570.91,0.0,0.963,Web,Valid Claim
CLM00239,VALID_239,CUS00239,PROD00239,Printer,HomePro,HOM-PRI-0239,SN-2026-000239,2024-05-17,2024-10-17,2024-10-09,12,2025-05-17,Active,212,No,Overheating,Electrical Failure,Yes,Yes,Yes,Yes,Yes,Yes,Yes,No,No,0,N/A,No,N/A,Yes,Yes,No,No,No,Yes,Yes,1,1222.09,0.0,0.914,Mobile App,Valid Claim
CLM00240,VALID_240,CUS00240,PROD00240,Refrigerator,ZenCore,ZEN-REF-0240,SN-2026-000240,2023-04-14,2024-06-14,2024-06-08,24,2025-04-14,Active,304,No,Noise,Manufacturing Defect,Yes,Yes,Yes,Yes,Yes,Yes,Yes,No,No,0,N/A,No,N/A,Yes,Yes,No,No,No,Yes,Yes,0,1214.27,0.0,0.935,Email,Valid Claim
CLM00241,VALID_241,CUS00241,PROD00241,Refrigerator,Aster,AST-REF-0241,SN-2026-000241,2026-01-08,2026-04-08,2026-04-03,24,2028-01-08,Active,640,No,Power Failure,Manufacturing Defect,Yes,Yes,Yes,Yes,Yes,Yes,Yes,No,No,0,N/A,No,N/A,Yes,Yes,No,No,No,Yes,Yes,1,1332.69,0.0,0.948,Web,Valid Claim
CLM00242,VALID_242,CUS00242,PROD00242,Air Conditioner,ZenCore,ZEN-AIR-0242,SN-2026-000242,2023-12-09,2024-04-09,2024-03-26,12,2024-12-09,Active,244,No,Mechanical Failure,Electrical Failure,Yes,Yes,Yes,Yes,Yes,Yes,Yes,No,No,0,N/A,No,N/A,Yes,Yes,No,No,No,Yes,Yes,0,692.36,0.0,0.963,Web,Valid Claim
CLM00243,VALID_243,CUS00243,PROD00243,Smartphone,HomePro,HOM-SMA-0243,SN-2026-000243,2025-10-30,2026-07-30,2026-07-21,36,2028-10-30,Active,823,Yes,Battery Problem,Electrical Failure,Yes,Yes,Yes,Yes,Yes,Yes,Yes,No,No,0,N/A,No,N/A,Yes,Yes,No,No,No,Yes,Yes,0,2410.81,0.0,0.914,Mobile App,Valid Claim
CLM00244,VALID_244,CUS00244,PROD00244,Camera,ZenCore,ZEN-CAM-0244,SN-2026-000244,2024-12-27,2025-06-27,2025-06-17,12,2025-12-27,Active,183,No,Water Leakage,Manufacturing Defect,Yes,Yes,Yes,Yes,Yes,Yes,Yes,No,No,0,N/A,No,N/A,Yes,Yes,No,No,No,Yes,Yes,0,1268.94,0.0,0.962,Service Center,Valid Claim
CLM00245,VALID_245,CUS00245,PROD00245,Laptop,ZenCore,ZEN-LAP-0245,SN-2026-000245,2025-01-06,2026-01-06,2025-12-28,24,2027-01-06,Active,365,No,Connectivity Issue,Manufacturing Defect,Yes,Yes,Yes,Yes,Yes,Yes,Yes,Yes,Yes,2,Yes,No,N/A,Yes,Yes,No,No,No,Yes,Yes,1,494.75,280.64,0.906,Mobile App,Valid Claim
CLM00246,VALID_246,CUS00246,PROD00246,Television,ZenCore,ZEN-TEL-0246,SN-2026-000246,2024-08-12,2025-03-12,2025-03-02,36,2027-08-12,Active,883,No,Display Failure,Electrical Failure,Yes,Yes,Yes,Yes,Yes,Yes,Yes,No,No,0,N/A,No,N/A,Yes,Yes,No,No,No,Yes,Yes,0,177.25,0.0,0.951,Email,Valid Claim
CLM00247,VALID_247,CUS00247,PROD00247,Television,Aster,AST-TEL-0247,SN-2026-000247,2023-12-05,2025-10-05,2025-10-01,36,2026-12-05,Active,426,Yes,Connectivity Issue,Electrical Failure,Yes,Yes,Yes,Yes,Yes,Yes,Yes,No,No,0,N/A,No,N/A,Yes,Yes,No,No,No,Yes,Yes,1,1217.72,0.0,0.939,Web,Valid Claim
CLM00248,VALID_248,CUS00248,PROD00248,Air Conditioner,ZenCore,ZEN-AIR-0248,SN-2026-000248,2026-01-04,2027-03-04,2027-02-22,24,2028-01-04,Active,306,No,Battery Problem,Electrical Failure,Yes,Yes,Yes,Yes,Yes,Yes,Yes,No,No,0,N/A,No,N/A,Yes,Yes,No,No,No,Yes,Yes,1,553.11,0.0,0.978,Mobile App,Valid Claim
CLM00249,VALID_249,CUS00249,PROD00249,Smartphone,Aster,AST-SMA-0249,SN-2026-000249,2025-04-20,2025-12-20,2025-12-07,12,2026-04-20,Active,121,No,Water Leakage,Electrical Failure,Yes,Yes,Yes,Yes,Yes,Yes,Yes,No,No,0,N/A,No,N/A,Yes,Yes,No,No,No,Yes,Yes,1,731.69,0.0,0.923,Email,Valid Claim
CLM00250,VALID_250,CUS00250,PROD00250,Printer,PrimeView,PRI-PRI-0250,SN-2026-000250,2025-01-24,2025-10-24,2025-10-21,12,2026-01-24,Active,92,No,Mechanical Failure,Electrical Failure,Yes,Yes,Yes,Yes,Yes,Yes,Yes,No,No,0,N/A,No,N/A,Yes,Yes,No,No,No,Yes,Yes,1,2992.21,0.0,0.979,Web,Valid Claim
CLM00251,VALID_251,CUS00251,PROD00251,Washing Machine,ZenCore,ZEN-WAS-0251,SN-2026-000251,2025-09-11,2026-06-11,2026-06-06,12,2026-09-11,Active,92,No,Connectivity Issue,Electrical Failure,Yes,Yes,Yes,Yes,Yes,Yes,Yes,No,No,0,N/A,No,N/A,Yes,Yes,No,No,No,Yes,Yes,1,1908.24,0.0,0.978,Email,Valid Claim
CLM00252,VALID_252,CUS00252,PROD00252,Camera,ZenCore,ZEN-CAM-0252,SN-2026-000252,2023-06-13,2026-02-13,2026-01-30,36,2026-06-13,Active,120,No,Water Leakage,Electrical Failure,Yes,Yes,Yes,Yes,Yes,Yes,Yes,No,No,0,N/A,No,N/A,Yes,Yes,No,No,No,Yes,Yes,0,2234.35,0.0,0.918,Service Center,Valid Claim
CLM00253,VALID_253,CUS00253,PROD00253,Printer,HomePro,HOM-PRI-0253,SN-2026-000253,2024-05-12,2026-01-12,2026-01-06,24,2026-05-12,Active,120,No,Overheating,Manufacturing Defect,Yes,Yes,Yes,Yes,Yes,Yes,Yes,No,No,0,N/A,No,N/A,Yes,Yes,No,No,No,Yes,Yes,0,694.78,0.0,0.973,Mobile App,Valid Claim
CLM00254,VALID_254,CUS00254,PROD00254,Refrigerator,HomePro,HOM-REF-0254,SN-2026-000254,2025-08-16,2026-05-16,2026-05-04,12,2026-08-16,Active,92,Yes,Display Failure,Manufacturing Defect,Yes,Yes,Yes,Yes,Yes,Yes,Yes,No,No,0,N/A,No,N/A,Yes,Yes,No,No,No,Yes,Yes,0,859.56,0.0,0.929,Web,Valid Claim
CLM00255,VALID_255,CUS00255,PROD00255,Laptop,Aster,AST-LAP-0255,SN-2026-000255,2023-12-21,2024-06-21,2024-06-14,12,2024-12-21,Active,183,No,Water Leakage,Electrical Failure,Yes,Yes,Yes,Yes,Yes,Yes,Yes,No,No,0,N/A,No,N/A,Yes,Yes,No,No,No,Yes,Yes,1,614.76,0.0,0.911,Email,Valid Claim
CLM00256,VALID_256,CUS00256,PROD00256,Printer,ZenCore,ZEN-PRI-0256,SN-2026-000256,2024-04-02,2025-02-02,2025-01-25,24,2026-04-02,Active,424,No,Mechanical Failure,Manufacturing Defect,Yes,Yes,Yes,Yes,Yes,Yes,Yes,No,No,0,N/A,No,N/A,Yes,Yes,No,No,No,Yes,Yes,0,142.26,0.0,0.958,Email,Valid Claim
CLM00257,VALID_257,CUS00257,PROD00257,Refrigerator,HomePro,HOM-REF-0257,SN-2026-000257,2025-08-06,2025-11-06,2025-10-23,12,2026-08-06,Active,273,No,Water Leakage,Manufacturing Defect,Yes,Yes,Yes,Yes,Yes,Yes,Yes,No,No,0,N/A,No,N/A,Yes,Yes,No,No,No,Yes,Yes,0,971.25,0.0,0.969,Service Center,Valid Claim
CLM00258,VALID_258,CUS00258,PROD00258,Printer,PrimeView,PRI-PRI-0258,SN-2026-000258,2024-05-04,2024-07-04,2024-06-29,12,2025-05-04,Active,304,No,Connectivity Issue,Manufacturing Defect,Yes,Yes,Yes,Yes,Yes,Yes,Yes,Yes,Yes,2,Yes,No,N/A,Yes,Yes,No,No,No,Yes,Yes,1,809.96,649.88,0.98,Service Center,Valid Claim
CLM00259,VALID_259,CUS00259,PROD00259,Laptop,HomePro,HOM-LAP-0259,SN-2026-000259,2023-09-27,2025-12-27,2025-12-13,36,2026-09-27,Active,274,No,Connectivity Issue,Electrical Failure,Yes,Yes,Yes,Yes,Yes,Yes,Yes,No,No,0,N/A,No,N/A,Yes,Yes,No,No,No,Yes,Yes,1,1691.0,0.0,0.938,Web,Valid Claim
CLM00260,VALID_260,CUS00260,PROD00260,Television,Aster,AST-TEL-0260,SN-2026-000260,2024-05-22,2026-11-22,2026-11-15,36,2027-05-22,Active,181,No,Water Leakage,Electrical Failure,Yes,Yes,Yes,Yes,Yes,Yes,Yes,No,No,0,N/A,No,N/A,Yes,Yes,No,No,No,Yes,Yes,0,1488.95,0.0,0.902,Email,Valid Claim
CLM00261,VALID_261,CUS00261,PROD00261,Air Conditioner,HomePro,HOM-AIR-0261,SN-2026-000261,2024-04-26,2024-10-26,2024-10-24,12,2025-04-26,Active,182,No,Water Leakage,Electrical Failure,Yes,Yes,Yes,Yes,Yes,Yes,Yes,No,No,0,N/A,No,N/A,Yes,Yes,No,No,No,Yes,Yes,1,668.11,0.0,0.949,Mobile App,Valid Claim
CLM00262,VALID_262,CUS00262,PROD00262,Smartphone,PrimeView,PRI-SMA-0262,SN-2026-000262,2025-12-29,2026-02-28,2026-02-16,12,2026-12-29,Active,304,No,Connectivity Issue,Manufacturing Defect,Yes,Yes,Yes,Yes,Yes,Yes,Yes,No,No,0,N/A,No,N/A,Yes,Yes,No,No,No,Yes,Yes,0,430.54,0.0,0.959,Mobile App,Valid Claim
CLM00263,VALID_263,CUS00263,PROD00263,Washing Machine,HomePro,HOM-WAS-0263,SN-2026-000263,2023-12-19,2024-03-19,2024-03-17,12,2024-12-19,Active,275,No,Noise,Electrical Failure,Yes,Yes,Yes,Yes,Yes,Yes,Yes,No,No,0,N/A,No,N/A,Yes,Yes,No,No,No,Yes,Yes,1,1547.76,0.0,0.909,Service Center,Valid Claim
CLM00264,VALID_264,CUS00264,PROD00264,Camera,HomePro,HOM-CAM-0264,SN-2026-000264,2024-03-30,2025-08-30,2025-08-26,24,2026-03-30,Active,212,No,Battery Problem,Manufacturing Defect,Yes,Yes,Yes,Yes,Yes,Yes,Yes,No,No,0,N/A,No,N/A,Yes,Yes,No,No,No,Yes,Yes,1,2125.4,0.0,0.92,Service Center,Valid Claim
CLM00265,VALID_265,CUS00265,PROD00265,Air Conditioner,ZenCore,ZEN-AIR-0265,SN-2026-000265,2024-01-20,2024-11-20,2024-11-15,36,2027-01-20,Active,791,No,Overheating,Manufacturing Defect,Yes,Yes,Yes,Yes,Yes,Yes,Yes,No,No,0,N/A,No,N/A,Yes,Yes,No,No,No,Yes,Yes,1,1146.03,0.0,0.96,Service Center,Valid Claim
CLM00266,VALID_266,CUS00266,PROD00266,Washing Machine,HomePro,HOM-WAS-0266,SN-2026-000266,2023-10-11,2024-03-11,2024-03-03,24,2025-10-11,Active,579,No,Power Failure,Manufacturing Defect,Yes,Yes,Yes,Yes,Yes,Yes,Yes,No,No,0,N/A,No,N/A,Yes,Yes,No,No,No,Yes,Yes,1,2701.39,0.0,0.921,Web,Valid Claim
CLM00267,VALID_267,CUS00267,PROD00267,Printer,HomePro,HOM-PRI-0267,SN-2026-000267,2024-05-21,2024-08-21,2024-08-13,12,2025-05-21,Active,273,No,Battery Problem,Manufacturing Defect,Yes,Yes,Yes,Yes,Yes,Yes,Yes,Yes,Yes,2,Yes,No,N/A,Yes,Yes,No,No,No,Yes,Yes,1,1912.62,459.24,0.985,Web,Valid Claim
CLM00268,VALID_268,CUS00268,PROD00268,Washing Machine,ZenCore,ZEN-WAS-0268,SN-2026-000268,2025-01-14,2025-09-14,2025-08-31,12,2026-01-14,Active,122,Yes,Water Leakage,Manufacturing Defect,Yes,Yes,Yes,Yes,Yes,Yes,Yes,No,No,0,N/A,No,N/A,Yes,Yes,No,No,No,Yes,Yes,0,2166.55,0.0,0.989,Service Center,Valid Claim
CLM00269,VALID_269,CUS00269,PROD00269,Air Conditioner,Aster,AST-AIR-0269,SN-2026-000269,2023-06-26,2024-04-26,2024-04-18,12,2024-06-26,Active,61,Yes,Noise,Electrical Failure,Yes,Yes,Yes,Yes,Yes,Yes,Yes,No,No,0,N/A,No,N/A,Yes,Yes,No,No,No,Yes,Yes,1,316.85,0.0,0.926,Email,Valid Claim
CLM00270,VALID_270,CUS00270,PROD00270,Television,PrimeView,PRI-TEL-0270,SN-2026-000270,2024-03-25,2024-06-25,2024-06-19,36,2027-03-25,Active,1003,No,Mechanical Failure,Electrical Failure,Yes,Yes,Yes,Yes,Yes,Yes,Yes,No,No,0,N/A,No,N/A,Yes,Yes,No,No,No,Yes,Yes,0,470.91,0.0,0.975,Email,Valid Claim
CLM00271,VALID_271,CUS00271,PROD00271,Laptop,ZenCore,ZEN-LAP-0271,SN-2026-000271,2023-05-27,2023-10-27,2023-10-18,12,2024-05-27,Active,213,No,Water Leakage,Manufacturing Defect,Yes,Yes,Yes,Yes,Yes,Yes,Yes,No,No,0,N/A,No,N/A,Yes,Yes,No,No,No,Yes,Yes,1,2263.26,0.0,0.971,Service Center,Valid Claim
CLM00272,VALID_272,CUS00272,PROD00272,Air Conditioner,HomePro,HOM-AIR-0272,SN-2026-000272,2025-04-08,2026-04-08,2026-03-25,36,2028-04-08,Active,731,No,Battery Problem,Manufacturing Defect,Yes,Yes,Yes,Yes,Yes,Yes,Yes,No,No,0,N/A,No,N/A,Yes,Yes,No,No,No,Yes,Yes,1,2752.95,0.0,0.967,Mobile App,Valid Claim
CLM00273,VALID_273,CUS00273,PROD00273,Television,ZenCore,ZEN-TEL-0273,SN-2026-000273,2023-11-18,2025-01-18,2025-01-12,36,2026-11-18,Active,669,No,Power Failure,Electrical Failure,Yes,Yes,Yes,Yes,Yes,Yes,Yes,No,No,0,N/A,No,N/A,Yes,Yes,No,No,No,Yes,Yes,1,2579.99,0.0,0.907,Email,Valid Claim
CLM00274,VALID_274,CUS00274,PROD00274,Printer,Aster,AST-PRI-0274,SN-2026-000274,2025-11-01,2026-09-01,2026-08-21,24,2027-11-01,Active,426,Yes,Noise,Electrical Failure,Yes,Yes,Yes,Yes,Yes,Yes,Yes,No,No,0,N/A,No,N/A,Yes,Yes,No,No,No,Yes,Yes,0,838.48,0.0,0.925,Mobile App,Valid Claim
CLM00275,VALID_275,CUS00275,PROD00275,Printer,HomePro,HOM-PRI-0275,SN-2026-000275,2025-02-24,2025-08-24,2025-08-22,12,2026-02-24,Active,184,No,Display Failure,Electrical Failure,Yes,Yes,Yes,Yes,Yes,Yes,Yes,No,No,0,N/A,No,N/A,Yes,Yes,No,No,No,Yes,Yes,1,2079.66,0.0,0.934,Web,Valid Claim
CLM00276,VALID_276,CUS00276,PROD00276,Television,NovaTech,NOV-TEL-0276,SN-2026-000276,2023-05-17,2023-10-17,2023-10-15,24,2025-05-17,Active,578,No,Noise,Electrical Failure,Yes,Yes,Yes,Yes,Yes,Yes,Yes,No,No,0,N/A,No,N/A,Yes,Yes,No,No,No,Yes,Yes,1,2157.16,0.0,0.91,Web,Valid Claim
CLM00277,VALID_277,CUS00277,PROD00277,Camera,HomePro,HOM-CAM-0277,SN-2026-000277,2025-03-10,2027-07-10,2027-07-03,36,2028-03-10,Active,244,No,Overheating,Manufacturing Defect,Yes,Yes,Yes,Yes,Yes,Yes,Yes,No,No,0,N/A,No,N/A,Yes,Yes,No,No,No,Yes,Yes,1,2913.77,0.0,0.984,Email,Valid Claim
CLM00278,VALID_278,CUS00278,PROD00278,Smartphone,PrimeView,PRI-SMA-0278,SN-2026-000278,2024-04-14,2026-01-14,2026-01-03,24,2026-04-14,Active,90,No,Power Failure,Electrical Failure,Yes,Yes,Yes,Yes,Yes,Yes,Yes,No,No,0,N/A,No,N/A,Yes,Yes,No,No,No,Yes,Yes,1,1414.87,0.0,0.906,Web,Valid Claim
CLM00279,VALID_279,CUS00279,PROD00279,Television,HomePro,HOM-TEL-0279,SN-2026-000279,2023-05-05,2023-12-05,2023-11-28,36,2026-05-05,Active,882,No,Mechanical Failure,Manufacturing Defect,Yes,Yes,Yes,Yes,Yes,Yes,Yes,No,No,0,N/A,No,N/A,Yes,Yes,No,No,No,Yes,Yes,1,1623.65,0.0,0.969,Mobile App,Valid Claim
CLM00280,VALID_280,CUS00280,PROD00280,Camera,Aster,AST-CAM-0280,SN-2026-000280,2025-02-01,2026-09-01,2026-08-27,24,2027-02-01,Active,153,No,Overheating,Electrical Failure,Yes,Yes,Yes,Yes,Yes,Yes,Yes,No,No,0,N/A,No,N/A,Yes,Yes,No,No,No,Yes,Yes,0,2993.82,0.0,0.966,Email,Valid Claim
CLM00281,VALID_281,CUS00281,PROD00281,Refrigerator,NovaTech,NOV-REF-0281,SN-2026-000281,2024-03-03,2024-06-03,2024-05-22,24,2026-03-03,Active,638,No,Water Leakage,Manufacturing Defect,Yes,Yes,Yes,Yes,Yes,Yes,Yes,No,No,0,N/A,No,N/A,Yes,Yes,No,No,No,Yes,Yes,0,2912.01,0.0,0.984,Service Center,Valid Claim
CLM00282,VALID_282,CUS00282,PROD00282,Laptop,Aster,AST-LAP-0282,SN-2026-000282,2024-03-25,2025-01-25,2025-01-19,36,2027-03-25,Active,789,No,Noise,Manufacturing Defect,Yes,Yes,Yes,Yes,Yes,Yes,Yes,Yes,Yes,1,Yes,No,N/A,Yes,Yes,No,No,No,Yes,Yes,0,1583.92,679.88,0.964,Web,Valid Claim
CLM00283,VALID_283,CUS00283,PROD00283,Printer,HomePro,HOM-PRI-0283,SN-2026-000283,2023-03-01,2024-08-01,2024-07-30,36,2026-03-01,Active,577,Yes,Mechanical Failure,Manufacturing Defect,Yes,Yes,Yes,Yes,Yes,Yes,Yes,Yes,Yes,2,Yes,No,N/A,Yes,Yes,No,No,No,Yes,Yes,0,1805.84,327.09,0.916,Service Center,Valid Claim
CLM00284,VALID_284,CUS00284,PROD00284,Camera,HomePro,HOM-CAM-0284,SN-2026-000284,2024-11-27,2025-05-27,2025-05-15,12,2025-11-27,Active,184,No,Power Failure,Electrical Failure,Yes,Yes,Yes,Yes,Yes,Yes,Yes,No,No,0,N/A,No,N/A,Yes,Yes,No,No,No,Yes,Yes,0,332.73,0.0,0.932,Email,Valid Claim
CLM00285,VALID_285,CUS00285,PROD00285,Printer,NovaTech,NOV-PRI-0285,SN-2026-000285,2024-05-27,2024-09-27,2024-09-24,36,2027-05-27,Active,972,No,Battery Problem,Electrical Failure,Yes,Yes,Yes,Yes,Yes,Yes,Yes,Yes,Yes,1,Yes,No,N/A,Yes,Yes,No,No,No,Yes,Yes,0,2052.95,55.28,0.902,Email,Valid Claim
CLM00286,VALID_286,CUS00286,PROD00286,Laptop,PrimeView,PRI-LAP-0286,SN-2026-000286,2025-10-02,2026-07-02,2026-06-19,24,2027-10-02,Active,457,No,Mechanical Failure,Electrical Failure,Yes,Yes,Yes,Yes,Yes,Yes,Yes,No,No,0,N/A,No,N/A,Yes,Yes,No,No,No,Yes,Yes,0,75.78,0.0,0.919,Mobile App,Valid Claim
CLM00287,VALID_287,CUS00287,PROD00287,Printer,PrimeView,PRI-PRI-0287,SN-2026-000287,2026-03-13,2026-11-13,2026-11-12,12,2027-03-13,Active,120,No,Water Leakage,Electrical Failure,Yes,Yes,Yes,Yes,Yes,Yes,Yes,Yes,Yes,1,Yes,No,N/A,Yes,Yes,No,No,No,Yes,Yes,1,178.09,375.53,0.944,Email,Valid Claim
CLM00288,VALID_288,CUS00288,PROD00288,Washing Machine,HomePro,HOM-WAS-0288,SN-2026-000288,2026-02-14,2028-12-14,2028-12-10,36,2029-02-14,Active,62,No,Power Failure,Electrical Failure,Yes,Yes,Yes,Yes,Yes,Yes,Yes,No,No,0,N/A,No,N/A,Yes,Yes,No,No,No,Yes,Yes,0,753.54,0.0,0.916,Service Center,Valid Claim
CLM00289,VALID_289,CUS00289,PROD00289,Refrigerator,PrimeView,PRI-REF-0289,SN-2026-000289,2025-12-13,2027-07-13,2027-07-06,24,2027-12-13,Active,153,No,Battery Problem,Manufacturing Defect,Yes,Yes,Yes,Yes,Yes,Yes,Yes,No,No,0,N/A,No,N/A,Yes,Yes,No,No,No,Yes,Yes,1,569.53,0.0,0.959,Mobile App,Valid Claim
CLM00290,VALID_290,CUS00290,PROD00290,Television,NovaTech,NOV-TEL-0290,SN-2026-000290,2025-07-06,2025-10-06,2025-09-24,12,2026-07-06,Active,273,Yes,Display Failure,Electrical Failure,Yes,Yes,Yes,Yes,Yes,Yes,Yes,No,No,0,N/A,No,N/A,Yes,Yes,No,No,No,Yes,Yes,1,781.95,0.0,0.921,Web,Valid Claim
CLM00291,VALID_291,CUS00291,PROD00291,Washing Machine,ZenCore,ZEN-WAS-0291,SN-2026-000291,2023-02-04,2024-12-04,2024-11-29,36,2026-02-04,Active,427,No,Display Failure,Electrical Failure,Yes,Yes,Yes,Yes,Yes,Yes,Yes,No,No,0,N/A,No,N/A,Yes,Yes,No,No,No,Yes,Yes,0,2132.98,0.0,0.975,Service Center,Valid Claim
CLM00292,VALID_292,CUS00292,PROD00292,Printer,PrimeView,PRI-PRI-0292,SN-2026-000292,2025-11-23,2026-01-23,2026-01-10,36,2028-11-23,Active,1035,Yes,Water Leakage,Manufacturing Defect,Yes,Yes,Yes,Yes,Yes,Yes,Yes,No,No,0,N/A,No,N/A,Yes,Yes,No,No,No,Yes,Yes,0,1324.69,0.0,0.911,Service Center,Valid Claim
CLM00293,VALID_293,CUS00293,PROD00293,Printer,Aster,AST-PRI-0293,SN-2026-000293,2026-01-28,2027-11-28,2027-11-17,36,2029-01-28,Active,427,Yes,Water Leakage,Electrical Failure,Yes,Yes,Yes,Yes,Yes,Yes,Yes,No,No,0,N/A,No,N/A,Yes,Yes,No,No,No,Yes,Yes,0,1745.78,0.0,0.974,Service Center,Valid Claim
CLM00294,VALID_294,CUS00294,PROD00294,Camera,Aster,AST-CAM-0294,SN-2026-000294,2024-03-06,2025-08-06,2025-07-23,36,2027-03-06,Active,577,No,Overheating,Manufacturing Defect,Yes,Yes,Yes,Yes,Yes,Yes,Yes,No,No,0,N/A,No,N/A,Yes,Yes,No,No,No,Yes,Yes,1,1778.83,0.0,0.949,Mobile App,Valid Claim
CLM00295,VALID_295,CUS00295,PROD00295,Refrigerator,NovaTech,NOV-REF-0295,SN-2026-000295,2025-06-11,2028-03-11,2028-02-27,36,2028-06-11,Active,92,No,Overheating,Manufacturing Defect,Yes,Yes,Yes,Yes,Yes,Yes,Yes,No,No,0,N/A,No,N/A,Yes,Yes,No,No,No,Yes,Yes,0,2676.06,0.0,0.917,Email,Valid Claim
CLM00296,VALID_296,CUS00296,PROD00296,Washing Machine,ZenCore,ZEN-WAS-0296,SN-2026-000296,2025-01-04,2025-10-04,2025-10-03,24,2027-01-04,Active,457,No,Noise,Electrical Failure,Yes,Yes,Yes,Yes,Yes,Yes,Yes,No,No,0,N/A,No,N/A,Yes,Yes,No,No,No,Yes,Yes,1,576.81,0.0,0.97,Web,Valid Claim
CLM00297,VALID_297,CUS00297,PROD00297,Refrigerator,Aster,AST-REF-0297,SN-2026-000297,2025-11-29,2027-05-29,2027-05-25,24,2027-11-29,Active,184,No,Connectivity Issue,Manufacturing Defect,Yes,Yes,Yes,Yes,Yes,Yes,Yes,Yes,Yes,2,Yes,No,N/A,Yes,Yes,No,No,No,Yes,Yes,0,2087.48,418.98,0.936,Service Center,Valid Claim
CLM00298,VALID_298,CUS00298,PROD00298,Printer,ZenCore,ZEN-PRI-0298,SN-2026-000298,2024-08-17,2025-08-17,2025-08-03,24,2026-08-17,Active,365,No,Noise,Manufacturing Defect,Yes,Yes,Yes,Yes,Yes,Yes,Yes,No,No,0,N/A,No,N/A,Yes,Yes,No,No,No,Yes,Yes,1,1906.15,0.0,0.953,Mobile App,Valid Claim
CLM00299,VALID_299,CUS00299,PROD00299,Television,Aster,AST-TEL-0299,SN-2026-000299,2025-09-18,2027-04-18,2027-04-04,36,2028-09-18,Active,519,No,Connectivity Issue,Electrical Failure,Yes,Yes,Yes,Yes,Yes,Yes,Yes,Yes,Yes,1,Yes,No,N/A,Yes,Yes,No,No,No,Yes,Yes,1,2892.26,969.75,0.934,Service Center,Valid Claim
CLM00300,VALID_300,CUS00300,PROD00300,Television,NovaTech,NOV-TEL-0300,SN-2026-000300,2025-03-27,2025-10-27,2025-10-18,12,2026-03-27,Active,151,No,Display Failure,Electrical Failure,Yes,Yes,Yes,Yes,Yes,Yes,Yes,No,No,0,N/A,No,N/A,Yes,Yes,No,No,No,Yes,Yes,1,2905.49,0.0,0.99,Web,Valid Claim
CLM00301,VALID_301,CUS00301,PROD00301,Washing Machine,ZenCore,ZEN-WAS-0301,SN-2026-000301,2025-06-04,2026-06-04,2026-05-24,24,2027-06-04,Active,365,No,Water Leakage,Manufacturing Defect,Yes,Yes,Yes,Yes,Yes,Yes,Yes,No,No,0,N/A,No,N/A,Yes,Yes,No,No,No,Yes,Yes,0,1171.96,0.0,0.943,Email,Valid Claim
CLM00302,VALID_302,CUS00302,PROD00302,Air Conditioner,PrimeView,PRI-AIR-0302,SN-2026-000302,2025-11-05,2026-12-05,2026-12-02,24,2027-11-05,Active,335,No,Noise,Electrical Failure,Yes,Yes,Yes,Yes,Yes,Yes,Yes,Yes,Yes,1,Yes,No,N/A,Yes,Yes,No,No,No,Yes,Yes,0,1883.68,274.56,0.948,Service Center,Valid Claim
CLM00303,VALID_303,CUS00303,PROD00303,Washing Machine,PrimeView,PRI-WAS-0303,SN-2026-000303,2023-04-22,2024-02-22,2024-02-13,12,2024-04-22,Active,60,No,Display Failure,Electrical Failure,Yes,Yes,Yes,Yes,Yes,Yes,Yes,No,No,0,N/A,No,N/A,Yes,Yes,No,No,No,Yes,Yes,1,1288.86,0.0,0.903,Email,Valid Claim
CLM00304,VALID_304,CUS00304,PROD00304,Washing Machine,Aster,AST-WAS-0304,SN-2026-000304,2023-03-06,2023-09-06,2023-08-23,12,2024-03-06,Active,182,No,Noise,Electrical Failure,Yes,Yes,Yes,Yes,Yes,Yes,Yes,No,No,0,N/A,No,N/A,Yes,Yes,No,No,No,Yes,Yes,1,831.78,0.0,0.982,Email,Valid Claim
CLM00305,VALID_305,CUS00305,PROD00305,Camera,NovaTech,NOV-CAM-0305,SN-2026-000305,2024-10-18,2025-07-18,2025-07-15,24,2026-10-18,Active,457,No,Display Failure,Electrical Failure,Yes,Yes,Yes,Yes,Yes,Yes,Yes,No,No,0,N/A,No,N/A,Yes,Yes,No,No,No,Yes,Yes,1,797.12,0.0,0.945,Service Center,Valid Claim
CLM00306,VALID_306,CUS00306,PROD00306,Air Conditioner,NovaTech,NOV-AIR-0306,SN-2026-000306,2025-06-03,2025-08-03,2025-07-20,12,2026-06-03,Active,304,No,Overheating,Electrical Failure,Yes,Yes,Yes,Yes,Yes,Yes,Yes,No,No,0,N/A,No,N/A,Yes,Yes,No,No,No,Yes,Yes,0,2252.5,0.0,0.966,Email,Valid Claim
CLM00307,VALID_307,CUS00307,PROD00307,Printer,NovaTech,NOV-PRI-0307,SN-2026-000307,2024-02-24,2024-04-24,2024-04-21,12,2025-02-24,Active,306,No,Noise,Manufacturing Defect,Yes,Yes,Yes,Yes,Yes,Yes,Yes,No,No,0,N/A,No,N/A,Yes,Yes,No,No,No,Yes,Yes,0,589.99,0.0,0.907,Service Center,Valid Claim
CLM00308,VALID_308,CUS00308,PROD00308,Television,HomePro,HOM-TEL-0308,SN-2026-000308,2023-01-27,2023-12-27,2023-12-24,24,2025-01-27,Active,397,Yes,Power Failure,Manufacturing Defect,Yes,Yes,Yes,Yes,Yes,Yes,Yes,No,No,0,N/A,No,N/A,Yes,Yes,No,No,No,Yes,Yes,1,1478.42,0.0,0.918,Email,Valid Claim
CLM00309,VALID_309,CUS00309,PROD00309,Television,NovaTech,NOV-TEL-0309,SN-2026-000309,2023-10-13,2025-06-13,2025-05-31,24,2025-10-13,Active,122,No,Connectivity Issue,Electrical Failure,Yes,Yes,Yes,Yes,Yes,Yes,Yes,No,No,0,N/A,No,N/A,Yes,Yes,No,No,No,Yes,Yes,1,1057.74,0.0,0.951,Mobile App,Valid Claim
CLM00310,VALID_310,CUS00310,PROD00310,Television,ZenCore,ZEN-TEL-0310,SN-2026-000310,2023-01-29,2023-10-29,2023-10-28,12,2024-01-29,Active,92,No,Connectivity Issue,Manufacturing Defect,Yes,Yes,Yes,Yes,Yes,Yes,Yes,No,No,0,N/A,No,N/A,Yes,Yes,No,No,No,Yes,Yes,0,1741.76,0.0,0.926,Web,Valid Claim
CLM00311,VALID_311,CUS00311,PROD00311,Smartphone,HomePro,HOM-SMA-0311,SN-2026-000311,2026-02-09,2026-09-09,2026-09-07,12,2027-02-09,Active,153,No,Connectivity Issue,Manufacturing Defect,Yes,Yes,Yes,Yes,Yes,Yes,Yes,No,No,0,N/A,No,N/A,Yes,Yes,No,No,No,Yes,Yes,1,2936.17,0.0,0.906,Service Center,Valid Claim
CLM00312,VALID_312,CUS00312,PROD00312,Television,HomePro,HOM-TEL-0312,SN-2026-000312,2026-03-11,2028-01-11,2028-01-08,24,2028-03-11,Active,60,No,Connectivity Issue,Manufacturing Defect,Yes,Yes,Yes,Yes,Yes,Yes,Yes,No,No,0,N/A,No,N/A,Yes,Yes,No,No,No,Yes,Yes,1,1074.54,0.0,0.937,Web,Valid Claim
CLM00313,VALID_313,CUS00313,PROD00313,Television,NovaTech,NOV-TEL-0313,SN-2026-000313,2025-03-14,2026-05-14,2026-05-12,24,2027-03-14,Active,304,No,Noise,Electrical Failure,Yes,Yes,Yes,Yes,Yes,Yes,Yes,No,No,0,N/A,No,N/A,Yes,Yes,No,No,No,Yes,Yes,0,1311.17,0.0,0.952,Mobile App,Valid Claim
CLM00314,VALID_314,CUS00314,PROD00314,Air Conditioner,NovaTech,NOV-AIR-0314,SN-2026-000314,2025-08-12,2026-03-12,2026-03-04,24,2027-08-12,Active,518,No,Connectivity Issue,Manufacturing Defect,Yes,Yes,Yes,Yes,Yes,Yes,Yes,No,No,0,N/A,No,N/A,Yes,Yes,No,No,No,Yes,Yes,1,2904.19,0.0,0.92,Mobile App,Valid Claim
CLM00315,VALID_315,CUS00315,PROD00315,Refrigerator,ZenCore,ZEN-REF-0315,SN-2026-000315,2025-10-03,2025-12-03,2025-11-28,12,2026-10-03,Active,304,No,Battery Problem,Manufacturing Defect,Yes,Yes,Yes,Yes,Yes,Yes,Yes,No,No,0,N/A,No,N/A,Yes,Yes,No,No,No,Yes,Yes,1,1357.6,0.0,0.979,Web,Valid Claim
CLM00316,VALID_316,CUS00316,PROD00316,Washing Machine,PrimeView,PRI-WAS-0316,SN-2026-000316,2025-06-15,2027-02-15,2027-02-04,24,2027-06-15,Active,120,No,Battery Problem,Manufacturing Defect,Yes,Yes,Yes,Yes,Yes,Yes,Yes,No,No,0,N/A,No,N/A,Yes,Yes,No,No,No,Yes,Yes,0,2458.43,0.0,0.93,Email,Valid Claim
CLM00317,VALID_317,CUS00317,PROD00317,Refrigerator,NovaTech,NOV-REF-0317,SN-2026-000317,2025-04-16,2025-12-16,2025-12-09,12,2026-04-16,Active,121,No,Noise,Electrical Failure,Yes,Yes,Yes,Yes,Yes,Yes,Yes,Yes,Yes,1,Yes,No,N/A,Yes,Yes,No,No,No,Yes,Yes,0,2028.05,509.67,0.911,Web,Valid Claim
CLM00318,VALID_318,CUS00318,PROD00318,Laptop,Aster,AST-LAP-0318,SN-2026-000318,2023-03-24,2023-12-24,2023-12-14,12,2024-03-24,Active,91,No,Display Failure,Manufacturing Defect,Yes,Yes,Yes,Yes,Yes,Yes,Yes,No,No,0,N/A,No,N/A,Yes,Yes,No,No,No,Yes,Yes,1,854.66,0.0,0.949,Email,Valid Claim
CLM00319,VALID_319,CUS00319,PROD00319,Television,Aster,AST-TEL-0319,SN-2026-000319,2025-06-02,2026-02-02,2026-01-31,12,2026-06-02,Active,120,No,Battery Problem,Electrical Failure,Yes,Yes,Yes,Yes,Yes,Yes,Yes,No,No,0,N/A,No,N/A,Yes,Yes,No,No,No,Yes,Yes,0,901.29,0.0,0.982,Email,Valid Claim
CLM00320,VALID_320,CUS00320,PROD00320,Refrigerator,ZenCore,ZEN-REF-0320,SN-2026-000320,2025-06-04,2025-11-04,2025-11-03,24,2027-06-04,Active,577,Yes,Power Failure,Manufacturing Defect,Yes,Yes,Yes,Yes,Yes,Yes,Yes,No,No,0,N/A,No,N/A,Yes,Yes,No,No,No,Yes,Yes,0,758.05,0.0,0.97,Web,Valid Claim
CLM00321,VALID_321,CUS00321,PROD00321,Smartphone,Aster,AST-SMA-0321,SN-2026-000321,2025-10-28,2025-12-28,2025-12-25,12,2026-10-28,Active,304,No,Battery Problem,Manufacturing Defect,Yes,Yes,Yes,Yes,Yes,Yes,Yes,No,No,0,N/A,No,N/A,Yes,Yes,No,No,No,Yes,Yes,1,2590.23,0.0,0.954,Web,Valid Claim
CLM00322,VALID_322,CUS00322,PROD00322,Refrigerator,PrimeView,PRI-REF-0322,SN-2026-000322,2023-03-03,2024-08-03,2024-07-26,24,2025-03-03,Active,212,No,Water Leakage,Manufacturing Defect,Yes,Yes,Yes,Yes,Yes,Yes,Yes,No,No,0,N/A,No,N/A,Yes,Yes,No,No,No,Yes,Yes,1,2777.5,0.0,0.958,Web,Valid Claim
CLM00323,VALID_323,CUS00323,PROD00323,Air Conditioner,NovaTech,NOV-AIR-0323,SN-2026-000323,2023-10-10,2025-04-10,2025-04-07,24,2025-10-10,Active,183,No,Noise,Electrical Failure,Yes,Yes,Yes,Yes,Yes,Yes,Yes,Yes,Yes,1,Yes,No,N/A,Yes,Yes,No,No,No,Yes,Yes,0,1193.89,519.75,0.916,Email,Valid Claim
CLM00324,VALID_324,CUS00324,PROD00324,Laptop,HomePro,HOM-LAP-0324,SN-2026-000324,2025-09-12,2026-03-12,2026-03-05,12,2026-09-12,Active,184,No,Display Failure,Electrical Failure,Yes,Yes,Yes,Yes,Yes,Yes,Yes,No,No,0,N/A,No,N/A,Yes,Yes,No,No,No,Yes,Yes,1,681.99,0.0,0.916,Service Center,Valid Claim
CLM00325,VALID_325,CUS00325,PROD00325,Washing Machine,ZenCore,ZEN-WAS-0325,SN-2026-000325,2025-11-06,2026-09-06,2026-08-28,24,2027-11-06,Active,426,Yes,Noise,Electrical Failure,Yes,Yes,Yes,Yes,Yes,Yes,Yes,Yes,Yes,1,Yes,No,N/A,Yes,Yes,No,No,No,Yes,Yes,0,813.17,818.04,0.963,Service Center,Valid Claim
CLM00326,VALID_326,CUS00326,PROD00326,Refrigerator,HomePro,HOM-REF-0326,SN-2026-000326,2024-08-08,2025-01-08,2025-01-04,12,2025-08-08,Active,212,Yes,Overheating,Manufacturing Defect,Yes,Yes,Yes,Yes,Yes,Yes,Yes,No,No,0,N/A,No,N/A,Yes,Yes,No,No,No,Yes,Yes,0,1865.44,0.0,0.972,Email,Valid Claim
CLM00327,VALID_327,CUS00327,PROD00327,Camera,ZenCore,ZEN-CAM-0327,SN-2026-000327,2023-07-21,2026-01-21,2026-01-19,36,2026-07-21,Active,181,No,Display Failure,Electrical Failure,Yes,Yes,Yes,Yes,Yes,Yes,Yes,No,No,0,N/A,No,N/A,Yes,Yes,No,No,No,Yes,Yes,1,2941.23,0.0,0.974,Web,Valid Claim
CLM00328,VALID_328,CUS00328,PROD00328,Refrigerator,PrimeView,PRI-REF-0328,SN-2026-000328,2023-01-26,2023-09-26,2023-09-14,36,2026-01-26,Active,853,Yes,Mechanical Failure,Electrical Failure,Yes,Yes,Yes,Yes,Yes,Yes,Yes,No,No,0,N/A,No,N/A,Yes,Yes,No,No,No,Yes,Yes,1,1207.39,0.0,0.977,Web,Valid Claim
CLM00329,VALID_329,CUS00329,PROD00329,Washing Machine,NovaTech,NOV-WAS-0329,SN-2026-000329,2024-08-08,2025-02-08,2025-02-03,24,2026-08-08,Active,546,Yes,Water Leakage,Electrical Failure,Yes,Yes,Yes,Yes,Yes,Yes,Yes,No,No,0,N/A,No,N/A,Yes,Yes,No,No,No,Yes,Yes,1,2810.39,0.0,0.943,Mobile App,Valid Claim
CLM00330,VALID_330,CUS00330,PROD00330,Smartphone,PrimeView,PRI-SMA-0330,SN-2026-000330,2024-09-27,2025-04-27,2025-04-20,12,2025-09-27,Active,153,No,Battery Problem,Manufacturing Defect,Yes,Yes,Yes,Yes,Yes,Yes,Yes,No,No,0,N/A,No,N/A,Yes,Yes,No,No,No,Yes,Yes,1,374.88,0.0,0.952,Mobile App,Valid Claim
CLM00331,VALID_331,CUS00331,PROD00331,Washing Machine,NovaTech,NOV-WAS-0331,SN-2026-000331,2023-05-18,2023-12-18,2023-12-16,24,2025-05-18,Active,517,Yes,Noise,Electrical Failure,Yes,Yes,Yes,Yes,Yes,Yes,Yes,No,No,0,N/A,No,N/A,Yes,Yes,No,No,No,Yes,Yes,1,2884.12,0.0,0.911,Email,Valid Claim
CLM00332,VALID_332,CUS00332,PROD00332,Laptop,NovaTech,NOV-LAP-0332,SN-2026-000332,2023-07-17,2024-02-17,2024-02-12,12,2024-07-17,Active,151,No,Mechanical Failure,Manufacturing Defect,Yes,Yes,Yes,Yes,Yes,Yes,Yes,Yes,Yes,1,Yes,No,N/A,Yes,Yes,No,No,No,Yes,Yes,1,1295.88,928.65,0.963,Mobile App,Valid Claim
CLM00333,VALID_333,CUS00333,PROD00333,Laptop,PrimeView,PRI-LAP-0333,SN-2026-000333,2024-03-16,2025-04-16,2025-04-03,24,2026-03-16,Active,334,No,Water Leakage,Electrical Failure,Yes,Yes,Yes,Yes,Yes,Yes,Yes,No,No,0,N/A,No,N/A,Yes,Yes,No,No,No,Yes,Yes,1,1226.24,0.0,0.978,Service Center,Valid Claim
CLM00334,VALID_334,CUS00334,PROD00334,Camera,NovaTech,NOV-CAM-0334,SN-2026-000334,2023-06-18,2024-06-18,2024-06-10,36,2026-06-18,Active,730,No,Mechanical Failure,Electrical Failure,Yes,Yes,Yes,Yes,Yes,Yes,Yes,No,No,0,N/A,No,N/A,Yes,Yes,No,No,No,Yes,Yes,1,496.36,0.0,0.927,Mobile App,Valid Claim
CLM00335,VALID_335,CUS00335,PROD00335,Refrigerator,PrimeView,PRI-REF-0335,SN-2026-000335,2023-08-01,2024-11-01,2024-10-24,24,2025-08-01,Active,273,No,Noise,Manufacturing Defect,Yes,Yes,Yes,Yes,Yes,Yes,Yes,No,No,0,N/A,No,N/A,Yes,Yes,No,No,No,Yes,Yes,1,231.23,0.0,0.911,Web,Valid Claim
CLM00336,VALID_336,CUS00336,PROD00336,Smartphone,ZenCore,ZEN-SMA-0336,SN-2026-000336,2024-09-22,2025-01-22,2025-01-21,12,2025-09-22,Active,243,No,Display Failure,Manufacturing Defect,Yes,Yes,Yes,Yes,Yes,Yes,Yes,No,No,0,N/A,No,N/A,Yes,Yes,No,No,No,Yes,Yes,0,1773.03,0.0,0.903,Email,Valid Claim
CLM00337,VALID_337,CUS00337,PROD00337,Smartphone,HomePro,HOM-SMA-0337,SN-2026-000337,2024-12-14,2025-10-14,2025-10-05,24,2026-12-14,Active,426,Yes,Battery Problem,Manufacturing Defect,Yes,Yes,Yes,Yes,Yes,Yes,Yes,No,No,0,N/A,No,N/A,Yes,Yes,No,No,No,Yes,Yes,0,503.22,0.0,0.91,Web,Valid Claim
CLM00338,VALID_338,CUS00338,PROD00338,Refrigerator,NovaTech,NOV-REF-0338,SN-2026-000338,2024-06-18,2025-06-18,2025-06-07,36,2027-06-18,Active,730,No,Connectivity Issue,Electrical Failure,Yes,Yes,Yes,Yes,Yes,Yes,Yes,Yes,Yes,2,Yes,No,N/A,Yes,Yes,No,No,No,Yes,Yes,1,1340.73,236.63,0.964,Mobile App,Valid Claim
CLM00339,VALID_339,CUS00339,PROD00339,Printer,NovaTech,NOV-PRI-0339,SN-2026-000339,2024-09-12,2025-06-12,2025-06-06,24,2026-09-12,Active,457,No,Battery Problem,Manufacturing Defect,Yes,Yes,Yes,Yes,Yes,Yes,Yes,No,No,0,N/A,No,N/A,Yes,Yes,No,No,No,Yes,Yes,1,886.59,0.0,0.91,Web,Valid Claim
CLM00340,VALID_340,CUS00340,PROD00340,Laptop,NovaTech,NOV-LAP-0340,SN-2026-000340,2023-09-27,2024-02-27,2024-02-22,36,2026-09-27,Active,943,No,Overheating,Manufacturing Defect,Yes,Yes,Yes,Yes,Yes,Yes,Yes,No,No,0,N/A,No,N/A,Yes,Yes,No,No,No,Yes,Yes,0,1195.46,0.0,0.916,Email,Valid Claim
CLM00341,VALID_341,CUS00341,PROD00341,Smartphone,ZenCore,ZEN-SMA-0341,SN-2026-000341,2026-01-10,2027-09-10,2027-09-07,24,2028-01-10,Active,122,No,Water Leakage,Manufacturing Defect,Yes,Yes,Yes,Yes,Yes,Yes,Yes,No,No,0,N/A,No,N/A,Yes,Yes,No,No,No,Yes,Yes,1,1485.49,0.0,0.934,Email,Valid Claim
CLM00342,VALID_342,CUS00342,PROD00342,Washing Machine,ZenCore,ZEN-WAS-0342,SN-2026-000342,2023-02-02,2023-04-02,2023-03-19,12,2024-02-02,Active,306,Yes,Connectivity Issue,Manufacturing Defect,Yes,Yes,Yes,Yes,Yes,Yes,Yes,No,No,0,N/A,No,N/A,Yes,Yes,No,No,No,Yes,Yes,1,940.83,0.0,0.911,Email,Valid Claim
CLM00343,VALID_343,CUS00343,PROD00343,Refrigerator,NovaTech,NOV-REF-0343,SN-2026-000343,2025-02-20,2025-08-20,2025-08-06,12,2026-02-20,Active,184,No,Power Failure,Manufacturing Defect,Yes,Yes,Yes,Yes,Yes,Yes,Yes,Yes,Yes,2,Yes,No,N/A,Yes,Yes,No,No,No,Yes,Yes,0,242.18,703.55,0.985,Email,Valid Claim
CLM00344,VALID_344,CUS00344,PROD00344,Printer,ZenCore,ZEN-PRI-0344,SN-2026-000344,2024-04-19,2025-05-19,2025-05-14,24,2026-04-19,Active,335,No,Mechanical Failure,Electrical Failure,Yes,Yes,Yes,Yes,Yes,Yes,Yes,No,No,0,N/A,No,N/A,Yes,Yes,No,No,No,Yes,Yes,1,122.23,0.0,0.922,Mobile App,Valid Claim
CLM00345,VALID_345,CUS00345,PROD00345,Smartphone,ZenCore,ZEN-SMA-0345,SN-2026-000345,2023-02-11,2023-04-11,2023-04-06,12,2024-02-11,Active,306,No,Overheating,Electrical Failure,Yes,Yes,Yes,Yes,Yes,Yes,Yes,No,No,0,N/A,No,N/A,Yes,Yes,No,No,No,Yes,Yes,0,2095.92,0.0,0.962,Email,Valid Claim
CLM00346,VALID_346,CUS00346,PROD00346,Camera,ZenCore,ZEN-CAM-0346,SN-2026-000346,2023-06-13,2024-05-13,2024-05-12,24,2025-06-13,Active,396,No,Noise,Manufacturing Defect,Yes,Yes,Yes,Yes,Yes,Yes,Yes,No,No,0,N/A,No,N/A,Yes,Yes,No,No,No,Yes,Yes,0,1493.98,0.0,0.9,Mobile App,Valid Claim
CLM00347,VALID_347,CUS00347,PROD00347,Air Conditioner,NovaTech,NOV-AIR-0347,SN-2026-000347,2023-04-22,2024-04-22,2024-04-17,24,2025-04-22,Active,365,Yes,Connectivity Issue,Manufacturing Defect,Yes,Yes,Yes,Yes,Yes,Yes,Yes,Yes,Yes,1,Yes,No,N/A,Yes,Yes,No,No,No,Yes,Yes,0,2548.59,437.3,0.955,Email,Valid Claim
CLM00348,VALID_348,CUS00348,PROD00348,Printer,Aster,AST-PRI-0348,SN-2026-000348,2023-03-28,2023-08-28,2023-08-27,12,2024-03-28,Active,213,Yes,Mechanical Failure,Manufacturing Defect,Yes,Yes,Yes,Yes,Yes,Yes,Yes,No,No,0,N/A,No,N/A,Yes,Yes,No,No,No,Yes,Yes,1,2310.06,0.0,0.904,Service Center,Valid Claim
CLM00349,VALID_349,CUS00349,PROD00349,Laptop,ZenCore,ZEN-LAP-0349,SN-2026-000349,2026-02-15,2027-03-15,2027-03-10,24,2028-02-15,Active,337,No,Display Failure,Manufacturing Defect,Yes,Yes,Yes,Yes,Yes,Yes,Yes,No,No,0,N/A,No,N/A,Yes,Yes,No,No,No,Yes,Yes,0,846.09,0.0,0.915,Service Center,Valid Claim
CLM00350,VALID_350,CUS00350,PROD00350,Printer,Aster,AST-PRI-0350,SN-2026-000350,2024-02-12,2024-11-12,2024-11-07,12,2025-02-12,Active,92,No,Battery Problem,Manufacturing Defect,Yes,Yes,Yes,Yes,Yes,Yes,Yes,No,No,0,N/A,No,N/A,Yes,Yes,No,No,No,Yes,Yes,1,2346.46,0.0,0.929,Mobile App,Valid Claim
CLM00351,VALID_351,CUS00351,PROD00351,Smartphone,HomePro,HOM-SMA-0351,SN-2026-000351,2024-12-23,2025-03-23,2025-03-09,12,2025-12-23,Active,275,No,Power Failure,Manufacturing Defect,Yes,Yes,Yes,Yes,Yes,Yes,Yes,No,No,0,N/A,No,N/A,Yes,Yes,No,No,No,Yes,Yes,0,2273.67,0.0,0.926,Mobile App,Valid Claim
CLM00352,VALID_352,CUS00352,PROD00352,Laptop,NovaTech,NOV-LAP-0352,SN-2026-000352,2025-01-13,2025-11-13,2025-11-09,12,2026-01-13,Active,61,No,Noise,Electrical Failure,Yes,Yes,Yes,Yes,Yes,Yes,Yes,No,No,0,N/A,No,N/A,Yes,Yes,No,No,No,Yes,Yes,1,1560.16,0.0,0.957,Email,Valid Claim
CLM00353,VALID_353,CUS00353,PROD00353,Refrigerator,NovaTech,NOV-REF-0353,SN-2026-000353,2024-01-02,2024-08-02,2024-07-26,12,2025-01-02,Active,153,No,Mechanical Failure,Electrical Failure,Yes,Yes,Yes,Yes,Yes,Yes,Yes,Yes,Yes,1,Yes,No,N/A,Yes,Yes,No,No,No,Yes,Yes,0,1164.79,197.77,0.981,Web,Valid Claim
CLM00354,VALID_354,CUS00354,PROD00354,Printer,PrimeView,PRI-PRI-0354,SN-2026-000354,2023-04-01,2024-02-01,2024-01-30,12,2024-04-01,Active,60,Yes,Water Leakage,Manufacturing Defect,Yes,Yes,Yes,Yes,Yes,Yes,Yes,No,No,0,N/A,No,N/A,Yes,Yes,No,No,No,Yes,Yes,1,2383.95,0.0,0.92,Web,Valid Claim
CLM00355,VALID_355,CUS00355,PROD00355,Refrigerator,ZenCore,ZEN-REF-0355,SN-2026-000355,2025-04-08,2026-05-08,2026-05-04,24,2027-04-08,Active,335,No,Display Failure,Manufacturing Defect,Yes,Yes,Yes,Yes,Yes,Yes,Yes,No,No,0,N/A,No,N/A,Yes,Yes,No,No,No,Yes,Yes,1,1447.48,0.0,0.933,Service Center,Valid Claim
CLM00356,VALID_356,CUS00356,PROD00356,Refrigerator,Aster,AST-REF-0356,SN-2026-000356,2025-01-28,2025-05-28,2025-05-24,24,2027-01-28,Active,610,No,Water Leakage,Electrical Failure,Yes,Yes,Yes,Yes,Yes,Yes,Yes,No,No,0,N/A,No,N/A,Yes,Yes,No,No,No,Yes,Yes,1,2905.46,0.0,0.905,Mobile App,Valid Claim
CLM00357,VALID_357,CUS00357,PROD00357,Air Conditioner,HomePro,HOM-AIR-0357,SN-2026-000357,2025-12-26,2027-09-26,2027-09-15,36,2028-12-26,Active,457,No,Overheating,Electrical Failure,Yes,Yes,Yes,Yes,Yes,Yes,Yes,No,No,0,N/A,No,N/A,Yes,Yes,No,No,No,Yes,Yes,0,796.0,0.0,0.924,Mobile App,Valid Claim
CLM00358,VALID_358,CUS00358,PROD00358,Camera,Aster,AST-CAM-0358,SN-2026-000358,2023-05-28,2024-11-28,2024-11-24,36,2026-05-28,Active,546,No,Battery Problem,Electrical Failure,Yes,Yes,Yes,Yes,Yes,Yes,Yes,No,No,0,N/A,No,N/A,Yes,Yes,No,No,No,Yes,Yes,0,2938.79,0.0,0.971,Service Center,Valid Claim
CLM00359,VALID_359,CUS00359,PROD00359,Smartphone,Aster,AST-SMA-0359,SN-2026-000359,2024-09-20,2026-07-20,2026-07-15,24,2026-09-20,Active,62,No,Battery Problem,Electrical Failure,Yes,Yes,Yes,Yes,Yes,Yes,Yes,No,No,0,N/A,No,N/A,Yes,Yes,No,No,No,Yes,Yes,1,722.42,0.0,0.959,Email,Valid Claim
CLM00360,VALID_360,CUS00360,PROD00360,Camera,Aster,AST-CAM-0360,SN-2026-000360,2023-04-25,2024-02-25,2024-02-19,24,2025-04-25,Active,425,No,Noise,Electrical Failure,Yes,Yes,Yes,Yes,Yes,Yes,Yes,No,No,0,N/A,No,N/A,Yes,Yes,No,No,No,Yes,Yes,0,2903.09,0.0,0.973,Email,Valid Claim
CLM00361,VALID_361,CUS00361,PROD00361,Television,ZenCore,ZEN-TEL-0361,SN-2026-000361,2025-08-04,2026-08-04,2026-07-26,24,2027-08-04,Active,365,Yes,Power Failure,Electrical Failure,Yes,Yes,Yes,Yes,Yes,Yes,Yes,No,No,0,N/A,No,N/A,Yes,Yes,No,No,No,Yes,Yes,1,2812.83,0.0,0.954,Email,Valid Claim
CLM00362,VALID_362,CUS00362,PROD00362,Smartphone,Aster,AST-SMA-0362,SN-2026-000362,2024-06-06,2025-04-06,2025-04-02,12,2025-06-06,Active,61,No,Connectivity Issue,Electrical Failure,Yes,Yes,Yes,Yes,Yes,Yes,Yes,No,No,0,N/A,No,N/A,Yes,Yes,No,No,No,Yes,Yes,1,1815.93,0.0,0.912,Service Center,Valid Claim
CLM00363,VALID_363,CUS00363,PROD00363,Laptop,Aster,AST-LAP-0363,SN-2026-000363,2024-07-11,2026-01-11,2025-12-30,24,2026-07-11,Active,181,No,Mechanical Failure,Electrical Failure,Yes,Yes,Yes,Yes,Yes,Yes,Yes,No,No,0,N/A,No,N/A,Yes,Yes,No,No,No,Yes,Yes,0,1834.6,0.0,0.952,Service Center,Valid Claim
CLM00364,VALID_364,CUS00364,PROD00364,Television,HomePro,HOM-TEL-0364,SN-2026-000364,2025-06-08,2025-12-08,2025-11-26,12,2026-06-08,Active,182,No,Battery Problem,Manufacturing Defect,Yes,Yes,Yes,Yes,Yes,Yes,Yes,No,No,0,N/A,No,N/A,Yes,Yes,No,No,No,Yes,Yes,0,2097.38,0.0,0.938,Mobile App,Valid Claim
CLM00365,VALID_365,CUS00365,PROD00365,Smartphone,NovaTech,NOV-SMA-0365,SN-2026-000365,2023-04-06,2024-05-06,2024-04-29,36,2026-04-06,Active,700,No,Power Failure,Electrical Failure,Yes,Yes,Yes,Yes,Yes,Yes,Yes,No,No,0,N/A,No,N/A,Yes,Yes,No,No,No,Yes,Yes,1,2019.47,0.0,0.925,Web,Valid Claim
CLM00366,VALID_366,CUS00366,PROD00366,Printer,HomePro,HOM-PRI-0366,SN-2026-000366,2024-08-05,2027-03-05,2027-02-28,36,2027-08-05,Active,153,No,Display Failure,Electrical Failure,Yes,Yes,Yes,Yes,Yes,Yes,Yes,No,No,0,N/A,No,N/A,Yes,Yes,No,No,No,Yes,Yes,0,2962.38,0.0,0.931,Service Center,Valid Claim
CLM00367,VALID_367,CUS00367,PROD00367,Camera,NovaTech,NOV-CAM-0367,SN-2026-000367,2025-04-12,2025-08-12,2025-08-01,12,2026-04-12,Active,243,No,Connectivity Issue,Electrical Failure,Yes,Yes,Yes,Yes,Yes,Yes,Yes,No,No,0,N/A,No,N/A,Yes,Yes,No,No,No,Yes,Yes,1,2528.54,0.0,0.972,Service Center,Valid Claim
CLM00368,VALID_368,CUS00368,PROD00368,Television,NovaTech,NOV-TEL-0368,SN-2026-000368,2024-08-30,2024-10-30,2024-10-22,12,2025-08-30,Active,304,No,Battery Problem,Electrical Failure,Yes,Yes,Yes,Yes,Yes,Yes,Yes,No,No,0,N/A,No,N/A,Yes,Yes,No,No,No,Yes,Yes,1,1353.68,0.0,0.973,Web,Valid Claim
CLM00369,VALID_369,CUS00369,PROD00369,Camera,Aster,AST-CAM-0369,SN-2026-000369,2023-12-23,2024-04-23,2024-04-17,24,2025-12-23,Active,609,No,Noise,Electrical Failure,Yes,Yes,Yes,Yes,Yes,Yes,Yes,No,No,0,N/A,No,N/A,Yes,Yes,No,No,No,Yes,Yes,0,2397.16,0.0,0.914,Service Center,Valid Claim
CLM00370,VALID_370,CUS00370,PROD00370,Smartphone,HomePro,HOM-SMA-0370,SN-2026-000370,2024-10-08,2026-07-08,2026-06-24,24,2026-10-08,Active,92,No,Connectivity Issue,Electrical Failure,Yes,Yes,Yes,Yes,Yes,Yes,Yes,No,No,0,N/A,No,N/A,Yes,Yes,No,No,No,Yes,Yes,0,405.72,0.0,0.955,Web,Valid Claim
CLM00371,VALID_371,CUS00371,PROD00371,Air Conditioner,HomePro,HOM-AIR-0371,SN-2026-000371,2026-02-01,2027-09-01,2027-08-23,24,2028-02-01,Active,153,No,Connectivity Issue,Manufacturing Defect,Yes,Yes,Yes,Yes,Yes,Yes,Yes,No,No,0,N/A,No,N/A,Yes,Yes,No,No,No,Yes,Yes,1,719.92,0.0,0.907,Mobile App,Valid Claim
CLM00372,VALID_372,CUS00372,PROD00372,Air Conditioner,ZenCore,ZEN-AIR-0372,SN-2026-000372,2024-03-10,2024-07-10,2024-06-28,12,2025-03-10,Active,243,Yes,Water Leakage,Electrical Failure,Yes,Yes,Yes,Yes,Yes,Yes,Yes,Yes,Yes,1,Yes,No,N/A,Yes,Yes,No,No,No,Yes,Yes,1,2825.11,893.17,0.94,Web,Valid Claim
CLM00373,VALID_373,CUS00373,PROD00373,Printer,NovaTech,NOV-PRI-0373,SN-2026-000373,2024-05-06,2025-08-06,2025-08-03,24,2026-05-06,Active,273,No,Overheating,Electrical Failure,Yes,Yes,Yes,Yes,Yes,Yes,Yes,No,No,0,N/A,No,N/A,Yes,Yes,No,No,No,Yes,Yes,1,2732.18,0.0,0.963,Service Center,Valid Claim
CLM00374,VALID_374,CUS00374,PROD00374,Washing Machine,PrimeView,PRI-WAS-0374,SN-2026-000374,2023-09-29,2023-12-29,2023-12-27,24,2025-09-29,Active,640,No,Water Leakage,Manufacturing Defect,Yes,Yes,Yes,Yes,Yes,Yes,Yes,No,No,0,N/A,No,N/A,Yes,Yes,No,No,No,Yes,Yes,1,2531.59,0.0,0.913,Service Center,Valid Claim
CLM00375,VALID_375,CUS00375,PROD00375,Air Conditioner,PrimeView,PRI-AIR-0375,SN-2026-000375,2025-09-04,2026-01-04,2025-12-27,12,2026-09-04,Active,243,No,Noise,Electrical Failure,Yes,Yes,Yes,Yes,Yes,Yes,Yes,No,No,0,N/A,No,N/A,Yes,Yes,No,No,No,Yes,Yes,1,2923.55,0.0,0.922,Web,Valid Claim
CLM00376,VALID_376,CUS00376,PROD00376,Camera,NovaTech,NOV-CAM-0376,SN-2026-000376,2025-10-07,2028-08-07,2028-07-27,36,2028-10-07,Active,61,No,Battery Problem,Electrical Failure,Yes,Yes,Yes,Yes,Yes,Yes,Yes,No,No,0,N/A,No,N/A,Yes,Yes,No,No,No,Yes,Yes,0,1183.49,0.0,0.977,Mobile App,Valid Claim
CLM00377,VALID_377,CUS00377,PROD00377,Air Conditioner,ZenCore,ZEN-AIR-0377,SN-2026-000377,2025-03-21,2025-06-21,2025-06-18,12,2026-03-21,Active,273,No,Mechanical Failure,Manufacturing Defect,Yes,Yes,Yes,Yes,Yes,Yes,Yes,Yes,Yes,1,Yes,No,N/A,Yes,Yes,No,No,No,Yes,Yes,1,726.12,278.68,0.951,Service Center,Valid Claim
CLM00378,VALID_378,CUS00378,PROD00378,Washing Machine,ZenCore,ZEN-WAS-0378,SN-2026-000378,2024-07-01,2025-03-01,2025-02-23,12,2025-07-01,Active,122,No,Battery Problem,Electrical Failure,Yes,Yes,Yes,Yes,Yes,Yes,Yes,No,No,0,N/A,No,N/A,Yes,Yes,No,No,No,Yes,Yes,0,946.29,0.0,0.945,Email,Valid Claim
CLM00379,VALID_379,CUS00379,PROD00379,Printer,ZenCore,ZEN-PRI-0379,SN-2026-000379,2026-02-23,2027-04-23,2027-04-20,36,2029-02-23,Active,672,No,Mechanical Failure,Electrical Failure,Yes,Yes,Yes,Yes,Yes,Yes,Yes,No,No,0,N/A,No,N/A,Yes,Yes,No,No,No,Yes,Yes,0,782.3,0.0,0.933,Email,Valid Claim
CLM00380,VALID_380,CUS00380,PROD00380,Refrigerator,HomePro,HOM-REF-0380,SN-2026-000380,2023-06-12,2024-03-12,2024-02-29,12,2024-06-12,Active,92,No,Noise,Manufacturing Defect,Yes,Yes,Yes,Yes,Yes,Yes,Yes,No,No,0,N/A,No,N/A,Yes,Yes,No,No,No,Yes,Yes,0,1520.12,0.0,0.968,Service Center,Valid Claim
CLM00381,VALID_381,CUS00381,PROD00381,Air Conditioner,ZenCore,ZEN-AIR-0381,SN-2026-000381,2024-08-04,2024-12-04,2024-11-25,36,2027-08-04,Active,973,No,Overheating,Manufacturing Defect,Yes,Yes,Yes,Yes,Yes,Yes,Yes,No,No,0,N/A,No,N/A,Yes,Yes,No,No,No,Yes,Yes,0,603.18,0.0,0.915,Email,Valid Claim
CLM00382,VALID_382,CUS00382,PROD00382,Printer,HomePro,HOM-PRI-0382,SN-2026-000382,2025-03-22,2025-08-22,2025-08-09,24,2027-03-22,Active,577,No,Display Failure,Manufacturing Defect,Yes,Yes,Yes,Yes,Yes,Yes,Yes,Yes,Yes,2,Yes,No,N/A,Yes,Yes,No,No,No,Yes,Yes,1,2632.02,102.92,0.95,Service Center,Valid Claim
CLM00383,VALID_383,CUS00383,PROD00383,Smartphone,ZenCore,ZEN-SMA-0383,SN-2026-000383,2025-09-24,2027-11-24,2027-11-21,36,2028-09-24,Active,305,No,Connectivity Issue,Manufacturing Defect,Yes,Yes,Yes,Yes,Yes,Yes,Yes,No,No,0,N/A,No,N/A,Yes,Yes,No,No,No,Yes,Yes,1,480.99,0.0,0.91,Mobile App,Valid Claim
CLM00384,VALID_384,CUS00384,PROD00384,Refrigerator,HomePro,HOM-REF-0384,SN-2026-000384,2024-09-11,2025-04-11,2025-03-30,12,2025-09-11,Active,153,No,Battery Problem,Manufacturing Defect,Yes,Yes,Yes,Yes,Yes,Yes,Yes,No,No,0,N/A,No,N/A,Yes,Yes,No,No,No,Yes,Yes,1,1940.22,0.0,0.948,Web,Valid Claim
CLM00385,VALID_385,CUS00385,PROD00385,Washing Machine,NovaTech,NOV-WAS-0385,SN-2026-000385,2024-01-12,2025-02-12,2025-01-30,24,2026-01-12,Active,334,No,Mechanical Failure,Electrical Failure,Yes,Yes,Yes,Yes,Yes,Yes,Yes,No,No,0,N/A,No,N/A,Yes,Yes,No,No,No,Yes,Yes,1,2099.3,0.0,0.981,Web,Valid Claim
CLM00386,VALID_386,CUS00386,PROD00386,Air Conditioner,NovaTech,NOV-AIR-0386,SN-2026-000386,2024-09-30,2024-11-30,2024-11-27,36,2027-09-30,Active,1034,No,Water Leakage,Electrical Failure,Yes,Yes,Yes,Yes,Yes,Yes,Yes,No,No,0,N/A,No,N/A,Yes,Yes,No,No,No,Yes,Yes,1,300.32,0.0,0.906,Service Center,Valid Claim
CLM00387,VALID_387,CUS00387,PROD00387,Printer,Aster,AST-PRI-0387,SN-2026-000387,2023-06-16,2024-02-16,2024-02-05,24,2025-06-16,Active,486,Yes,Display Failure,Manufacturing Defect,Yes,Yes,Yes,Yes,Yes,Yes,Yes,No,No,0,N/A,No,N/A,Yes,Yes,No,No,No,Yes,Yes,1,215.97,0.0,0.912,Mobile App,Valid Claim
CLM00388,VALID_388,CUS00388,PROD00388,Laptop,HomePro,HOM-LAP-0388,SN-2026-000388,2023-01-30,2024-07-30,2024-07-22,24,2025-01-30,Active,184,No,Battery Problem,Manufacturing Defect,Yes,Yes,Yes,Yes,Yes,Yes,Yes,No,No,0,N/A,No,N/A,Yes,Yes,No,No,No,Yes,Yes,1,735.9,0.0,0.95,Web,Valid Claim
CLM00389,VALID_389,CUS00389,PROD00389,Printer,NovaTech,NOV-PRI-0389,SN-2026-000389,2025-03-26,2027-10-26,2027-10-18,36,2028-03-26,Active,152,No,Power Failure,Manufacturing Defect,Yes,Yes,Yes,Yes,Yes,Yes,Yes,No,No,0,N/A,No,N/A,Yes,Yes,No,No,No,Yes,Yes,1,2838.39,0.0,0.973,Email,Valid Claim
CLM00390,VALID_390,CUS00390,PROD00390,Television,PrimeView,PRI-TEL-0390,SN-2026-000390,2025-05-19,2025-08-19,2025-08-05,12,2026-05-19,Active,273,No,Mechanical Failure,Manufacturing Defect,Yes,Yes,Yes,Yes,Yes,Yes,Yes,No,No,0,N/A,No,N/A,Yes,Yes,No,No,No,Yes,Yes,0,948.41,0.0,0.93,Service Center,Valid Claim
CLM00391,VALID_391,CUS00391,PROD00391,Refrigerator,PrimeView,PRI-REF-0391,SN-2026-000391,2025-08-30,2025-11-30,2025-11-24,12,2026-08-30,Active,273,No,Overheating,Electrical Failure,Yes,Yes,Yes,Yes,Yes,Yes,Yes,No,No,0,N/A,No,N/A,Yes,Yes,No,No,No,Yes,Yes,1,1693.93,0.0,0.93,Mobile App,Valid Claim
CLM00392,VALID_392,CUS00392,PROD00392,Camera,ZenCore,ZEN-CAM-0392,SN-2026-000392,2023-08-17,2024-06-17,2024-06-11,24,2025-08-17,Active,426,No,Power Failure,Manufacturing Defect,Yes,Yes,Yes,Yes,Yes,Yes,Yes,No,No,0,N/A,No,N/A,Yes,Yes,No,No,No,Yes,Yes,0,105.42,0.0,0.94,Web,Valid Claim
CLM00393,VALID_393,CUS00393,PROD00393,Smartphone,Aster,AST-SMA-0393,SN-2026-000393,2023-07-07,2025-02-07,2025-01-29,24,2025-07-07,Active,150,No,Display Failure,Manufacturing Defect,Yes,Yes,Yes,Yes,Yes,Yes,Yes,No,No,0,N/A,No,N/A,Yes,Yes,No,No,No,Yes,Yes,1,1263.75,0.0,0.956,Web,Valid Claim
CLM00394,VALID_394,CUS00394,PROD00394,Printer,ZenCore,ZEN-PRI-0394,SN-2026-000394,2025-09-25,2026-02-25,2026-02-24,12,2026-09-25,Active,212,No,Display Failure,Manufacturing Defect,Yes,Yes,Yes,Yes,Yes,Yes,Yes,No,No,0,N/A,No,N/A,Yes,Yes,No,No,No,Yes,Yes,0,1256.25,0.0,0.913,Web,Valid Claim
CLM00395,VALID_395,CUS00395,PROD00395,Laptop,PrimeView,PRI-LAP-0395,SN-2026-000395,2025-08-27,2026-05-27,2026-05-16,12,2026-08-27,Active,92,No,Power Failure,Electrical Failure,Yes,Yes,Yes,Yes,Yes,Yes,Yes,No,No,0,N/A,No,N/A,Yes,Yes,No,No,No,Yes,Yes,1,1184.93,0.0,0.938,Mobile App,Valid Claim
CLM00396,VALID_396,CUS00396,PROD00396,Television,PrimeView,PRI-TEL-0396,SN-2026-000396,2025-07-30,2026-04-30,2026-04-23,12,2026-07-30,Active,91,No,Power Failure,Electrical Failure,Yes,Yes,Yes,Yes,Yes,Yes,Yes,No,No,0,N/A,No,N/A,Yes,Yes,No,No,No,Yes,Yes,1,2243.39,0.0,0.989,Mobile App,Valid Claim
CLM00397,VALID_397,CUS00397,PROD00397,Smartphone,HomePro,HOM-SMA-0397,SN-2026-000397,2025-04-24,2026-11-24,2026-11-19,24,2027-04-24,Active,151,No,Display Failure,Manufacturing Defect,Yes,Yes,Yes,Yes,Yes,Yes,Yes,No,No,0,N/A,No,N/A,Yes,Yes,No,No,No,Yes,Yes,0,1201.71,0.0,0.949,Email,Valid Claim
CLM00398,VALID_398,CUS00398,PROD00398,Camera,Aster,AST-CAM-0398,SN-2026-000398,2023-02-26,2023-11-26,2023-11-13,12,2024-02-26,Active,92,No,Connectivity Issue,Electrical Failure,Yes,Yes,Yes,Yes,Yes,Yes,Yes,Yes,Yes,1,Yes,No,N/A,Yes,Yes,No,No,No,Yes,Yes,0,2740.21,825.75,0.902,Web,Valid Claim
CLM00399,VALID_399,CUS00399,PROD00399,Air Conditioner,Aster,AST-AIR-0399,SN-2026-000399,2025-08-08,2027-03-08,2027-02-23,24,2027-08-08,Active,153,No,Water Leakage,Manufacturing Defect,Yes,Yes,Yes,Yes,Yes,Yes,Yes,No,No,0,N/A,No,N/A,Yes,Yes,No,No,No,Yes,Yes,1,1399.08,0.0,0.913,Mobile App,Valid Claim
CLM00400,VALID_400,CUS00400,PROD00400,Television,PrimeView,PRI-TEL-0400,SN-2026-000400,2024-07-13,2025-03-13,2025-03-07,12,2025-07-13,Active,122,Yes,Battery Problem,Electrical Failure,Yes,Yes,Yes,Yes,Yes,Yes,Yes,Yes,Yes,2,Yes,No,N/A,Yes,Yes,No,No,No,Yes,Yes,0,2550.67,510.16,0.935,Email,Valid Claim
CLM00401,VALID_401,CUS00401,PROD00401,Refrigerator,ZenCore,ZEN-REF-0401,SN-2026-000401,2025-11-18,2027-04-18,2027-04-12,24,2027-11-18,Active,214,No,Connectivity Issue,Manufacturing Defect,Yes,Yes,Yes,Yes,Yes,Yes,Yes,No,No,0,N/A,No,N/A,Yes,Yes,No,No,No,Yes,Yes,0,1824.79,0.0,0.977,Web,Valid Claim
CLM00402,VALID_402,CUS00402,PROD00402,Smartphone,PrimeView,PRI-SMA-0402,SN-2026-000402,2025-07-13,2025-12-13,2025-12-01,24,2027-07-13,Active,577,Yes,Connectivity Issue,Electrical Failure,Yes,Yes,Yes,Yes,Yes,Yes,Yes,Yes,Yes,2,Yes,No,N/A,Yes,Yes,No,No,No,Yes,Yes,0,572.87,671.72,0.974,Service Center,Valid Claim
CLM00403,VALID_403,CUS00403,PROD00403,Air Conditioner,Aster,AST-AIR-0403,SN-2026-000403,2025-06-19,2026-01-19,2026-01-08,36,2028-06-19,Active,882,No,Overheating,Electrical Failure,Yes,Yes,Yes,Yes,Yes,Yes,Yes,No,No,0,N/A,No,N/A,Yes,Yes,No,No,No,Yes,Yes,0,1051.35,0.0,0.976,Web,Valid Claim
CLM00404,VALID_404,CUS00404,PROD00404,Printer,Aster,AST-PRI-0404,SN-2026-000404,2024-12-18,2026-11-18,2026-11-16,36,2027-12-18,Active,395,Yes,Connectivity Issue,Electrical Failure,Yes,Yes,Yes,Yes,Yes,Yes,Yes,No,No,0,N/A,No,N/A,Yes,Yes,No,No,No,Yes,Yes,0,2704.41,0.0,0.935,Web,Valid Claim
CLM00405,VALID_405,CUS00405,PROD00405,Television,NovaTech,NOV-TEL-0405,SN-2026-000405,2025-03-03,2026-01-03,2025-12-22,24,2027-03-03,Active,424,No,Power Failure,Electrical Failure,Yes,Yes,Yes,Yes,Yes,Yes,Yes,No,No,0,N/A,No,N/A,Yes,Yes,No,No,No,Yes,Yes,0,734.93,0.0,0.989,Web,Valid Claim
CLM00406,VALID_406,CUS00406,PROD00406,Smartphone,PrimeView,PRI-SMA-0406,SN-2026-000406,2023-10-23,2024-09-23,2024-09-14,36,2026-10-23,Active,760,No,Water Leakage,Electrical Failure,Yes,Yes,Yes,Yes,Yes,Yes,Yes,No,No,0,N/A,No,N/A,Yes,Yes,No,No,No,Yes,Yes,0,2439.06,0.0,0.968,Email,Valid Claim
CLM00407,VALID_407,CUS00407,PROD00407,Television,Aster,AST-TEL-0407,SN-2026-000407,2023-05-07,2024-02-07,2024-01-30,12,2024-05-07,Active,90,No,Water Leakage,Manufacturing Defect,Yes,Yes,Yes,Yes,Yes,Yes,Yes,No,No,0,N/A,No,N/A,Yes,Yes,No,No,No,Yes,Yes,0,829.87,0.0,0.962,Web,Valid Claim
CLM00408,VALID_408,CUS00408,PROD00408,Printer,PrimeView,PRI-PRI-0408,SN-2026-000408,2024-12-22,2025-10-22,2025-10-17,24,2026-12-22,Active,426,No,Battery Problem,Manufacturing Defect,Yes,Yes,Yes,Yes,Yes,Yes,Yes,No,No,0,N/A,No,N/A,Yes,Yes,No,No,No,Yes,Yes,0,208.27,0.0,0.961,Service Center,Valid Claim
CLM00409,VALID_409,CUS00409,PROD00409,Television,ZenCore,ZEN-TEL-0409,SN-2026-000409,2024-09-10,2025-02-10,2025-02-06,12,2025-09-10,Active,212,No,Power Failure,Manufacturing Defect,Yes,Yes,Yes,Yes,Yes,Yes,Yes,Yes,Yes,2,Yes,No,N/A,Yes,Yes,No,No,No,Yes,Yes,0,2485.9,905.34,0.964,Email,Valid Claim
CLM00410,VALID_410,CUS00410,PROD00410,Washing Machine,Aster,AST-WAS-0410,SN-2026-000410,2023-02-14,2024-01-14,2024-01-12,24,2025-02-14,Active,397,No,Battery Problem,Manufacturing Defect,Yes,Yes,Yes,Yes,Yes,Yes,Yes,No,No,0,N/A,No,N/A,Yes,Yes,No,No,No,Yes,Yes,0,1322.39,0.0,0.979,Service Center,Valid Claim
CLM00411,VALID_411,CUS00411,PROD00411,Smartphone,Aster,AST-SMA-0411,SN-2026-000411,2024-10-29,2025-01-29,2025-01-16,36,2027-10-29,Active,1003,No,Mechanical Failure,Manufacturing Defect,Yes,Yes,Yes,Yes,Yes,Yes,Yes,Yes,Yes,2,Yes,No,N/A,Yes,Yes,No,No,No,Yes,Yes,0,2347.0,843.87,0.932,Email,Valid Claim
CLM00412,VALID_412,CUS00412,PROD00412,Printer,Aster,AST-PRI-0412,SN-2026-000412,2025-11-20,2026-03-20,2026-03-18,12,2026-11-20,Active,245,No,Battery Problem,Manufacturing Defect,Yes,Yes,Yes,Yes,Yes,Yes,Yes,No,No,0,N/A,No,N/A,Yes,Yes,No,No,No,Yes,Yes,0,818.8,0.0,0.964,Web,Valid Claim
CLM00413,VALID_413,CUS00413,PROD00413,Television,PrimeView,PRI-TEL-0413,SN-2026-000413,2023-02-19,2023-05-19,2023-05-13,24,2025-02-19,Active,642,No,Noise,Manufacturing Defect,Yes,Yes,Yes,Yes,Yes,Yes,Yes,No,No,0,N/A,No,N/A,Yes,Yes,No,No,No,Yes,Yes,1,2260.73,0.0,0.982,Service Center,Valid Claim
CLM00414,VALID_414,CUS00414,PROD00414,Printer,Aster,AST-PRI-0414,SN-2026-000414,2023-12-04,2025-02-04,2025-01-30,24,2025-12-04,Active,303,No,Overheating,Manufacturing Defect,Yes,Yes,Yes,Yes,Yes,Yes,Yes,No,No,0,N/A,No,N/A,Yes,Yes,No,No,No,Yes,Yes,1,775.17,0.0,0.912,Service Center,Valid Claim
CLM00415,VALID_415,CUS00415,PROD00415,Smartphone,ZenCore,ZEN-SMA-0415,SN-2026-000415,2025-11-19,2026-04-19,2026-04-15,12,2026-11-19,Active,214,No,Connectivity Issue,Electrical Failure,Yes,Yes,Yes,Yes,Yes,Yes,Yes,Yes,Yes,2,Yes,No,N/A,Yes,Yes,No,No,No,Yes,Yes,1,1202.1,853.6,0.96,Service Center,Valid Claim
CLM00416,VALID_416,CUS00416,PROD00416,Laptop,ZenCore,ZEN-LAP-0416,SN-2026-000416,2024-02-19,2026-07-19,2026-07-07,36,2027-02-19,Active,215,No,Water Leakage,Electrical Failure,Yes,Yes,Yes,Yes,Yes,Yes,Yes,No,No,0,N/A,No,N/A,Yes,Yes,No,No,No,Yes,Yes,1,528.55,0.0,0.951,Mobile App,Valid Claim
CLM00417,VALID_417,CUS00417,PROD00417,Camera,NovaTech,NOV-CAM-0417,SN-2026-000417,2024-11-24,2025-02-24,2025-02-14,36,2027-11-24,Active,1003,No,Water Leakage,Manufacturing Defect,Yes,Yes,Yes,Yes,Yes,Yes,Yes,No,No,0,N/A,No,N/A,Yes,Yes,No,No,No,Yes,Yes,0,1475.34,0.0,0.934,Web,Valid Claim
CLM00418,VALID_418,CUS00418,PROD00418,Air Conditioner,ZenCore,ZEN-AIR-0418,SN-2026-000418,2023-09-24,2024-11-24,2024-11-16,24,2025-09-24,Active,304,No,Overheating,Manufacturing Defect,Yes,Yes,Yes,Yes,Yes,Yes,Yes,No,No,0,N/A,No,N/A,Yes,Yes,No,No,No,Yes,Yes,0,2673.49,0.0,0.962,Web,Valid Claim
CLM00419,VALID_419,CUS00419,PROD00419,Television,Aster,AST-TEL-0419,SN-2026-000419,2023-12-10,2024-09-10,2024-09-02,36,2026-12-10,Active,821,No,Overheating,Electrical Failure,Yes,Yes,Yes,Yes,Yes,Yes,Yes,No,No,0,N/A,No,N/A,Yes,Yes,No,No,No,Yes,Yes,1,2982.34,0.0,0.96,Web,Valid Claim
CLM00420,VALID_420,CUS00420,PROD00420,Television,PrimeView,PRI-TEL-0420,SN-2026-000420,2025-11-16,2026-07-16,2026-07-04,24,2027-11-16,Active,488,No,Battery Problem,Electrical Failure,Yes,Yes,Yes,Yes,Yes,Yes,Yes,Yes,Yes,1,Yes,No,N/A,Yes,Yes,No,No,No,Yes,Yes,1,1994.07,919.15,0.99,Service Center,Valid Claim
CLM00421,VALID_421,CUS00421,PROD00421,Refrigerator,ZenCore,ZEN-REF-0421,SN-2026-000421,2024-10-28,2024-12-28,2024-12-27,24,2026-10-28,Active,669,No,Display Failure,Electrical Failure,Yes,Yes,Yes,Yes,Yes,Yes,Yes,Yes,Yes,1,Yes,No,N/A,Yes,Yes,No,No,No,Yes,Yes,0,879.13,684.55,0.928,Service Center,Valid Claim
CLM00422,VALID_422,CUS00422,PROD00422,Camera,HomePro,HOM-CAM-0422,SN-2026-000422,2024-04-25,2024-10-25,2024-10-21,12,2025-04-25,Active,182,No,Overheating,Electrical Failure,Yes,Yes,Yes,Yes,Yes,Yes,Yes,Yes,Yes,1,Yes,No,N/A,Yes,Yes,No,No,No,Yes,Yes,1,1127.09,432.95,0.971,Service Center,Valid Claim
CLM00423,VALID_423,CUS00423,PROD00423,Refrigerator,HomePro,HOM-REF-0423,SN-2026-000423,2023-12-07,2025-02-07,2025-01-28,36,2026-12-07,Active,668,No,Noise,Electrical Failure,Yes,Yes,Yes,Yes,Yes,Yes,Yes,No,No,0,N/A,No,N/A,Yes,Yes,No,No,No,Yes,Yes,1,2699.62,0.0,0.945,Web,Valid Claim
CLM00424,VALID_424,CUS00424,PROD00424,Washing Machine,Aster,AST-WAS-0424,SN-2026-000424,2025-03-26,2025-05-26,2025-05-24,12,2026-03-26,Active,304,No,Water Leakage,Electrical Failure,Yes,Yes,Yes,Yes,Yes,Yes,Yes,No,No,0,N/A,No,N/A,Yes,Yes,No,No,No,Yes,Yes,1,2752.64,0.0,0.914,Mobile App,Valid Claim
CLM00425,VALID_425,CUS00425,PROD00425,Camera,NovaTech,NOV-CAM-0425,SN-2026-000425,2024-07-29,2026-07-29,2026-07-17,36,2027-07-29,Active,365,No,Overheating,Manufacturing Defect,Yes,Yes,Yes,Yes,Yes,Yes,Yes,No,No,0,N/A,No,N/A,Yes,Yes,No,No,No,Yes,Yes,1,698.7,0.0,0.97,Mobile App,Valid Claim
CLM00426,VALID_426,CUS00426,PROD00426,Camera,HomePro,HOM-CAM-0426,SN-2026-000426,2025-12-03,2026-04-03,2026-03-30,12,2026-12-03,Active,244,No,Connectivity Issue,Manufacturing Defect,Yes,Yes,Yes,Yes,Yes,Yes,Yes,No,No,0,N/A,No,N/A,Yes,Yes,No,No,No,Yes,Yes,1,1660.78,0.0,0.975,Service Center,Valid Claim
CLM00427,VALID_427,CUS00427,PROD00427,Washing Machine,ZenCore,ZEN-WAS-0427,SN-2026-000427,2025-01-30,2025-03-30,2025-03-25,36,2028-01-30,Active,1036,No,Battery Problem,Manufacturing Defect,Yes,Yes,Yes,Yes,Yes,Yes,Yes,No,No,0,N/A,No,N/A,Yes,Yes,No,No,No,Yes,Yes,0,1959.05,0.0,0.957,Service Center,Valid Claim
CLM00428,VALID_428,CUS00428,PROD00428,Laptop,Aster,AST-LAP-0428,SN-2026-000428,2024-01-03,2024-04-03,2024-03-22,24,2026-01-03,Active,640,No,Water Leakage,Manufacturing Defect,Yes,Yes,Yes,Yes,Yes,Yes,Yes,No,No,0,N/A,No,N/A,Yes,Yes,No,No,No,Yes,Yes,1,332.3,0.0,0.915,Web,Valid Claim
CLM00429,VALID_429,CUS00429,PROD00429,Washing Machine,HomePro,HOM-WAS-0429,SN-2026-000429,2026-01-01,2026-05-01,2026-04-22,12,2027-01-01,Active,245,No,Connectivity Issue,Manufacturing Defect,Yes,Yes,Yes,Yes,Yes,Yes,Yes,No,No,0,N/A,No,N/A,Yes,Yes,No,No,No,Yes,Yes,1,2232.48,0.0,0.925,Mobile App,Valid Claim
CLM00430,VALID_430,CUS00430,PROD00430,Television,Aster,AST-TEL-0430,SN-2026-000430,2023-05-23,2023-08-23,2023-08-14,24,2025-05-23,Active,639,Yes,Display Failure,Manufacturing Defect,Yes,Yes,Yes,Yes,Yes,Yes,Yes,No,No,0,N/A,No,N/A,Yes,Yes,No,No,No,Yes,Yes,0,1263.48,0.0,0.913,Service Center,Valid Claim
CLM00431,VALID_431,CUS00431,PROD00431,Washing Machine,NovaTech,NOV-WAS-0431,SN-2026-000431,2023-07-02,2023-09-02,2023-08-25,12,2024-07-02,Active,304,No,Power Failure,Manufacturing Defect,Yes,Yes,Yes,Yes,Yes,Yes,Yes,No,No,0,N/A,No,N/A,Yes,Yes,No,No,No,Yes,Yes,0,2969.43,0.0,0.905,Mobile App,Valid Claim
CLM00432,VALID_432,CUS00432,PROD00432,Laptop,Aster,AST-LAP-0432,SN-2026-000432,2024-11-28,2026-10-28,2026-10-26,36,2027-11-28,Active,396,No,Power Failure,Electrical Failure,Yes,Yes,Yes,Yes,Yes,Yes,Yes,No,No,0,N/A,No,N/A,Yes,Yes,No,No,No,Yes,Yes,1,77.36,0.0,0.929,Service Center,Valid Claim
CLM00433,VALID_433,CUS00433,PROD00433,Camera,PrimeView,PRI-CAM-0433,SN-2026-000433,2025-09-20,2026-05-20,2026-05-19,12,2026-09-20,Active,123,No,Noise,Electrical Failure,Yes,Yes,Yes,Yes,Yes,Yes,Yes,No,No,0,N/A,No,N/A,Yes,Yes,No,No,No,Yes,Yes,0,1211.31,0.0,0.923,Service Center,Valid Claim
CLM00434,VALID_434,CUS00434,PROD00434,Smartphone,PrimeView,PRI-SMA-0434,SN-2026-000434,2023-03-24,2023-11-24,2023-11-12,12,2024-03-24,Active,121,No,Noise,Manufacturing Defect,Yes,Yes,Yes,Yes,Yes,Yes,Yes,No,No,0,N/A,No,N/A,Yes,Yes,No,No,No,Yes,Yes,1,1476.02,0.0,0.91,Mobile App,Valid Claim
CLM00435,VALID_435,CUS00435,PROD00435,Camera,PrimeView,PRI-CAM-0435,SN-2026-000435,2024-10-14,2025-12-14,2025-12-08,36,2027-10-14,Active,669,No,Water Leakage,Manufacturing Defect,Yes,Yes,Yes,Yes,Yes,Yes,Yes,No,No,0,N/A,No,N/A,Yes,Yes,No,No,No,Yes,Yes,0,606.86,0.0,0.921,Service Center,Valid Claim
CLM00436,VALID_436,CUS00436,PROD00436,Washing Machine,Aster,AST-WAS-0436,SN-2026-000436,2024-01-28,2024-06-28,2024-06-27,36,2027-01-28,Active,944,No,Mechanical Failure,Manufacturing Defect,Yes,Yes,Yes,Yes,Yes,Yes,Yes,No,No,0,N/A,No,N/A,Yes,Yes,No,No,No,Yes,Yes,1,1785.31,0.0,0.917,Mobile App,Valid Claim
CLM00437,VALID_437,CUS00437,PROD00437,Washing Machine,ZenCore,ZEN-WAS-0437,SN-2026-000437,2026-02-03,2027-10-03,2027-09-23,36,2029-02-03,Active,489,No,Power Failure,Electrical Failure,Yes,Yes,Yes,Yes,Yes,Yes,Yes,Yes,Yes,1,Yes,No,N/A,Yes,Yes,No,No,No,Yes,Yes,1,256.61,747.04,0.98,Web,Valid Claim
CLM00438,VALID_438,CUS00438,PROD00438,Air Conditioner,ZenCore,ZEN-AIR-0438,SN-2026-000438,2024-07-13,2026-05-13,2026-04-30,24,2026-07-13,Active,61,No,Power Failure,Electrical Failure,Yes,Yes,Yes,Yes,Yes,Yes,Yes,No,No,0,N/A,No,N/A,Yes,Yes,No,No,No,Yes,Yes,1,1500.98,0.0,0.913,Service Center,Valid Claim
CLM00439,VALID_439,CUS00439,PROD00439,Printer,PrimeView,PRI-PRI-0439,SN-2026-000439,2025-03-03,2026-10-03,2026-09-28,36,2028-03-03,Active,517,No,Power Failure,Manufacturing Defect,Yes,Yes,Yes,Yes,Yes,Yes,Yes,No,No,0,N/A,No,N/A,Yes,Yes,No,No,No,Yes,Yes,1,1038.19,0.0,0.97,Email,Valid Claim
CLM00440,VALID_440,CUS00440,PROD00440,Television,NovaTech,NOV-TEL-0440,SN-2026-000440,2025-05-14,2025-08-14,2025-08-03,24,2027-05-14,Active,638,No,Water Leakage,Manufacturing Defect,Yes,Yes,Yes,Yes,Yes,Yes,Yes,No,No,0,N/A,No,N/A,Yes,Yes,No,No,No,Yes,Yes,1,1465.9,0.0,0.981,Email,Valid Claim
CLM00441,VALID_441,CUS00441,PROD00441,Laptop,HomePro,HOM-LAP-0441,SN-2026-000441,2025-11-27,2026-05-27,2026-05-26,12,2026-11-27,Active,184,No,Mechanical Failure,Manufacturing Defect,Yes,Yes,Yes,Yes,Yes,Yes,Yes,No,No,0,N/A,No,N/A,Yes,Yes,No,No,No,Yes,Yes,1,2192.51,0.0,0.917,Email,Valid Claim
CLM00442,VALID_442,CUS00442,PROD00442,Laptop,NovaTech,NOV-LAP-0442,SN-2026-000442,2025-04-05,2026-04-05,2026-03-26,24,2027-04-05,Active,365,No,Power Failure,Electrical Failure,Yes,Yes,Yes,Yes,Yes,Yes,Yes,No,No,0,N/A,No,N/A,Yes,Yes,No,No,No,Yes,Yes,1,1335.15,0.0,0.979,Web,Valid Claim
CLM00443,VALID_443,CUS00443,PROD00443,Television,ZenCore,ZEN-TEL-0443,SN-2026-000443,2024-05-06,2026-02-06,2026-01-27,36,2027-05-06,Active,454,No,Water Leakage,Electrical Failure,Yes,Yes,Yes,Yes,Yes,Yes,Yes,No,No,0,N/A,No,N/A,Yes,Yes,No,No,No,Yes,Yes,0,2438.5,0.0,0.957,Service Center,Valid Claim
CLM00444,VALID_444,CUS00444,PROD00444,Printer,Aster,AST-PRI-0444,SN-2026-000444,2024-06-06,2025-08-06,2025-07-24,24,2026-06-06,Active,304,No,Power Failure,Manufacturing Defect,Yes,Yes,Yes,Yes,Yes,Yes,Yes,No,No,0,N/A,No,N/A,Yes,Yes,No,No,No,Yes,Yes,1,961.14,0.0,0.922,Mobile App,Valid Claim
CLM00445,VALID_445,CUS00445,PROD00445,Television,PrimeView,PRI-TEL-0445,SN-2026-000445,2023-09-14,2024-06-14,2024-06-13,12,2024-09-14,Active,92,Yes,Display Failure,Electrical Failure,Yes,Yes,Yes,Yes,Yes,Yes,Yes,No,No,0,N/A,No,N/A,Yes,Yes,No,No,No,Yes,Yes,1,2140.05,0.0,0.911,Email,Valid Claim
CLM00446,VALID_446,CUS00446,PROD00446,Smartphone,HomePro,HOM-SMA-0446,SN-2026-000446,2024-06-28,2026-11-28,2026-11-14,36,2027-06-28,Active,212,No,Noise,Manufacturing Defect,Yes,Yes,Yes,Yes,Yes,Yes,Yes,No,No,0,N/A,No,N/A,Yes,Yes,No,No,No,Yes,Yes,1,1165.9,0.0,0.901,Service Center,Valid Claim
CLM00447,VALID_447,CUS00447,PROD00447,Television,HomePro,HOM-TEL-0447,SN-2026-000447,2025-07-24,2026-01-24,2026-01-11,24,2027-07-24,Active,546,No,Power Failure,Manufacturing Defect,Yes,Yes,Yes,Yes,Yes,Yes,Yes,No,No,0,N/A,No,N/A,Yes,Yes,No,No,No,Yes,Yes,0,637.64,0.0,0.955,Service Center,Valid Claim
CLM00448,VALID_448,CUS00448,PROD00448,Washing Machine,Aster,AST-WAS-0448,SN-2026-000448,2025-03-01,2025-10-01,2025-09-26,24,2027-03-01,Active,516,No,Battery Problem,Manufacturing Defect,Yes,Yes,Yes,Yes,Yes,Yes,Yes,No,No,0,N/A,No,N/A,Yes,Yes,No,No,No,Yes,Yes,1,2057.8,0.0,0.911,Email,Valid Claim
CLM00449,VALID_449,CUS00449,PROD00449,Smartphone,PrimeView,PRI-SMA-0449,SN-2026-000449,2026-02-12,2026-08-12,2026-08-01,12,2027-02-12,Active,184,No,Overheating,Electrical Failure,Yes,Yes,Yes,Yes,Yes,Yes,Yes,No,No,0,N/A,No,N/A,Yes,Yes,No,No,No,Yes,Yes,1,1648.14,0.0,0.946,Service Center,Valid Claim
CLM00450,VALID_450,CUS00450,PROD00450,Laptop,HomePro,HOM-LAP-0450,SN-2026-000450,2024-02-06,2024-04-06,2024-03-25,24,2026-02-06,Active,671,No,Battery Problem,Electrical Failure,Yes,Yes,Yes,Yes,Yes,Yes,Yes,Yes,Yes,1,Yes,No,N/A,Yes,Yes,No,No,No,Yes,Yes,1,293.51,577.35,0.924,Mobile App,Valid Claim
CLM00451,VALID_451,CUS00451,PROD00451,Printer,PrimeView,PRI-PRI-0451,SN-2026-000451,2025-01-14,2026-07-14,2026-07-10,36,2028-01-14,Active,549,No,Noise,Electrical Failure,Yes,Yes,Yes,Yes,Yes,Yes,Yes,No,No,0,N/A,No,N/A,Yes,Yes,No,No,No,Yes,Yes,1,2386.41,0.0,0.942,Mobile App,Valid Claim
CLM00452,VALID_452,CUS00452,PROD00452,Camera,HomePro,HOM-CAM-0452,SN-2026-000452,2025-08-04,2026-04-04,2026-04-03,24,2027-08-04,Active,487,No,Noise,Manufacturing Defect,Yes,Yes,Yes,Yes,Yes,Yes,Yes,No,No,0,N/A,No,N/A,Yes,Yes,No,No,No,Yes,Yes,1,887.13,0.0,0.92,Service Center,Valid Claim
CLM00453,VALID_453,CUS00453,PROD00453,Refrigerator,ZenCore,ZEN-REF-0453,SN-2026-000453,2024-03-17,2024-10-17,2024-10-13,12,2025-03-17,Active,151,No,Mechanical Failure,Electrical Failure,Yes,Yes,Yes,Yes,Yes,Yes,Yes,No,No,0,N/A,No,N/A,Yes,Yes,No,No,No,Yes,Yes,0,2559.36,0.0,0.949,Web,Valid Claim
CLM00454,VALID_454,CUS00454,PROD00454,Camera,Aster,AST-CAM-0454,SN-2026-000454,2025-01-20,2026-03-20,2026-03-09,24,2027-01-20,Active,306,No,Mechanical Failure,Manufacturing Defect,Yes,Yes,Yes,Yes,Yes,Yes,Yes,No,No,0,N/A,No,N/A,Yes,Yes,No,No,No,Yes,Yes,1,129.07,0.0,0.952,Mobile App,Valid Claim
CLM00455,VALID_455,CUS00455,PROD00455,Printer,HomePro,HOM-PRI-0455,SN-2026-000455,2025-04-12,2025-11-12,2025-11-11,24,2027-04-12,Active,516,No,Overheating,Manufacturing Defect,Yes,Yes,Yes,Yes,Yes,Yes,Yes,No,No,0,N/A,No,N/A,Yes,Yes,No,No,No,Yes,Yes,1,1469.05,0.0,0.939,Web,Valid Claim
CLM00456,VALID_456,CUS00456,PROD00456,Air Conditioner,Aster,AST-AIR-0456,SN-2026-000456,2024-08-01,2025-05-01,2025-04-19,24,2026-08-01,Active,457,No,Water Leakage,Electrical Failure,Yes,Yes,Yes,Yes,Yes,Yes,Yes,Yes,Yes,2,Yes,No,N/A,Yes,Yes,No,No,No,Yes,Yes,1,422.9,610.48,0.919,Mobile App,Valid Claim
CLM00457,VALID_457,CUS00457,PROD00457,Television,ZenCore,ZEN-TEL-0457,SN-2026-000457,2024-03-24,2024-10-24,2024-10-19,12,2025-03-24,Active,151,No,Noise,Manufacturing Defect,Yes,Yes,Yes,Yes,Yes,Yes,Yes,No,No,0,N/A,No,N/A,Yes,Yes,No,No,No,Yes,Yes,0,2505.75,0.0,0.932,Email,Valid Claim
CLM00458,VALID_458,CUS00458,PROD00458,Printer,ZenCore,ZEN-PRI-0458,SN-2026-000458,2025-06-04,2026-12-04,2026-11-28,36,2028-06-04,Active,548,No,Noise,Manufacturing Defect,Yes,Yes,Yes,Yes,Yes,Yes,Yes,Yes,Yes,1,Yes,No,N/A,Yes,Yes,No,No,No,Yes,Yes,0,1782.29,431.62,0.929,Service Center,Valid Claim
CLM00459,VALID_459,CUS00459,PROD00459,Air Conditioner,HomePro,HOM-AIR-0459,SN-2026-000459,2023-04-14,2023-11-14,2023-11-11,12,2024-04-14,Active,152,No,Water Leakage,Electrical Failure,Yes,Yes,Yes,Yes,Yes,Yes,Yes,No,No,0,N/A,No,N/A,Yes,Yes,No,No,No,Yes,Yes,0,195.92,0.0,0.902,Web,Valid Claim
CLM00460,VALID_460,CUS00460,PROD00460,Laptop,ZenCore,ZEN-LAP-0460,SN-2026-000460,2023-03-25,2023-05-25,2023-05-23,12,2024-03-25,Active,305,No,Water Leakage,Electrical Failure,Yes,Yes,Yes,Yes,Yes,Yes,Yes,No,No,0,N/A,No,N/A,Yes,Yes,No,No,No,Yes,Yes,0,1978.08,0.0,0.944,Service Center,Valid Claim
CLM00461,VALID_461,CUS00461,PROD00461,Refrigerator,Aster,AST-REF-0461,SN-2026-000461,2024-02-15,2024-10-15,2024-10-14,24,2026-02-15,Active,488,Yes,Overheating,Manufacturing Defect,Yes,Yes,Yes,Yes,Yes,Yes,Yes,No,No,0,N/A,No,N/A,Yes,Yes,No,No,No,Yes,Yes,0,2846.19,0.0,0.943,Mobile App,Valid Claim
CLM00462,VALID_462,CUS00462,PROD00462,Television,ZenCore,ZEN-TEL-0462,SN-2026-000462,2023-10-06,2024-02-06,2024-02-03,24,2025-10-06,Active,608,No,Power Failure,Electrical Failure,Yes,Yes,Yes,Yes,Yes,Yes,Yes,No,No,0,N/A,No,N/A,Yes,Yes,No,No,No,Yes,Yes,1,2638.0,0.0,0.902,Email,Valid Claim
CLM00463,VALID_463,CUS00463,PROD00463,Television,Aster,AST-TEL-0463,SN-2026-000463,2024-02-11,2024-08-11,2024-07-29,24,2026-02-11,Active,549,No,Overheating,Manufacturing Defect,Yes,Yes,Yes,Yes,Yes,Yes,Yes,No,No,0,N/A,No,N/A,Yes,Yes,No,No,No,Yes,Yes,0,762.43,0.0,0.934,Mobile App,Valid Claim
CLM00464,VALID_464,CUS00464,PROD00464,Laptop,PrimeView,PRI-LAP-0464,SN-2026-000464,2023-10-21,2025-10-21,2025-10-12,36,2026-10-21,Active,365,Yes,Connectivity Issue,Manufacturing Defect,Yes,Yes,Yes,Yes,Yes,Yes,Yes,No,No,0,N/A,No,N/A,Yes,Yes,No,No,No,Yes,Yes,1,1214.49,0.0,0.906,Mobile App,Valid Claim
CLM00465,VALID_465,CUS00465,PROD00465,Smartphone,NovaTech,NOV-SMA-0465,SN-2026-000465,2026-02-01,2026-04-01,2026-03-29,12,2027-02-01,Active,306,Yes,Overheating,Manufacturing Defect,Yes,Yes,Yes,Yes,Yes,Yes,Yes,Yes,Yes,1,Yes,No,N/A,Yes,Yes,No,No,No,Yes,Yes,1,1707.59,909.16,0.95,Email,Valid Claim
CLM00466,VALID_466,CUS00466,PROD00466,Refrigerator,HomePro,HOM-REF-0466,SN-2026-000466,2025-04-28,2025-11-28,2025-11-20,12,2026-04-28,Active,151,No,Battery Problem,Manufacturing Defect,Yes,Yes,Yes,Yes,Yes,Yes,Yes,No,No,0,N/A,No,N/A,Yes,Yes,No,No,No,Yes,Yes,1,970.58,0.0,0.953,Service Center,Valid Claim
CLM00467,VALID_467,CUS00467,PROD00467,Washing Machine,Aster,AST-WAS-0467,SN-2026-000467,2023-03-13,2024-11-13,2024-11-04,24,2025-03-13,Active,120,No,Connectivity Issue,Manufacturing Defect,Yes,Yes,Yes,Yes,Yes,Yes,Yes,No,No,0,N/A,No,N/A,Yes,Yes,No,No,No,Yes,Yes,0,338.86,0.0,0.903,Mobile App,Valid Claim
CLM00468,VALID_468,CUS00468,PROD00468,Air Conditioner,ZenCore,ZEN-AIR-0468,SN-2026-000468,2026-03-27,2026-11-27,2026-11-16,24,2028-03-27,Active,486,No,Mechanical Failure,Electrical Failure,Yes,Yes,Yes,Yes,Yes,Yes,Yes,No,No,0,N/A,No,N/A,Yes,Yes,No,No,No,Yes,Yes,0,2166.82,0.0,0.971,Web,Valid Claim
CLM00469,VALID_469,CUS00469,PROD00469,Washing Machine,Aster,AST-WAS-0469,SN-2026-000469,2025-06-16,2025-08-16,2025-08-14,12,2026-06-16,Active,304,No,Mechanical Failure,Manufacturing Defect,Yes,Yes,Yes,Yes,Yes,Yes,Yes,No,No,0,N/A,No,N/A,Yes,Yes,No,No,No,Yes,Yes,0,1061.12,0.0,0.955,Service Center,Valid Claim
CLM00470,VALID_470,CUS00470,PROD00470,Refrigerator,PrimeView,PRI-REF-0470,SN-2026-000470,2026-01-25,2027-11-25,2027-11-20,24,2028-01-25,Active,61,No,Power Failure,Manufacturing Defect,Yes,Yes,Yes,Yes,Yes,Yes,Yes,No,No,0,N/A,No,N/A,Yes,Yes,No,No,No,Yes,Yes,0,2314.66,0.0,0.976,Web,Valid Claim
CLM00471,VALID_471,CUS00471,PROD00471,Smartphone,NovaTech,NOV-SMA-0471,SN-2026-000471,2025-04-08,2026-02-08,2026-02-01,36,2028-04-08,Active,790,No,Power Failure,Manufacturing Defect,Yes,Yes,Yes,Yes,Yes,Yes,Yes,Yes,Yes,1,Yes,No,N/A,Yes,Yes,No,No,No,Yes,Yes,0,320.68,340.7,0.924,Service Center,Valid Claim
CLM00472,VALID_472,CUS00472,PROD00472,Refrigerator,NovaTech,NOV-REF-0472,SN-2026-000472,2025-06-24,2025-08-24,2025-08-17,24,2027-06-24,Active,669,Yes,Connectivity Issue,Manufacturing Defect,Yes,Yes,Yes,Yes,Yes,Yes,Yes,No,No,0,N/A,No,N/A,Yes,Yes,No,No,No,Yes,Yes,1,2405.72,0.0,0.921,Email,Valid Claim
CLM00473,VALID_473,CUS00473,PROD00473,Laptop,PrimeView,PRI-LAP-0473,SN-2026-000473,2025-12-22,2027-04-22,2027-04-13,24,2027-12-22,Active,244,No,Display Failure,Manufacturing Defect,Yes,Yes,Yes,Yes,Yes,Yes,Yes,No,No,0,N/A,No,N/A,Yes,Yes,No,No,No,Yes,Yes,0,1192.31,0.0,0.946,Web,Valid Claim
CLM00474,VALID_474,CUS00474,PROD00474,Smartphone,PrimeView,PRI-SMA-0474,SN-2026-000474,2024-11-19,2026-05-19,2026-05-13,24,2026-11-19,Active,184,No,Battery Problem,Manufacturing Defect,Yes,Yes,Yes,Yes,Yes,Yes,Yes,No,No,0,N/A,No,N/A,Yes,Yes,No,No,No,Yes,Yes,1,1971.25,0.0,0.936,Email,Valid Claim
CLM00475,VALID_475,CUS00475,PROD00475,Television,NovaTech,NOV-TEL-0475,SN-2026-000475,2026-01-05,2026-03-05,2026-02-25,12,2027-01-05,Active,306,No,Noise,Manufacturing Defect,Yes,Yes,Yes,Yes,Yes,Yes,Yes,No,No,0,N/A,No,N/A,Yes,Yes,No,No,No,Yes,Yes,0,76.32,0.0,0.917,Service Center,Valid Claim
CLM00476,VALID_476,CUS00476,PROD00476,Smartphone,HomePro,HOM-SMA-0476,SN-2026-000476,2025-12-05,2027-03-05,2027-02-27,24,2027-12-05,Active,275,Yes,Mechanical Failure,Manufacturing Defect,Yes,Yes,Yes,Yes,Yes,Yes,Yes,No,No,0,N/A,No,N/A,Yes,Yes,No,No,No,Yes,Yes,0,2679.21,0.0,0.986,Email,Valid Claim
CLM00477,VALID_477,CUS00477,PROD00477,Television,PrimeView,PRI-TEL-0477,SN-2026-000477,2023-10-14,2024-05-14,2024-05-13,36,2026-10-14,Active,883,No,Power Failure,Manufacturing Defect,Yes,Yes,Yes,Yes,Yes,Yes,Yes,No,No,0,N/A,No,N/A,Yes,Yes,No,No,No,Yes,Yes,1,1068.22,0.0,0.968,Email,Valid Claim
CLM00478,VALID_478,CUS00478,PROD00478,Television,Aster,AST-TEL-0478,SN-2026-000478,2023-06-18,2024-07-18,2024-07-16,36,2026-06-18,Active,700,No,Water Leakage,Manufacturing Defect,Yes,Yes,Yes,Yes,Yes,Yes,Yes,Yes,Yes,2,Yes,No,N/A,Yes,Yes,No,No,No,Yes,Yes,0,1447.99,922.15,0.953,Email,Valid Claim
CLM00479,VALID_479,CUS00479,PROD00479,Television,Aster,AST-TEL-0479,SN-2026-000479,2026-03-10,2026-12-10,2026-12-01,24,2028-03-10,Active,456,No,Power Failure,Electrical Failure,Yes,Yes,Yes,Yes,Yes,Yes,Yes,No,No,0,N/A,No,N/A,Yes,Yes,No,No,No,Yes,Yes,1,1116.66,0.0,0.953,Service Center,Valid Claim
CLM00480,VALID_480,CUS00480,PROD00480,Washing Machine,NovaTech,NOV-WAS-0480,SN-2026-000480,2024-02-04,2025-02-04,2025-01-24,24,2026-02-04,Active,365,No,Connectivity Issue,Electrical Failure,Yes,Yes,Yes,Yes,Yes,Yes,Yes,Yes,Yes,2,Yes,No,N/A,Yes,Yes,No,No,No,Yes,Yes,1,940.68,411.47,0.988,Mobile App,Valid Claim
CLM00481,VALID_481,CUS00481,PROD00481,Television,HomePro,HOM-TEL-0481,SN-2026-000481,2023-08-06,2024-03-06,2024-02-26,12,2024-08-06,Active,153,No,Power Failure,Manufacturing Defect,Yes,Yes,Yes,Yes,Yes,Yes,Yes,No,No,0,N/A,No,N/A,Yes,Yes,No,No,No,Yes,Yes,0,448.24,0.0,0.978,Service Center,Valid Claim
CLM00482,VALID_482,CUS00482,PROD00482,Laptop,NovaTech,NOV-LAP-0482,SN-2026-000482,2024-05-24,2025-02-24,2025-02-21,12,2025-05-24,Active,89,Yes,Overheating,Manufacturing Defect,Yes,Yes,Yes,Yes,Yes,Yes,Yes,No,No,0,N/A,No,N/A,Yes,Yes,No,No,No,Yes,Yes,0,1439.97,0.0,0.921,Service Center,Valid Claim
CLM00483,VALID_483,CUS00483,PROD00483,Refrigerator,NovaTech,NOV-REF-0483,SN-2026-000483,2025-10-07,2028-01-07,2028-01-01,36,2028-10-07,Active,274,No,Power Failure,Electrical Failure,Yes,Yes,Yes,Yes,Yes,Yes,Yes,No,No,0,N/A,No,N/A,Yes,Yes,No,No,No,Yes,Yes,0,1425.24,0.0,0.944,Web,Valid Claim
CLM00484,VALID_484,CUS00484,PROD00484,Refrigerator,HomePro,HOM-REF-0484,SN-2026-000484,2025-02-05,2026-05-05,2026-04-24,36,2028-02-05,Active,641,No,Mechanical Failure,Manufacturing Defect,Yes,Yes,Yes,Yes,Yes,Yes,Yes,Yes,Yes,2,Yes,No,N/A,Yes,Yes,No,No,No,Yes,Yes,0,52.61,406.08,0.92,Service Center,Valid Claim
CLM00485,VALID_485,CUS00485,PROD00485,Television,Aster,AST-TEL-0485,SN-2026-000485,2023-07-31,2024-01-31,2024-01-21,36,2026-07-31,Active,912,No,Overheating,Electrical Failure,Yes,Yes,Yes,Yes,Yes,Yes,Yes,No,No,0,N/A,No,N/A,Yes,Yes,No,No,No,Yes,Yes,1,2052.96,0.0,0.943,Service Center,Valid Claim
CLM00486,VALID_486,CUS00486,PROD00486,Laptop,Aster,AST-LAP-0486,SN-2026-000486,2024-06-19,2026-04-19,2026-04-16,36,2027-06-19,Active,426,No,Connectivity Issue,Manufacturing Defect,Yes,Yes,Yes,Yes,Yes,Yes,Yes,No,No,0,N/A,No,N/A,Yes,Yes,No,No,No,Yes,Yes,1,2074.2,0.0,0.927,Mobile App,Valid Claim
CLM00487,VALID_487,CUS00487,PROD00487,Refrigerator,Aster,AST-REF-0487,SN-2026-000487,2023-06-26,2024-02-26,2024-02-17,24,2025-06-26,Active,486,No,Power Failure,Manufacturing Defect,Yes,Yes,Yes,Yes,Yes,Yes,Yes,No,No,0,N/A,No,N/A,Yes,Yes,No,No,No,Yes,Yes,0,1607.08,0.0,0.974,Web,Valid Claim
CLM00488,VALID_488,CUS00488,PROD00488,Air Conditioner,Aster,AST-AIR-0488,SN-2026-000488,2024-03-25,2024-07-25,2024-07-20,12,2025-03-25,Active,243,Yes,Mechanical Failure,Manufacturing Defect,Yes,Yes,Yes,Yes,Yes,Yes,Yes,No,No,0,N/A,No,N/A,Yes,Yes,No,No,No,Yes,Yes,0,885.9,0.0,0.943,Mobile App,Valid Claim
CLM00489,VALID_489,CUS00489,PROD00489,Television,ZenCore,ZEN-TEL-0489,SN-2026-000489,2025-04-06,2026-04-06,2026-03-27,24,2027-04-06,Active,365,No,Power Failure,Manufacturing Defect,Yes,Yes,Yes,Yes,Yes,Yes,Yes,Yes,Yes,1,Yes,No,N/A,Yes,Yes,No,No,No,Yes,Yes,1,217.43,931.88,0.913,Mobile App,Valid Claim
CLM00490,VALID_490,CUS00490,PROD00490,Smartphone,PrimeView,PRI-SMA-0490,SN-2026-000490,2023-08-30,2024-04-30,2024-04-17,12,2024-08-30,Active,122,No,Mechanical Failure,Electrical Failure,Yes,Yes,Yes,Yes,Yes,Yes,Yes,No,No,0,N/A,No,N/A,Yes,Yes,No,No,No,Yes,Yes,1,1689.21,0.0,0.969,Email,Valid Claim
CLM00491,VALID_491,CUS00491,PROD00491,Refrigerator,ZenCore,ZEN-REF-0491,SN-2026-000491,2025-09-13,2026-08-13,2026-08-07,24,2027-09-13,Active,396,No,Power Failure,Manufacturing Defect,Yes,Yes,Yes,Yes,Yes,Yes,Yes,No,No,0,N/A,No,N/A,Yes,Yes,No,No,No,Yes,Yes,0,1825.86,0.0,0.924,Service Center,Valid Claim
CLM00492,VALID_492,CUS00492,PROD00492,Air Conditioner,HomePro,HOM-AIR-0492,SN-2026-000492,2023-12-12,2024-08-12,2024-07-29,36,2026-12-12,Active,852,Yes,Battery Problem,Manufacturing Defect,Yes,Yes,Yes,Yes,Yes,Yes,Yes,No,No,0,N/A,No,N/A,Yes,Yes,No,No,No,Yes,Yes,1,2037.57,0.0,0.921,Service Center,Valid Claim
CLM00493,VALID_493,CUS00493,PROD00493,Refrigerator,Aster,AST-REF-0493,SN-2026-000493,2024-12-24,2027-01-24,2027-01-17,36,2027-12-24,Active,334,No,Display Failure,Electrical Failure,Yes,Yes,Yes,Yes,Yes,Yes,Yes,No,No,0,N/A,No,N/A,Yes,Yes,No,No,No,Yes,Yes,1,159.05,0.0,0.921,Email,Valid Claim
CLM00494,VALID_494,CUS00494,PROD00494,Refrigerator,PrimeView,PRI-REF-0494,SN-2026-000494,2023-12-19,2025-03-19,2025-03-14,24,2025-12-19,Active,275,No,Display Failure,Electrical Failure,Yes,Yes,Yes,Yes,Yes,Yes,Yes,No,No,0,N/A,No,N/A,Yes,Yes,No,No,No,Yes,Yes,0,1794.04,0.0,0.978,Email,Valid Claim
CLM00495,VALID_495,CUS00495,PROD00495,Air Conditioner,NovaTech,NOV-AIR-0495,SN-2026-000495,2025-01-09,2026-06-09,2026-05-27,24,2027-01-09,Active,214,No,Overheating,Electrical Failure,Yes,Yes,Yes,Yes,Yes,Yes,Yes,No,No,0,N/A,No,N/A,Yes,Yes,No,No,No,Yes,Yes,0,937.33,0.0,0.963,Service Center,Valid Claim
CLM00496,VALID_496,CUS00496,PROD00496,Smartphone,HomePro,HOM-SMA-0496,SN-2026-000496,2023-07-29,2026-02-28,2026-02-17,36,2026-07-29,Active,151,Yes,Battery Problem,Electrical Failure,Yes,Yes,Yes,Yes,Yes,Yes,Yes,No,No,0,N/A,No,N/A,Yes,Yes,No,No,No,Yes,Yes,1,1012.53,0.0,0.965,Mobile App,Valid Claim
CLM00497,VALID_497,CUS00497,PROD00497,Smartphone,ZenCore,ZEN-SMA-0497,SN-2026-000497,2026-02-24,2026-10-24,2026-10-23,24,2028-02-24,Active,488,No,Overheating,Manufacturing Defect,Yes,Yes,Yes,Yes,Yes,Yes,Yes,No,No,0,N/A,No,N/A,Yes,Yes,No,No,No,Yes,Yes,0,1715.91,0.0,0.931,Email,Valid Claim
CLM00498,VALID_498,CUS00498,PROD00498,Camera,ZenCore,ZEN-CAM-0498,SN-2026-000498,2026-03-17,2026-12-17,2026-12-03,24,2028-03-17,Active,456,Yes,Power Failure,Electrical Failure,Yes,Yes,Yes,Yes,Yes,Yes,Yes,No,No,0,N/A,No,N/A,Yes,Yes,No,No,No,Yes,Yes,0,1864.84,0.0,0.924,Service Center,Valid Claim
CLM00499,VALID_499,CUS00499,PROD00499,Air Conditioner,Aster,AST-AIR-0499,SN-2026-000499,2023-01-16,2023-08-16,2023-08-07,36,2026-01-16,Active,884,No,Water Leakage,Electrical Failure,Yes,Yes,Yes,Yes,Yes,Yes,Yes,No,No,0,N/A,No,N/A,Yes,Yes,No,No,No,Yes,Yes,0,1924.22,0.0,0.978,Service Center,Valid Claim
CLM00500,VALID_500,CUS00500,PROD00500,Laptop,ZenCore,ZEN-LAP-0500,SN-2026-000500,2024-05-29,2025-10-29,2025-10-26,24,2026-05-29,Active,212,No,Overheating,Manufacturing Defect,Yes,Yes,Yes,Yes,Yes,Yes,Yes,No,No,0,N/A,No,N/A,Yes,Yes,No,No,No,Yes,Yes,0,2090.16,0.0,0.949,Mobile App,Valid Claim
CLM00501,INVALID_01_EXPIRED_WARRANTY,CUS00501,PROD00501,Television,PrimeView,PRI-TEL-0501,SN-2026-000501,2025-02-28,2027-05-29,2027-05-19,24,2027-02-28,Expired,-90,No,Mechanical Failure,Electrical Failure,Yes,Yes,Yes,No,Yes,Yes,Yes,Yes,No,0,N/A,No,N/A,Yes,Yes,No,No,No,No,Yes,1,507.22,0.0,0.929,Email,Invalid Claim
CLM00502,INVALID_02_EXCLUDED_DAMAGE,CUS00502,PROD00502,Printer,NovaTech,NOV-PRI-0502,SN-2026-000502,2026-02-16,2027-02-16,2027-02-11,24,2028-02-16,Active,365,No,Display Failure,Normal Wear,No,Yes,Yes,Yes,Yes,Yes,Yes,No,No,0,N/A,Yes,Yes,Yes,Yes,No,No,No,Yes,Yes,3,1123.2,0.0,0.807,Service Center,Invalid Claim
CLM00503,INVALID_03_SERIAL_MISMATCH,CUS00503,PROD00503,Air Conditioner,Aster,AST-AIR-0503,SN-2026-000503,2023-11-05,2024-06-26,2024-06-03,36,2026-11-05,Active,862,No,Water Leakage,Manufacturing Defect,Yes,Yes,Yes,Yes,No,Yes,Yes,No,No,0,N/A,No,N/A,No,Yes,No,No,No,No,Yes,2,945.29,0.0,0.966,Service Center,Invalid Claim
CLM00504,INVALID_04_UNAUTHORIZED_REPAIR,CUS00504,PROD00504,Refrigerator,HomePro,HOM-REF-0504,SN-2026-000504,2025-04-09,2025-05-26,2025-04-29,36,2028-04-09,Active,1049,No,Water Leakage,Electrical Failure,Yes,Yes,Yes,No,Yes,No,Yes,Yes,Yes,1,No,No,N/A,Yes,Yes,No,No,No,No,Yes,1,109.91,118.7,0.816,Mobile App,Invalid Claim
CLM00505,INVALID_05_REPORTING_PERIOD,CUS00505,PROD00505,Refrigerator,ZenCore,ZEN-REF-0505,SN-2026-000505,2023-08-05,2025-02-05,2024-12-07,36,2026-08-05,Active,233,No,Noise,Electrical Failure,Yes,No,Yes,Yes,Yes,Yes,Yes,No,No,0,N/A,No,N/A,Yes,Yes,No,No,No,Yes,Yes,2,1543.8,0.0,0.838,Service Center,Invalid Claim
CLM00506,INVALID_06_DUPLICATE_CLAIM,CUS00506,PROD00506,Washing Machine,ZenCore,ZEN-WAS-0506,SN-2026-000506,2024-05-24,2026-04-09,2026-04-04,36,2027-05-24,Active,410,No,Water Leakage,Manufacturing Defect,Yes,Yes,Yes,Yes,Yes,No,No,Yes,No,0,N/A,No,N/A,Yes,Yes,Yes,Yes,No,No,Yes,3,332.85,0.0,0.894,Email,Invalid Claim
CLM00507,INVALID_07_EXPIRED_WARRANTY,CUS00507,PROD00507,Washing Machine,PrimeView,PRI-WAS-0507,SN-2026-000507,2024-01-04,2026-04-04,2026-03-25,24,2026-01-04,Expired,-90,No,Battery Problem,Electrical Failure,Yes,Yes,Yes,Yes,Yes,Yes,Yes,No,Yes,2,Yes,No,N/A,Yes,Yes,No,No,No,Yes,Yes,3,1628.77,751.0,0.823,Mobile App,Invalid Claim
CLM00508,INVALID_08_EXCLUDED_DAMAGE,CUS00508,PROD00508,Refrigerator,ZenCore,ZEN-REF-0508,SN-2026-000508,2025-10-10,2026-10-10,2026-10-05,24,2027-10-10,Active,365,No,Noise,Accidental Damage,No,Yes,Yes,No,Yes,Yes,Yes,Yes,No,0,N/A,No,N/A,No,Yes,No,No,No,No,Yes,3,212.6,0.0,0.904,Web,Invalid Claim
CLM00509,INVALID_09_SERIAL_MISMATCH,CUS00509,PROD00509,Air Conditioner,HomePro,HOM-AIR-0509,SN-2026-000509,2023-05-11,2023-10-31,2023-10-15,24,2025-05-11,Active,558,No,Overheating,Manufacturing Defect,Yes,Yes,Yes,Yes,Yes,Yes,Yes,No,No,0,N/A,No,N/A,No,Yes,No,No,No,Yes,Yes,0,650.15,0.0,0.944,Service Center,Invalid Claim
CLM00510,INVALID_10_UNAUTHORIZED_REPAIR,CUS00510,PROD00510,Camera,ZenCore,ZEN-CAM-0510,SN-2026-000510,2024-12-20,2027-01-12,2026-12-29,12,2025-12-20,Active,-388,No,Power Failure,Manufacturing Defect,Yes,Yes,Yes,Yes,Yes,No,Yes,Yes,Yes,1,No,No,N/A,Yes,Yes,No,No,No,No,Yes,1,1276.0,1187.97,0.918,Mobile App,Invalid Claim
CLM00511,INVALID_11_REPORTING_PERIOD,CUS00511,PROD00511,Air Conditioner,NovaTech,NOV-AIR-0511,SN-2026-000511,2023-11-03,2024-05-03,2024-03-04,12,2024-11-03,Active,-75,No,Battery Problem,Manufacturing Defect,Yes,No,Yes,Yes,Yes,Yes,Yes,Yes,No,0,N/A,Yes,Yes,Yes,Yes,No,No,No,Yes,Yes,2,2534.9,0.0,0.927,Email,Invalid Claim
CLM00512,INVALID_12_DUPLICATE_CLAIM,CUS00512,PROD00512,Laptop,PrimeView,PRI-LAP-0512,SN-2026-000512,2024-04-12,2025-02-23,2025-02-20,36,2027-04-12,Active,778,Yes,Display Failure,Electrical Failure,Yes,Yes,Yes,Yes,Yes,Yes,Yes,Yes,No,0,N/A,No,N/A,Yes,Yes,Yes,Yes,No,Yes,Yes,3,1253.74,0.0,0.863,Mobile App,Invalid Claim
CLM00513,INVALID_13_EXPIRED_WARRANTY,CUS00513,PROD00513,Smartphone,NovaTech,NOV-SMA-0513,SN-2026-000513,2025-05-03,2026-08-01,2026-07-22,12,2026-05-03,Expired,-90,No,Mechanical Failure,Manufacturing Defect,Yes,Yes,Yes,Yes,Yes,Yes,No,No,No,0,N/A,No,N/A,Yes,Yes,No,No,No,No,Yes,0,387.11,0.0,0.782,Mobile App,Invalid Claim
CLM00514,INVALID_14_EXCLUDED_DAMAGE,CUS00514,PROD00514,Smartphone,Aster,AST-SMA-0514,SN-2026-000514,2026-03-18,2027-09-18,2027-09-13,36,2029-03-18,Active,547,Yes,Overheating,Normal Wear,No,Yes,Yes,No,Yes,Yes,Yes,Yes,No,0,N/A,No,N/A,Yes,Yes,No,No,No,No,Yes,3,2662.54,0.0,0.95,Web,Invalid Claim
CLM00515,INVALID_15_SERIAL_MISMATCH,CUS00515,PROD00515,Air Conditioner,PrimeView,PRI-AIR-0515,SN-2026-000515,2025-11-13,2027-03-30,2027-03-02,24,2027-11-13,Active,228,No,Noise,Electrical Failure,Yes,Yes,No,Yes,Yes,Yes,Yes,No,No,0,N/A,No,N/A,No,Yes,No,No,No,No,No,1,2252.58,0.0,0.76,Web,Invalid Claim
CLM00516,INVALID_16_UNAUTHORIZED_REPAIR,CUS00516,PROD00516,Refrigerator,ZenCore,ZEN-REF-0516,SN-2026-000516,2023-11-25,2024-10-22,2024-10-18,24,2025-11-25,Active,399,No,Mechanical Failure,Manufacturing Defect,Yes,Yes,Yes,Yes,Yes,Yes,Yes,Yes,Yes,1,No,Yes,Yes,Yes,Yes,No,No,No,Yes,Yes,3,1462.21,1168.29,0.773,Mobile App,Invalid Claim
CLM00517,INVALID_17_REPORTING_PERIOD,CUS00517,PROD00517,Air Conditioner,PrimeView,PRI-AIR-0517,SN-2026-000517,2024-05-31,2025-11-30,2025-10-01,36,2027-05-31,Active,212,Yes,Display Failure,Manufacturing Defect,Yes,No,Yes,Yes,Yes,Yes,Yes,Yes,No,0,N/A,No,N/A,Yes,Yes,No,No,No,Yes,Yes,2,2783.96,0.0,0.946,Email,Invalid Claim
CLM00518,INVALID_18_DUPLICATE_CLAIM,CUS00518,PROD00518,Smartphone,ZenCore,ZEN-SMA-0518,SN-2026-000518,2025-07-26,2026-10-18,2026-09-26,24,2027-07-26,Active,281,Yes,Battery Problem,Manufacturing Defect,Yes,Yes,Yes,Yes,Yes,Yes,Yes,Yes,No,0,N/A,No,N/A,Yes,Yes,Yes,Yes,No,Yes,Yes,1,1589.1,0.0,0.966,Web,Invalid Claim
CLM00519,INVALID_19_EXPIRED_WARRANTY,CUS00519,PROD00519,Smartphone,NovaTech,NOV-SMA-0519,SN-2026-000519,2023-05-10,2024-08-08,2024-07-29,12,2024-05-10,Expired,-90,No,Overheating,Electrical Failure,Yes,Yes,Yes,No,Yes,No,Yes,Yes,No,0,N/A,No,N/A,Yes,Yes,No,No,No,No,Yes,0,2166.43,0.0,0.854,Email,Invalid Claim
CLM00520,INVALID_20_EXCLUDED_DAMAGE,CUS00520,PROD00520,Smartphone,ZenCore,ZEN-SMA-0520,SN-2026-000520,2023-10-20,2025-04-20,2025-04-15,36,2026-10-20,Active,548,No,Overheating,Physical Damage,No,Yes,No,Yes,No,Yes,Yes,Yes,No,0,N/A,Yes,Yes,Yes,Yes,No,No,No,No,No,2,2184.82,0.0,0.849,Mobile App,Invalid Claim
CLM00521,INVALID_21_SERIAL_MISMATCH,CUS00521,PROD00521,Printer,NovaTech,NOV-PRI-0521,SN-2026-000521,2023-08-29,2024-10-31,2024-10-25,36,2026-08-29,Active,667,No,Power Failure,Manufacturing Defect,Yes,Yes,Yes,Yes,Yes,Yes,No,Yes,No,0,N/A,Yes,Yes,No,Yes,No,No,No,No,Yes,1,2773.22,0.0,0.856,Email,Invalid Claim
CLM00522,INVALID_22_UNAUTHORIZED_REPAIR,CUS00522,PROD00522,Smartphone,HomePro,HOM-SMA-0522,SN-2026-000522,2024-04-30,2026-01-18,2026-01-10,24,2026-04-30,Active,102,No,Power Failure,Electrical Failure,Yes,Yes,Yes,Yes,Yes,Yes,Yes,Yes,Yes,2,No,No,N/A,Yes,Yes,No,No,No,Yes,Yes,3,1002.9,802.26,0.767,Web,Invalid Claim
CLM00523,INVALID_23_REPORTING_PERIOD,CUS00523,PROD00523,Laptop,PrimeView,PRI-LAP-0523,SN-2026-000523,2024-07-04,2025-07-04,2025-05-05,24,2026-07-04,Active,-159,No,Water Leakage,Manufacturing Defect,Yes,No,Yes,Yes,Yes,Yes,No,Yes,No,0,N/A,No,N/A,Yes,Yes,No,No,No,No,Yes,2,1412.38,0.0,0.851,Web,Invalid Claim
CLM00524,INVALID_24_DUPLICATE_CLAIM,CUS00524,PROD00524,Smartphone,HomePro,HOM-SMA-0524,SN-2026-000524,2025-05-11,2027-03-10,2027-02-24,24,2027-05-11,Active,62,Yes,Connectivity Issue,Manufacturing Defect,Yes,Yes,Yes,No,Yes,Yes,Yes,Yes,No,0,N/A,No,N/A,Yes,Yes,Yes,Yes,No,No,Yes,2,1169.21,0.0,0.766,Service Center,Invalid Claim
CLM00525,INVALID_25_EXPIRED_WARRANTY,CUS00525,PROD00525,Printer,HomePro,HOM-PRI-0525,SN-2026-000525,2026-01-05,2029-04-05,2029-03-26,36,2029-01-05,Expired,-90,No,Power Failure,Electrical Failure,Yes,Yes,Yes,Yes,Yes,Yes,Yes,Yes,No,0,N/A,No,N/A,Yes,Yes,No,No,No,Yes,Yes,0,800.64,0.0,0.988,Service Center,Invalid Claim
CLM00526,INVALID_26_EXCLUDED_DAMAGE,CUS00526,PROD00526,Television,HomePro,HOM-TEL-0526,SN-2026-000526,2023-05-13,2024-11-13,2024-11-08,36,2026-05-13,Active,546,No,Noise,Normal Wear,No,Yes,Yes,Yes,Yes,Yes,Yes,Yes,No,0,N/A,No,N/A,Yes,Yes,No,No,No,Yes,Yes,1,1363.59,0.0,0.864,Service Center,Invalid Claim
CLM00527,INVALID_27_SERIAL_MISMATCH,CUS00527,PROD00527,Air Conditioner,ZenCore,ZEN-AIR-0527,SN-2026-000527,2024-01-16,2024-06-22,2024-06-05,12,2025-01-16,Active,208,No,Display Failure,Electrical Failure,Yes,Yes,Yes,Yes,Yes,Yes,Yes,No,No,0,N/A,No,N/A,No,Yes,No,No,No,Yes,Yes,0,2977.24,0.0,0.795,Mobile App,Invalid Claim
CLM00528,INVALID_28_UNAUTHORIZED_REPAIR,CUS00528,PROD00528,Television,PrimeView,PRI-TEL-0528,SN-2026-000528,2025-12-16,2028-05-09,2028-05-02,12,2026-12-16,Active,-510,No,Overheating,Manufacturing Defect,Yes,Yes,Yes,No,Yes,Yes,Yes,Yes,Yes,2,No,No,N/A,Yes,Yes,No,No,No,No,Yes,3,2665.35,849.1,0.809,Email,Invalid Claim
CLM00529,INVALID_29_REPORTING_PERIOD,CUS00529,PROD00529,Camera,PrimeView,PRI-CAM-0529,SN-2026-000529,2023-12-11,2025-06-11,2025-04-12,36,2026-12-11,Active,427,No,Mechanical Failure,Electrical Failure,Yes,No,Yes,No,Yes,Yes,Yes,No,No,0,N/A,Yes,Yes,Yes,Yes,No,No,Yes,No,Yes,2,2208.41,0.0,0.955,Service Center,Invalid Claim
CLM00530,INVALID_30_DUPLICATE_CLAIM,CUS00530,PROD00530,Washing Machine,HomePro,HOM-WAS-0530,SN-2026-000530,2025-07-19,2025-11-30,2025-11-12,24,2027-07-19,Active,596,No,Battery Problem,Electrical Failure,Yes,Yes,Yes,Yes,No,Yes,Yes,Yes,No,0,N/A,No,N/A,Yes,Yes,Yes,Yes,No,No,Yes,3,1500.88,0.0,0.898,Email,Invalid Claim
CLM00531,INVALID_31_EXPIRED_WARRANTY,CUS00531,PROD00531,Printer,HomePro,HOM-PRI-0531,SN-2026-000531,2025-02-26,2028-05-26,2028-05-16,36,2028-02-26,Expired,-90,No,Overheating,Electrical Failure,Yes,Yes,Yes,Yes,Yes,Yes,Yes,Yes,No,0,N/A,No,N/A,Yes,Yes,No,No,No,Yes,Yes,1,783.39,0.0,0.796,Service Center,Invalid Claim
CLM00532,INVALID_32_EXCLUDED_DAMAGE,CUS00532,PROD00532,Refrigerator,NovaTech,NOV-REF-0532,SN-2026-000532,2024-02-26,2025-02-26,2025-02-21,24,2026-02-26,Active,365,No,Display Failure,Water Damage,No,Yes,Yes,No,Yes,Yes,Yes,Yes,No,0,N/A,No,N/A,Yes,Yes,No,No,No,No,Yes,3,2414.84,0.0,0.928,Email,Invalid Claim
CLM00533,INVALID_33_SERIAL_MISMATCH,CUS00533,PROD00533,Television,Aster,AST-TEL-0533,SN-2026-000533,2023-07-27,2025-07-28,2025-07-13,12,2024-07-27,Active,-366,Yes,Power Failure,Electrical Failure,Yes,Yes,Yes,Yes,No,Yes,No,Yes,No,0,N/A,No,N/A,No,Yes,No,No,No,No,Yes,1,592.86,0.0,0.821,Service Center,Invalid Claim
CLM00534,INVALID_34_UNAUTHORIZED_REPAIR,CUS00534,PROD00534,Washing Machine,NovaTech,NOV-WAS-0534,SN-2026-000534,2025-11-12,2027-01-17,2027-01-12,24,2027-11-12,Active,299,No,Overheating,Manufacturing Defect,Yes,Yes,Yes,Yes,Yes,Yes,No,Yes,Yes,1,No,No,N/A,Yes,Yes,No,No,No,No,Yes,1,233.96,1021.4,0.797,Mobile App,Invalid Claim
CLM00535,INVALID_35_REPORTING_PERIOD,CUS00535,PROD00535,Washing Machine,PrimeView,PRI-WAS-0535,SN-2026-000535,2026-01-29,2027-01-29,2026-11-30,24,2028-01-29,Active,690,Yes,Connectivity Issue,Manufacturing Defect,Yes,No,Yes,Yes,Yes,Yes,Yes,No,No,0,N/A,No,N/A,Yes,Yes,No,No,No,Yes,Yes,1,1107.34,0.0,0.899,Mobile App,Invalid Claim
CLM00536,INVALID_36_DUPLICATE_CLAIM,CUS00536,PROD00536,Camera,HomePro,HOM-CAM-0536,SN-2026-000536,2024-06-30,2026-09-30,2026-09-09,24,2026-06-30,Active,-92,No,Noise,Electrical Failure,Yes,Yes,Yes,Yes,Yes,Yes,Yes,No,No,0,N/A,Yes,Yes,Yes,Yes,Yes,Yes,Yes,Yes,Yes,3,2351.93,0.0,0.882,Email,Invalid Claim
CLM00537,INVALID_37_EXPIRED_WARRANTY,CUS00537,PROD00537,Printer,NovaTech,NOV-PRI-0537,SN-2026-000537,2025-12-27,2028-03-26,2028-03-16,24,2027-12-27,Expired,-90,No,Connectivity Issue,Electrical Failure,Yes,Yes,Yes,Yes,Yes,Yes,Yes,Yes,No,0,N/A,No,N/A,Yes,Yes,No,No,No,Yes,Yes,0,2277.15,0.0,0.99,Service Center,Invalid Claim
CLM00538,INVALID_38_EXCLUDED_DAMAGE,CUS00538,PROD00538,Camera,Aster,AST-CAM-0538,SN-2026-000538,2024-10-12,2025-10-12,2025-10-07,24,2026-10-12,Active,365,No,Mechanical Failure,Normal Wear,No,Yes,Yes,No,Yes,Yes,No,No,No,0,N/A,No,N/A,Yes,Yes,No,No,No,No,Yes,2,579.93,0.0,0.773,Service Center,Invalid Claim
CLM00539,INVALID_39_SERIAL_MISMATCH,CUS00539,PROD00539,Refrigerator,Aster,AST-REF-0539,SN-2026-000539,2025-05-28,2026-05-17,2026-05-15,24,2027-05-28,Active,376,Yes,Connectivity Issue,Electrical Failure,Yes,Yes,Yes,No,Yes,Yes,Yes,Yes,Yes,2,Yes,No,N/A,No,Yes,No,No,No,No,Yes,3,758.95,332.02,0.963,Mobile App,Invalid Claim
CLM00540,INVALID_40_UNAUTHORIZED_REPAIR,CUS00540,PROD00540,Laptop,NovaTech,NOV-LAP-0540,SN-2026-000540,2025-03-25,2027-09-07,2027-08-12,24,2027-03-25,Active,-166,No,Mechanical Failure,Electrical Failure,Yes,Yes,Yes,Yes,No,Yes,Yes,Yes,Yes,1,No,Yes,No,Yes,Yes,No,No,No,No,Yes,0,1944.49,685.6,0.869,Email,Invalid Claim
CLM00541,INVALID_41_REPORTING_PERIOD,CUS00541,PROD00541,Camera,Aster,AST-CAM-0541,SN-2026-000541,2024-06-28,2024-12-28,2024-10-29,12,2025-06-28,Active,-76,No,Noise,Electrical Failure,Yes,No,No,Yes,Yes,Yes,Yes,No,No,0,N/A,No,N/A,Yes,Yes,No,No,No,No,No,1,208.54,0.0,0.76,Web,Invalid Claim
CLM00542,INVALID_42_DUPLICATE_CLAIM,CUS00542,PROD00542,Washing Machine,ZenCore,ZEN-WAS-0542,SN-2026-000542,2025-12-12,2026-12-03,2026-12-02,24,2027-12-12,Active,374,No,Overheating,Electrical Failure,Yes,Yes,No,Yes,No,Yes,Yes,No,Yes,3,No,Yes,Yes,Yes,Yes,Yes,Yes,No,No,No,1,2673.17,346.81,0.909,Web,Invalid Claim
CLM00543,INVALID_43_EXPIRED_WARRANTY,CUS00543,PROD00543,Television,NovaTech,NOV-TEL-0543,SN-2026-000543,2023-07-23,2026-10-21,2026-10-11,36,2026-07-23,Expired,-90,Yes,Connectivity Issue,Manufacturing Defect,Yes,Yes,Yes,No,Yes,Yes,Yes,No,No,0,N/A,No,N/A,Yes,Yes,No,No,No,No,Yes,1,334.06,0.0,0.779,Service Center,Invalid Claim
CLM00544,INVALID_44_EXCLUDED_DAMAGE,CUS00544,PROD00544,Smartphone,Aster,AST-SMA-0544,SN-2026-000544,2023-09-01,2025-03-01,2025-02-24,36,2026-09-01,Active,549,Yes,Water Leakage,Normal Wear,No,Yes,Yes,Yes,Yes,Yes,Yes,Yes,No,0,N/A,No,N/A,Yes,Yes,No,No,No,Yes,Yes,0,1824.66,0.0,0.759,Email,Invalid Claim
CLM00545,INVALID_45_SERIAL_MISMATCH,CUS00545,PROD00545,Television,PrimeView,PRI-TEL-0545,SN-2026-000545,2023-08-30,2025-07-10,2025-06-16,12,2024-08-30,Active,-314,No,Water Leakage,Manufacturing Defect,Yes,Yes,Yes,No,Yes,No,Yes,Yes,No,0,N/A,Yes,No,No,Yes,No,No,No,No,Yes,1,1619.64,0.0,0.823,Service Center,Invalid Claim
CLM00546,INVALID_46_UNAUTHORIZED_REPAIR,CUS00546,PROD00546,Laptop,ZenCore,ZEN-LAP-0546,SN-2026-000546,2025-07-05,2027-03-22,2027-03-21,24,2027-07-05,Active,105,No,Overheating,Electrical Failure,Yes,Yes,Yes,No,Yes,Yes,No,Yes,Yes,1,No,No,N/A,Yes,Yes,No,No,No,No,Yes,3,70.48,324.7,0.968,Service Center,Invalid Claim
CLM00547,INVALID_47_REPORTING_PERIOD,CUS00547,PROD00547,Printer,PrimeView,PRI-PRI-0547,SN-2026-000547,2025-10-17,2026-10-17,2026-08-18,24,2027-10-17,Active,165,No,Noise,Electrical Failure,Yes,No,Yes,Yes,Yes,Yes,Yes,Yes,No,0,N/A,No,N/A,Yes,Yes,No,No,No,Yes,Yes,1,857.08,0.0,0.886,Service Center,Invalid Claim
CLM00548,INVALID_48_DUPLICATE_CLAIM,CUS00548,PROD00548,Smartphone,HomePro,HOM-SMA-0548,SN-2026-000548,2023-07-30,2024-09-03,2024-08-20,36,2026-07-30,Active,695,No,Connectivity Issue,Electrical Failure,Yes,Yes,Yes,Yes,Yes,Yes,Yes,No,No,0,N/A,No,N/A,Yes,Yes,Yes,Yes,No,Yes,Yes,3,2550.35,0.0,0.898,Email,Invalid Claim
CLM00549,INVALID_49_EXPIRED_WARRANTY,CUS00549,PROD00549,Camera,Aster,AST-CAM-0549,SN-2026-000549,2024-11-22,2028-02-20,2028-02-10,36,2027-11-22,Expired,-90,No,Battery Problem,Electrical Failure,Yes,Yes,No,Yes,Yes,Yes,Yes,Yes,No,0,N/A,No,N/A,Yes,Yes,No,No,No,No,No,3,2456.68,0.0,0.822,Email,Invalid Claim
CLM00550,INVALID_50_EXCLUDED_DAMAGE,CUS00550,PROD00550,Printer,ZenCore,ZEN-PRI-0550,SN-2026-000550,2024-11-02,2026-05-02,2026-04-27,36,2027-11-02,Active,549,No,Battery Problem,Accidental Damage,No,Yes,No,Yes,Yes,Yes,Yes,Yes,No,0,N/A,Yes,Yes,Yes,Yes,No,No,No,No,No,0,712.12,0.0,0.912,Service Center,Invalid Claim
CLM00551,INVALID_51_SERIAL_MISMATCH,CUS00551,PROD00551,Printer,ZenCore,ZEN-PRI-0551,SN-2026-000551,2025-06-10,2027-04-20,2027-04-11,24,2027-06-10,Active,51,No,Overheating,Manufacturing Defect,Yes,Yes,Yes,Yes,Yes,Yes,No,No,No,0,N/A,No,N/A,No,Yes,No,No,No,No,Yes,3,1043.71,0.0,0.953,Email,Invalid Claim
CLM00552,INVALID_52_UNAUTHORIZED_REPAIR,CUS00552,PROD00552,Printer,PrimeView,PRI-PRI-0552,SN-2026-000552,2024-04-29,2026-08-24,2026-07-30,36,2027-04-29,Active,248,No,Power Failure,Electrical Failure,Yes,Yes,Yes,Yes,Yes,Yes,Yes,Yes,Yes,1,No,No,N/A,Yes,Yes,No,No,No,Yes,Yes,2,2898.51,245.39,0.949,Email,Invalid Claim
CLM00553,INVALID_53_REPORTING_PERIOD,CUS00553,PROD00553,Smartphone,Aster,AST-SMA-0553,SN-2026-000553,2024-08-24,2025-08-24,2025-06-25,24,2026-08-24,Active,466,No,Display Failure,Manufacturing Defect,Yes,No,Yes,Yes,Yes,Yes,Yes,Yes,Yes,3,Yes,No,N/A,Yes,Yes,No,No,No,Yes,Yes,3,2060.0,1116.06,0.974,Service Center,Invalid Claim
CLM00554,INVALID_54_DUPLICATE_CLAIM,CUS00554,PROD00554,Washing Machine,Aster,AST-WAS-0554,SN-2026-000554,2026-02-26,2027-05-07,2027-04-30,36,2029-02-26,Active,661,No,Connectivity Issue,Manufacturing Defect,Yes,Yes,Yes,Yes,Yes,Yes,Yes,Yes,No,0,N/A,No,N/A,Yes,Yes,Yes,Yes,No,Yes,Yes,3,1580.04,0.0,0.76,Service Center,Invalid Claim
CLM00555,INVALID_55_EXPIRED_WARRANTY,CUS00555,PROD00555,Laptop,Aster,AST-LAP-0555,SN-2026-000555,2023-02-09,2024-05-09,2024-04-29,12,2024-02-09,Expired,-90,No,Water Leakage,Electrical Failure,Yes,Yes,Yes,No,Yes,Yes,Yes,Yes,No,0,N/A,No,N/A,Yes,Yes,No,No,No,No,Yes,1,1620.69,0.0,0.895,Service Center,Invalid Claim
CLM00556,INVALID_56_EXCLUDED_DAMAGE,CUS00556,PROD00556,Air Conditioner,HomePro,HOM-AIR-0556,SN-2026-000556,2023-06-25,2024-12-25,2024-12-20,36,2026-06-25,Active,547,No,Battery Problem,Accidental Damage,No,Yes,Yes,Yes,Yes,Yes,Yes,Yes,No,0,N/A,No,N/A,Yes,Yes,No,No,No,Yes,Yes,0,2117.86,0.0,0.864,Service Center,Invalid Claim
CLM00557,INVALID_57_SERIAL_MISMATCH,CUS00557,PROD00557,Camera,Aster,AST-CAM-0557,SN-2026-000557,2025-11-30,2025-12-31,2025-12-14,24,2027-11-30,Active,699,No,Water Leakage,Manufacturing Defect,Yes,Yes,Yes,Yes,Yes,Yes,No,Yes,No,0,N/A,No,N/A,No,Yes,No,No,No,No,Yes,0,423.9,0.0,0.9,Mobile App,Invalid Claim
CLM00558,INVALID_58_UNAUTHORIZED_REPAIR,CUS00558,PROD00558,Television,PrimeView,PRI-TEL-0558,SN-2026-000558,2025-11-11,2027-09-30,2027-09-09,24,2027-11-11,Active,42,No,Overheating,Electrical Failure,Yes,Yes,Yes,Yes,Yes,Yes,Yes,Yes,Yes,2,No,No,N/A,Yes,Yes,No,No,No,Yes,Yes,3,2271.94,961.42,0.883,Service Center,Invalid Claim
CLM00559,INVALID_59_REPORTING_PERIOD,CUS00559,PROD00559,Refrigerator,Aster,AST-REF-0559,SN-2026-000559,2025-01-02,2026-07-02,2026-05-03,36,2028-01-02,Active,826,No,Mechanical Failure,Electrical Failure,Yes,No,Yes,No,Yes,Yes,Yes,Yes,No,0,N/A,No,N/A,Yes,Yes,No,No,No,No,Yes,0,2106.01,0.0,0.94,Service Center,Invalid Claim
CLM00560,INVALID_60_DUPLICATE_CLAIM,CUS00560,PROD00560,Refrigerator,NovaTech,NOV-REF-0560,SN-2026-000560,2025-10-24,2027-09-19,2027-08-25,12,2026-10-24,Active,-330,No,Noise,Electrical Failure,Yes,Yes,Yes,Yes,Yes,No,Yes,No,No,0,N/A,No,N/A,Yes,Yes,Yes,Yes,No,No,Yes,2,2158.93,0.0,0.791,Mobile App,Invalid Claim
CLM00561,INVALID_61_EXPIRED_WARRANTY,CUS00561,PROD00561,Refrigerator,HomePro,HOM-REF-0561,SN-2026-000561,2026-03-07,2028-06-05,2028-05-26,24,2028-03-07,Expired,-90,No,Noise,Electrical Failure,Yes,Yes,Yes,Yes,Yes,Yes,Yes,Yes,No,0,N/A,No,N/A,Yes,Yes,No,No,No,Yes,Yes,1,2267.76,0.0,0.944,Web,Invalid Claim
CLM00562,INVALID_62_EXCLUDED_DAMAGE,CUS00562,PROD00562,Laptop,NovaTech,NOV-LAP-0562,SN-2026-000562,2024-08-03,2026-02-03,2026-01-29,36,2027-08-03,Active,546,No,Display Failure,Accidental Damage,No,Yes,Yes,Yes,Yes,No,Yes,No,No,0,N/A,No,N/A,Yes,Yes,No,No,No,No,Yes,2,2702.4,0.0,0.903,Web,Invalid Claim
CLM00563,INVALID_63_SERIAL_MISMATCH,CUS00563,PROD00563,Television,NovaTech,NOV-TEL-0563,SN-2026-000563,2024-05-26,2025-09-03,2025-08-09,12,2025-05-26,Active,-100,No,Connectivity Issue,Manufacturing Defect,Yes,Yes,Yes,No,Yes,Yes,Yes,No,No,0,N/A,No,N/A,No,Yes,No,No,No,No,Yes,3,223.11,0.0,0.928,Service Center,Invalid Claim
CLM00564,INVALID_64_UNAUTHORIZED_REPAIR,CUS00564,PROD00564,Smartphone,ZenCore,ZEN-SMA-0564,SN-2026-000564,2023-11-24,2025-05-23,2025-05-10,24,2025-11-24,Active,185,No,Display Failure,Manufacturing Defect,Yes,Yes,Yes,Yes,Yes,Yes,Yes,Yes,Yes,1,No,Yes,No,No,Yes,No,No,No,Yes,Yes,3,636.79,579.8,0.783,Web,Invalid Claim
CLM00565,INVALID_65_REPORTING_PERIOD,CUS00565,PROD00565,Refrigerator,Aster,AST-REF-0565,SN-2026-000565,2025-09-14,2026-03-14,2026-01-13,12,2026-09-14,Active,-203,Yes,Display Failure,Manufacturing Defect,Yes,No,Yes,Yes,No,Yes,Yes,No,No,0,N/A,No,N/A,Yes,Yes,No,No,No,No,Yes,3,646.07,0.0,0.785,Web,Invalid Claim
CLM00566,INVALID_66_DUPLICATE_CLAIM,CUS00566,PROD00566,Air Conditioner,Aster,AST-AIR-0566,SN-2026-000566,2024-12-31,2026-10-19,2026-10-07,12,2025-12-31,Active,-292,No,Connectivity Issue,Electrical Failure,Yes,Yes,Yes,Yes,Yes,Yes,Yes,Yes,No,0,N/A,No,N/A,Yes,Yes,Yes,Yes,No,Yes,Yes,3,2365.94,0.0,0.872,Web,Invalid Claim
CLM00567,INVALID_67_EXPIRED_WARRANTY,CUS00567,PROD00567,Washing Machine,ZenCore,ZEN-WAS-0567,SN-2026-000567,2023-11-05,2025-02-03,2025-01-24,12,2024-11-05,Expired,-90,No,Water Leakage,Manufacturing Defect,Yes,Yes,Yes,Yes,Yes,Yes,No,Yes,No,0,N/A,No,N/A,Yes,Yes,No,No,No,No,Yes,2,1347.57,0.0,0.831,Email,Invalid Claim
CLM00568,INVALID_68_EXCLUDED_DAMAGE,CUS00568,PROD00568,Printer,NovaTech,NOV-PRI-0568,SN-2026-000568,2025-02-16,2026-02-16,2026-02-11,24,2027-02-16,Active,365,No,Water Leakage,Accidental Damage,No,Yes,Yes,Yes,Yes,Yes,Yes,No,No,0,N/A,No,N/A,Yes,Yes,No,No,No,Yes,Yes,1,2506.87,0.0,0.939,Email,Invalid Claim
CLM00569,INVALID_69_SERIAL_MISMATCH,CUS00569,PROD00569,Air Conditioner,HomePro,HOM-AIR-0569,SN-2026-000569,2025-06-14,2027-07-16,2027-07-10,36,2028-06-14,Active,334,No,Battery Problem,Electrical Failure,Yes,Yes,Yes,No,Yes,Yes,Yes,No,Yes,3,Yes,No,N/A,No,Yes,No,No,No,No,Yes,3,1694.4,528.07,0.937,Web,Invalid Claim
CLM00570,INVALID_70_UNAUTHORIZED_REPAIR,CUS00570,PROD00570,Laptop,NovaTech,NOV-LAP-0570,SN-2026-000570,2024-08-17,2024-12-19,2024-12-12,12,2025-08-17,Active,241,No,Battery Problem,Manufacturing Defect,Yes,Yes,Yes,Yes,Yes,Yes,Yes,Yes,Yes,1,No,No,N/A,Yes,Yes,No,No,No,Yes,Yes,1,268.24,1133.28,0.814,Mobile App,Invalid Claim
CLM00571,INVALID_71_REPORTING_PERIOD,CUS00571,PROD00571,Air Conditioner,PrimeView,PRI-AIR-0571,SN-2026-000571,2024-11-08,2026-05-08,2026-03-09,36,2027-11-08,Active,317,No,Power Failure,Manufacturing Defect,Yes,No,Yes,Yes,No,Yes,Yes,Yes,Yes,1,Yes,No,N/A,Yes,Yes,No,No,No,No,Yes,3,216.78,613.26,0.81,Web,Invalid Claim
CLM00572,INVALID_72_DUPLICATE_CLAIM,CUS00572,PROD00572,Refrigerator,HomePro,HOM-REF-0572,SN-2026-000572,2025-02-20,2025-07-06,2025-06-23,36,2028-02-20,Active,959,No,Power Failure,Manufacturing Defect,Yes,Yes,Yes,Yes,Yes,Yes,Yes,Yes,No,0,N/A,No,N/A,Yes,Yes,Yes,Yes,No,Yes,Yes,2,2006.7,0.0,0.767,Email,Invalid Claim
CLM00573,INVALID_73_EXPIRED_WARRANTY,CUS00573,PROD00573,Washing Machine,ZenCore,ZEN-WAS-0573,SN-2026-000573,2024-10-24,2027-01-22,2027-01-12,24,2026-10-24,Expired,-90,No,Power Failure,Manufacturing Defect,Yes,Yes,Yes,Yes,Yes,Yes,Yes,No,No,0,N/A,No,N/A,Yes,Yes,No,No,No,Yes,Yes,0,138.17,0.0,0.753,Mobile App,Invalid Claim
CLM00574,INVALID_74_EXCLUDED_DAMAGE,CUS00574,PROD00574,Refrigerator,HomePro,HOM-REF-0574,SN-2026-000574,2024-08-19,2025-08-19,2025-08-14,24,2026-08-19,Active,365,Yes,Battery Problem,Physical Damage,No,Yes,Yes,Yes,Yes,Yes,Yes,Yes,No,0,N/A,No,N/A,Yes,Yes,No,No,No,Yes,Yes,2,1788.97,0.0,0.759,Email,Invalid Claim
CLM00575,INVALID_75_SERIAL_MISMATCH,CUS00575,PROD00575,Refrigerator,Aster,AST-REF-0575,SN-2026-000575,2025-02-05,2027-07-19,2027-06-22,24,2027-02-05,Active,-164,No,Display Failure,Electrical Failure,Yes,Yes,Yes,Yes,Yes,Yes,Yes,No,Yes,3,Yes,Yes,Yes,No,Yes,No,No,No,Yes,Yes,1,283.77,1254.25,0.922,Web,Invalid Claim
CLM00576,INVALID_76_UNAUTHORIZED_REPAIR,CUS00576,PROD00576,Washing Machine,ZenCore,ZEN-WAS-0576,SN-2026-000576,2025-06-09,2026-08-20,2026-07-23,24,2027-06-09,Active,293,No,Battery Problem,Manufacturing Defect,Yes,Yes,No,Yes,Yes,Yes,Yes,Yes,Yes,2,No,No,N/A,Yes,Yes,No,No,No,No,No,3,2331.89,852.73,0.761,Mobile App,Invalid Claim
CLM00577,INVALID_77_REPORTING_PERIOD,CUS00577,PROD00577,Camera,HomePro,HOM-CAM-0577,SN-2026-000577,2023-11-01,2025-05-01,2025-03-02,36,2026-11-01,Active,358,No,Overheating,Manufacturing Defect,Yes,No,Yes,Yes,Yes,Yes,Yes,Yes,No,0,N/A,No,N/A,Yes,Yes,No,No,No,Yes,Yes,0,2168.43,0.0,0.971,Web,Invalid Claim
CLM00578,INVALID_78_DUPLICATE_CLAIM,CUS00578,PROD00578,Smartphone,PrimeView,PRI-SMA-0578,SN-2026-000578,2024-01-28,2024-12-28,2024-12-22,24,2026-01-28,Active,396,No,Connectivity Issue,Electrical Failure,Yes,Yes,Yes,Yes,Yes,Yes,No,Yes,No,0,N/A,No,N/A,Yes,Yes,Yes,Yes,No,No,Yes,3,1245.52,0.0,0.974,Web,Invalid Claim
CLM00579,INVALID_79_EXPIRED_WARRANTY,CUS00579,PROD00579,Laptop,Aster,AST-LAP-0579,SN-2026-000579,2024-01-29,2025-04-29,2025-04-19,12,2025-01-29,Expired,-90,No,Power Failure,Electrical Failure,Yes,Yes,Yes,No,No,Yes,No,Yes,No,0,N/A,No,N/A,Yes,Yes,No,No,No,No,Yes,0,1343.29,0.0,0.9,Email,Invalid Claim
CLM00580,INVALID_80_EXCLUDED_DAMAGE,CUS00580,PROD00580,Laptop,Aster,AST-LAP-0580,SN-2026-000580,2025-01-03,2026-07-03,2026-06-28,36,2028-01-03,Active,549,No,Display Failure,Accidental Damage,No,Yes,Yes,No,Yes,Yes,Yes,Yes,No,0,N/A,No,N/A,Yes,Yes,No,No,No,No,Yes,3,2345.46,0.0,0.827,Mobile App,Invalid Claim
CLM00581,INVALID_81_SERIAL_MISMATCH,CUS00581,PROD00581,Washing Machine,NovaTech,NOV-WAS-0581,SN-2026-000581,2023-11-30,2025-02-20,2025-01-26,36,2026-11-30,Active,648,No,Water Leakage,Manufacturing Defect,Yes,Yes,Yes,No,Yes,Yes,No,No,No,0,N/A,No,N/A,No,Yes,No,No,No,No,Yes,1,1052.24,0.0,0.886,Web,Invalid Claim
CLM00582,INVALID_82_UNAUTHORIZED_REPAIR,CUS00582,PROD00582,Printer,PrimeView,PRI-PRI-0582,SN-2026-000582,2023-01-14,2023-12-12,2023-11-26,36,2026-01-14,Active,764,No,Water Leakage,Manufacturing Defect,Yes,Yes,Yes,Yes,Yes,Yes,Yes,Yes,Yes,1,No,No,N/A,Yes,No,No,No,No,Yes,Yes,2,2550.89,669.83,0.85,Email,Invalid Claim
CLM00583,INVALID_83_REPORTING_PERIOD,CUS00583,PROD00583,Air Conditioner,NovaTech,NOV-AIR-0583,SN-2026-000583,2023-02-26,2023-08-26,2023-06-27,12,2024-02-26,Active,-284,No,Water Leakage,Electrical Failure,Yes,No,Yes,Yes,Yes,Yes,Yes,No,No,0,N/A,No,N/A,Yes,Yes,No,No,No,Yes,Yes,2,141.41,0.0,0.789,Mobile App,Invalid Claim
CLM00584,INVALID_84_DUPLICATE_CLAIM,CUS00584,PROD00584,Laptop,ZenCore,ZEN-LAP-0584,SN-2026-000584,2024-03-08,2025-12-20,2025-12-08,24,2026-03-08,Active,78,No,Noise,Manufacturing Defect,Yes,Yes,Yes,Yes,Yes,Yes,Yes,No,No,0,N/A,No,N/A,Yes,Yes,Yes,Yes,No,Yes,Yes,2,959.6,0.0,0.86,Service Center,Invalid Claim
CLM00585,INVALID_85_EXPIRED_WARRANTY,CUS00585,PROD00585,Printer,PrimeView,PRI-PRI-0585,SN-2026-000585,2023-11-18,2025-02-16,2025-02-06,12,2024-11-18,Expired,-90,Yes,Battery Problem,Manufacturing Defect,Yes,Yes,Yes,Yes,Yes,Yes,Yes,Yes,No,0,N/A,No,N/A,Yes,Yes,No,No,No,Yes,Yes,2,674.28,0.0,0.833,Mobile App,Invalid Claim
CLM00586,INVALID_86_EXCLUDED_DAMAGE,CUS00586,PROD00586,Refrigerator,ZenCore,ZEN-REF-0586,SN-2026-000586,2023-06-14,2023-12-14,2023-12-09,12,2024-06-14,Active,183,Yes,Battery Problem,Normal Wear,No,Yes,Yes,Yes,Yes,Yes,Yes,No,No,0,N/A,Yes,Yes,Yes,Yes,No,No,No,Yes,Yes,3,259.51,0.0,0.848,Web,Invalid Claim
CLM00587,INVALID_87_SERIAL_MISMATCH,CUS00587,PROD00587,Television,Aster,AST-TEL-0587,SN-2026-000587,2026-03-04,2028-05-02,2028-05-01,36,2029-03-04,Active,306,No,Display Failure,Manufacturing Defect,Yes,Yes,Yes,Yes,Yes,Yes,Yes,No,No,0,N/A,No,N/A,No,Yes,No,No,No,Yes,Yes,0,1443.78,0.0,0.77,Email,Invalid Claim
CLM00588,INVALID_88_UNAUTHORIZED_REPAIR,CUS00588,PROD00588,Camera,HomePro,HOM-CAM-0588,SN-2026-000588,2025-04-19,2027-06-09,2027-05-18,24,2027-04-19,Active,-51,No,Battery Problem,Manufacturing Defect,Yes,Yes,Yes,Yes,No,Yes,Yes,Yes,Yes,2,No,No,N/A,Yes,Yes,No,No,No,No,Yes,3,284.37,564.74,0.93,Email,Invalid Claim
CLM00589,INVALID_89_REPORTING_PERIOD,CUS00589,PROD00589,Camera,PrimeView,PRI-CAM-0589,SN-2026-000589,2024-04-12,2025-04-12,2025-02-11,24,2026-04-12,Active,492,No,Battery Problem,Electrical Failure,Yes,No,Yes,Yes,Yes,No,Yes,Yes,No,0,N/A,No,N/A,Yes,Yes,No,No,No,No,Yes,1,2743.38,0.0,0.783,Service Center,Invalid Claim
CLM00590,INVALID_90_DUPLICATE_CLAIM,CUS00590,PROD00590,Air Conditioner,NovaTech,NOV-AIR-0590,SN-2026-000590,2023-04-27,2025-02-13,2025-01-17,12,2024-04-27,Active,-292,No,Overheating,Electrical Failure,Yes,Yes,Yes,Yes,Yes,Yes,No,Yes,No,0,N/A,No,N/A,Yes,Yes,Yes,Yes,No,No,Yes,3,425.02,0.0,0.966,Mobile App,Invalid Claim
CLM00591,INVALID_91_EXPIRED_WARRANTY,CUS00591,PROD00591,Laptop,PrimeView,PRI-LAP-0591,SN-2026-000591,2023-03-07,2024-06-05,2024-05-26,12,2024-03-07,Expired,-90,No,Mechanical Failure,Electrical Failure,Yes,Yes,Yes,Yes,Yes,Yes,Yes,Yes,No,0,N/A,No,N/A,Yes,Yes,No,No,No,Yes,Yes,2,86.34,0.0,0.759,Mobile App,Invalid Claim
CLM00592,INVALID_92_EXCLUDED_DAMAGE,CUS00592,PROD00592,Camera,ZenCore,ZEN-CAM-0592,SN-2026-000592,2025-10-21,2026-10-21,2026-10-16,24,2027-10-21,Active,365,No,Mechanical Failure,Accidental Damage,No,Yes,Yes,Yes,Yes,Yes,Yes,No,No,0,N/A,Yes,Yes,Yes,Yes,No,No,Yes,Yes,Yes,3,1491.8,0.0,0.861,Email,Invalid Claim
CLM00593,INVALID_93_SERIAL_MISMATCH,CUS00593,PROD00593,Television,ZenCore,ZEN-TEL-0593,SN-2026-000593,2024-09-13,2024-10-19,2024-09-21,12,2025-09-13,Active,329,No,Overheating,Electrical Failure,Yes,Yes,Yes,Yes,Yes,Yes,Yes,No,No,0,N/A,No,N/A,No,Yes,No,No,No,Yes,Yes,2,2896.05,0.0,0.839,Web,Invalid Claim
CLM00594,INVALID_94_UNAUTHORIZED_REPAIR,CUS00594,PROD00594,Printer,HomePro,HOM-PRI-0594,SN-2026-000594,2026-01-11,2027-12-08,2027-12-05,36,2029-01-11,Active,400,No,Overheating,Manufacturing Defect,Yes,Yes,Yes,No,Yes,Yes,Yes,Yes,Yes,1,No,No,N/A,Yes,Yes,No,No,No,No,Yes,3,1993.18,239.12,0.928,Email,Invalid Claim
CLM00595,INVALID_95_REPORTING_PERIOD,CUS00595,PROD00595,Refrigerator,NovaTech,NOV-REF-0595,SN-2026-000595,2023-08-12,2025-02-12,2024-12-14,36,2026-08-12,Active,709,No,Water Leakage,Electrical Failure,Yes,No,Yes,Yes,Yes,Yes,Yes,No,No,0,N/A,No,N/A,Yes,Yes,No,No,No,Yes,Yes,1,774.69,0.0,0.941,Mobile App,Invalid Claim
CLM00596,INVALID_96_DUPLICATE_CLAIM,CUS00596,PROD00596,Washing Machine,ZenCore,ZEN-WAS-0596,SN-2026-000596,2024-03-26,2026-04-01,2026-03-11,12,2025-03-26,Active,-371,No,Display Failure,Electrical Failure,Yes,Yes,Yes,Yes,Yes,Yes,Yes,Yes,No,0,N/A,No,N/A,Yes,Yes,Yes,Yes,No,Yes,Yes,2,2569.92,0.0,0.833,Email,Invalid Claim
CLM00597,INVALID_97_EXPIRED_WARRANTY,CUS00597,PROD00597,Refrigerator,ZenCore,ZEN-REF-0597,SN-2026-000597,2025-11-25,2027-02-23,2027-02-13,12,2026-11-25,Expired,-90,No,Mechanical Failure,Manufacturing Defect,Yes,Yes,Yes,Yes,Yes,Yes,Yes,Yes,No,0,N/A,No,N/A,Yes,Yes,No,No,No,Yes,Yes,3,2335.79,0.0,0.836,Mobile App,Invalid Claim
CLM00598,INVALID_98_EXCLUDED_DAMAGE,CUS00598,PROD00598,Refrigerator,PrimeView,PRI-REF-0598,SN-2026-000598,2023-10-11,2024-10-11,2024-10-06,24,2025-10-11,Active,365,No,Battery Problem,Water Damage,No,Yes,Yes,Yes,Yes,Yes,No,Yes,No,0,N/A,No,N/A,Yes,Yes,No,No,No,No,Yes,0,1491.52,0.0,0.867,Email,Invalid Claim
CLM00599,INVALID_99_SERIAL_MISMATCH,CUS00599,PROD00599,Washing Machine,NovaTech,NOV-WAS-0599,SN-2026-000599,2023-12-05,2025-06-28,2025-06-22,36,2026-12-05,Active,525,Yes,Mechanical Failure,Electrical Failure,Yes,Yes,Yes,Yes,Yes,No,No,Yes,No,0,N/A,No,N/A,No,Yes,No,No,No,No,Yes,0,125.04,0.0,0.93,Web,Invalid Claim
CLM00600,INVALID_100_UNAUTHORIZED_REPAIR,CUS00600,PROD00600,Smartphone,PrimeView,PRI-SMA-0600,SN-2026-000600,2025-05-01,2027-07-31,2027-07-24,12,2026-05-01,Active,-456,No,Connectivity Issue,Manufacturing Defect,Yes,Yes,Yes,Yes,No,Yes,Yes,Yes,Yes,1,No,No,N/A,Yes,Yes,No,No,Yes,No,Yes,0,2961.38,696.73,0.803,Web,Invalid Claim
CLM00601,INVALID_101_REPORTING_PERIOD,CUS00601,PROD00601,Smartphone,PrimeView,PRI-SMA-0601,SN-2026-000601,2024-12-18,2025-06-18,2025-04-19,12,2025-12-18,Active,-297,No,Mechanical Failure,Manufacturing Defect,Yes,No,No,Yes,Yes,Yes,Yes,Yes,Yes,1,Yes,No,N/A,Yes,Yes,No,No,No,No,No,3,831.59,1008.14,0.876,Email,Invalid Claim
CLM00602,INVALID_102_DUPLICATE_CLAIM,CUS00602,PROD00602,Refrigerator,ZenCore,ZEN-REF-0602,SN-2026-000602,2024-01-12,2024-12-29,2024-12-14,12,2025-01-12,Active,14,No,Noise,Electrical Failure,Yes,Yes,Yes,Yes,Yes,Yes,Yes,No,No,0,N/A,No,N/A,Yes,Yes,Yes,Yes,No,Yes,Yes,3,722.32,0.0,0.882,Email,Invalid Claim
CLM00603,INVALID_103_EXPIRED_WARRANTY,CUS00603,PROD00603,Smartphone,HomePro,HOM-SMA-0603,SN-2026-000603,2025-08-25,2028-11-23,2028-11-13,36,2028-08-25,Expired,-90,No,Battery Problem,Manufacturing Defect,Yes,Yes,Yes,Yes,No,Yes,Yes,Yes,No,0,N/A,No,N/A,Yes,Yes,No,No,No,No,Yes,3,1500.48,0.0,0.903,Service Center,Invalid Claim
CLM00604,INVALID_104_EXCLUDED_DAMAGE,CUS00604,PROD00604,Refrigerator,NovaTech,NOV-REF-0604,SN-2026-000604,2024-04-02,2025-10-02,2025-09-27,36,2027-04-02,Active,547,No,Mechanical Failure,Water Damage,No,Yes,Yes,Yes,Yes,Yes,Yes,Yes,No,0,N/A,No,N/A,Yes,Yes,No,No,No,Yes,Yes,1,1196.36,0.0,0.859,Web,Invalid Claim
CLM00605,INVALID_105_SERIAL_MISMATCH,CUS00605,PROD00605,Air Conditioner,NovaTech,NOV-AIR-0605,SN-2026-000605,2024-06-29,2024-11-15,2024-10-21,12,2025-06-29,Active,226,No,Power Failure,Electrical Failure,Yes,Yes,No,Yes,Yes,Yes,Yes,Yes,No,0,N/A,No,N/A,No,Yes,No,No,Yes,No,No,2,1602.9,0.0,0.755,Email,Invalid Claim
CLM00606,INVALID_106_UNAUTHORIZED_REPAIR,CUS00606,PROD00606,Air Conditioner,Aster,AST-AIR-0606,SN-2026-000606,2025-07-05,2026-08-06,2026-07-20,36,2028-07-05,Active,699,No,Display Failure,Electrical Failure,Yes,Yes,Yes,Yes,Yes,Yes,Yes,Yes,Yes,1,No,No,N/A,Yes,Yes,No,No,No,Yes,Yes,2,1066.15,584.25,0.989,Web,Invalid Claim
CLM00607,INVALID_107_REPORTING_PERIOD,CUS00607,PROD00607,Smartphone,Aster,AST-SMA-0607,SN-2026-000607,2025-09-10,2026-03-10,2026-01-09,12,2026-09-10,Active,-63,No,Water Leakage,Manufacturing Defect,Yes,No,Yes,Yes,Yes,Yes,Yes,Yes,Yes,3,Yes,No,N/A,Yes,Yes,No,No,No,Yes,Yes,2,1824.98,577.11,0.918,Service Center,Invalid Claim
CLM00608,INVALID_108_DUPLICATE_CLAIM,CUS00608,PROD00608,Air Conditioner,ZenCore,ZEN-AIR-0608,SN-2026-000608,2026-01-08,2026-10-09,2026-09-22,24,2028-01-08,Active,456,No,Display Failure,Electrical Failure,Yes,Yes,Yes,No,Yes,No,Yes,Yes,No,0,N/A,No,N/A,Yes,Yes,Yes,Yes,No,No,Yes,2,2075.27,0.0,0.97,Mobile App,Invalid Claim
CLM00609,INVALID_109_EXPIRED_WARRANTY,CUS00609,PROD00609,Television,PrimeView,PRI-TEL-0609,SN-2026-000609,2023-04-15,2025-07-14,2025-07-04,24,2025-04-15,Expired,-90,No,Connectivity Issue,Manufacturing Defect,Yes,Yes,Yes,Yes,Yes,Yes,Yes,Yes,No,0,N/A,No,N/A,Yes,Yes,No,No,No,Yes,Yes,2,2323.71,0.0,0.876,Mobile App,Invalid Claim
CLM00610,INVALID_110_EXCLUDED_DAMAGE,CUS00610,PROD00610,Television,Aster,AST-TEL-0610,SN-2026-000610,2025-06-07,2026-12-07,2026-12-02,36,2028-06-07,Active,548,No,Noise,Water Damage,No,Yes,Yes,Yes,Yes,No,Yes,Yes,No,0,N/A,No,N/A,Yes,Yes,No,No,No,No,Yes,3,2289.54,0.0,0.789,Web,Invalid Claim
CLM00611,INVALID_111_SERIAL_MISMATCH,CUS00611,PROD00611,Laptop,Aster,AST-LAP-0611,SN-2026-000611,2026-02-06,2028-05-27,2028-05-06,12,2027-02-06,Active,-476,No,Connectivity Issue,Electrical Failure,Yes,Yes,Yes,No,Yes,Yes,Yes,Yes,No,0,N/A,Yes,Yes,No,Yes,Yes,No,No,No,Yes,2,2757.41,0.0,0.828,Web,Invalid Claim
CLM00612,INVALID_112_UNAUTHORIZED_REPAIR,CUS00612,PROD00612,Camera,PrimeView,PRI-CAM-0612,SN-2026-000612,2025-01-13,2027-02-15,2027-02-08,24,2027-01-13,Active,-33,Yes,Power Failure,Electrical Failure,Yes,Yes,Yes,Yes,Yes,Yes,Yes,Yes,Yes,1,No,No,N/A,Yes,Yes,No,No,No,Yes,Yes,1,1759.28,321.07,0.964,Email,Invalid Claim
CLM00613,INVALID_113_REPORTING_PERIOD,CUS00613,PROD00613,Smartphone,Aster,AST-SMA-0613,SN-2026-000613,2023-09-19,2024-03-19,2024-01-19,12,2024-09-19,Active,-229,No,Power Failure,Electrical Failure,Yes,No,Yes,Yes,Yes,Yes,Yes,No,No,0,N/A,No,N/A,Yes,Yes,No,No,No,Yes,Yes,0,1712.28,0.0,0.971,Service Center,Invalid Claim
CLM00614,INVALID_114_DUPLICATE_CLAIM,CUS00614,PROD00614,Refrigerator,NovaTech,NOV-REF-0614,SN-2026-000614,2023-01-17,2024-05-07,2024-05-03,12,2024-01-17,Active,-111,No,Mechanical Failure,Manufacturing Defect,Yes,Yes,Yes,Yes,Yes,Yes,Yes,Yes,No,0,N/A,No,N/A,Yes,Yes,Yes,Yes,No,Yes,Yes,1,799.82,0.0,0.806,Service Center,Invalid Claim
CLM00615,INVALID_115_EXPIRED_WARRANTY,CUS00615,PROD00615,Air Conditioner,ZenCore,ZEN-AIR-0615,SN-2026-000615,2025-09-04,2026-12-03,2026-11-23,12,2026-09-04,Expired,-90,No,Display Failure,Manufacturing Defect,Yes,Yes,Yes,Yes,Yes,Yes,No,Yes,No,0,N/A,No,N/A,Yes,No,No,No,No,No,Yes,1,1433.12,0.0,0.858,Web,Invalid Claim
CLM00616,INVALID_116_EXCLUDED_DAMAGE,CUS00616,PROD00616,Printer,ZenCore,ZEN-PRI-0616,SN-2026-000616,2025-06-25,2026-06-25,2026-06-20,24,2027-06-25,Active,365,No,Overheating,Physical Damage,No,Yes,Yes,No,Yes,Yes,Yes,Yes,No,0,N/A,No,N/A,Yes,Yes,No,No,No,No,Yes,0,389.88,0.0,0.777,Mobile App,Invalid Claim
CLM00617,INVALID_117_SERIAL_MISMATCH,CUS00617,PROD00617,Air Conditioner,HomePro,HOM-AIR-0617,SN-2026-000617,2024-11-21,2026-02-09,2026-01-25,24,2026-11-21,Active,285,No,Mechanical Failure,Manufacturing Defect,Yes,Yes,No,No,Yes,Yes,Yes,Yes,No,0,N/A,No,N/A,No,Yes,No,No,No,No,No,0,2614.14,0.0,0.885,Service Center,Invalid Claim
CLM00618,INVALID_118_UNAUTHORIZED_REPAIR,CUS00618,PROD00618,Air Conditioner,PrimeView,PRI-AIR-0618,SN-2026-000618,2024-01-12,2024-07-07,2024-06-13,24,2026-01-12,Active,554,No,Power Failure,Manufacturing Defect,Yes,Yes,Yes,Yes,Yes,Yes,Yes,Yes,Yes,2,No,No,N/A,Yes,Yes,No,No,No,Yes,Yes,2,2858.93,251.82,0.943,Web,Invalid Claim
CLM00619,INVALID_119_REPORTING_PERIOD,CUS00619,PROD00619,Printer,NovaTech,NOV-PRI-0619,SN-2026-000619,2026-03-28,2027-03-28,2027-01-27,24,2028-03-28,Active,323,No,Water Leakage,Manufacturing Defect,Yes,No,Yes,Yes,Yes,Yes,Yes,Yes,No,0,N/A,No,N/A,No,Yes,No,Yes,No,Yes,Yes,0,1289.24,0.0,0.971,Email,Invalid Claim
CLM00620,INVALID_120_DUPLICATE_CLAIM,CUS00620,PROD00620,Refrigerator,PrimeView,PRI-REF-0620,SN-2026-000620,2023-02-22,2024-08-12,2024-07-31,24,2025-02-22,Active,194,No,Noise,Manufacturing Defect,Yes,Yes,Yes,No,Yes,Yes,Yes,Yes,No,0,N/A,No,N/A,Yes,Yes,Yes,Yes,No,No,Yes,3,1225.95,0.0,0.819,Service Center,Invalid Claim
CLM00621,INVALID_121_EXPIRED_WARRANTY,CUS00621,PROD00621,Washing Machine,NovaTech,NOV-WAS-0621,SN-2026-000621,2024-08-17,2025-11-15,2025-11-05,12,2025-08-17,Expired,-90,No,Battery Problem,Manufacturing Defect,Yes,Yes,Yes,Yes,Yes,Yes,Yes,No,No,0,N/A,No,N/A,Yes,Yes,No,No,No,Yes,Yes,2,1781.5,0.0,0.914,Web,Invalid Claim
CLM00622,INVALID_122_EXCLUDED_DAMAGE,CUS00622,PROD00622,Smartphone,NovaTech,NOV-SMA-0622,SN-2026-000622,2024-01-14,2025-07-14,2025-07-09,36,2027-01-14,Active,549,No,Mechanical Failure,Water Damage,No,Yes,Yes,No,No,Yes,Yes,Yes,No,0,N/A,No,N/A,Yes,Yes,No,No,No,No,Yes,0,688.01,0.0,0.907,Email,Invalid Claim
CLM00623,INVALID_123_SERIAL_MISMATCH,CUS00623,PROD00623,Air Conditioner,Aster,AST-AIR-0623,SN-2026-000623,2024-11-20,2026-12-06,2026-11-22,12,2025-11-20,Active,-381,No,Display Failure,Manufacturing Defect,Yes,Yes,No,Yes,Yes,Yes,Yes,Yes,Yes,3,Yes,No,N/A,No,Yes,No,No,No,No,No,0,1746.22,558.06,0.778,Email,Invalid Claim
CLM00624,INVALID_124_UNAUTHORIZED_REPAIR,CUS00624,PROD00624,Laptop,HomePro,HOM-LAP-0624,SN-2026-000624,2023-07-20,2025-01-16,2025-01-02,12,2024-07-20,Active,-180,No,Battery Problem,Electrical Failure,Yes,Yes,Yes,Yes,Yes,Yes,Yes,Yes,Yes,1,No,Yes,Yes,Yes,Yes,No,No,No,Yes,Yes,3,210.87,736.95,0.971,Web,Invalid Claim
CLM00625,INVALID_125_REPORTING_PERIOD,CUS00625,PROD00625,Refrigerator,ZenCore,ZEN-REF-0625,SN-2026-000625,2024-11-04,2026-05-04,2026-03-05,36,2027-11-04,Active,801,No,Battery Problem,Electrical Failure,Yes,No,Yes,Yes,Yes,Yes,Yes,No,Yes,3,No,No,N/A,Yes,Yes,No,Yes,No,Yes,Yes,2,1428.27,1422.85,0.77,Web,Invalid Claim
CLM00626,INVALID_126_DUPLICATE_CLAIM,CUS00626,PROD00626,Television,Aster,AST-TEL-0626,SN-2026-000626,2025-10-26,2027-10-23,2027-09-29,24,2027-10-26,Active,3,No,Display Failure,Electrical Failure,Yes,Yes,Yes,Yes,Yes,Yes,No,Yes,No,0,N/A,No,N/A,Yes,Yes,Yes,Yes,Yes,No,Yes,3,1164.72,0.0,0.858,Service Center,Invalid Claim
CLM00627,INVALID_127_EXPIRED_WARRANTY,CUS00627,PROD00627,Camera,NovaTech,NOV-CAM-0627,SN-2026-000627,2024-05-08,2025-08-06,2025-07-27,12,2025-05-08,Expired,-90,No,Noise,Manufacturing Defect,Yes,Yes,Yes,Yes,Yes,Yes,Yes,Yes,Yes,1,Yes,No,N/A,Yes,No,No,No,No,Yes,Yes,3,911.48,914.5,0.915,Web,Invalid Claim
CLM00628,INVALID_128_EXCLUDED_DAMAGE,CUS00628,PROD00628,Camera,PrimeView,PRI-CAM-0628,SN-2026-000628,2023-08-02,2024-02-02,2024-01-28,12,2024-08-02,Active,182,No,Overheating,Accidental Damage,No,Yes,Yes,No,Yes,Yes,Yes,No,No,0,N/A,No,N/A,Yes,Yes,No,No,No,No,Yes,1,90.94,0.0,0.937,Web,Invalid Claim
CLM00629,INVALID_129_SERIAL_MISMATCH,CUS00629,PROD00629,Laptop,NovaTech,NOV-LAP-0629,SN-2026-000629,2024-05-27,2025-01-25,2025-01-22,12,2025-05-27,Active,122,No,Connectivity Issue,Manufacturing Defect,Yes,Yes,Yes,Yes,Yes,No,Yes,Yes,No,0,N/A,No,N/A,No,Yes,No,No,No,No,Yes,0,1232.76,0.0,0.779,Service Center,Invalid Claim
CLM00630,INVALID_130_UNAUTHORIZED_REPAIR,CUS00630,PROD00630,Television,ZenCore,ZEN-TEL-0630,SN-2026-000630,2024-08-29,2025-02-12,2025-02-08,24,2026-08-29,Active,563,No,Overheating,Manufacturing Defect,Yes,Yes,Yes,Yes,Yes,Yes,Yes,Yes,Yes,2,No,No,N/A,Yes,Yes,No,No,No,Yes,Yes,1,2533.45,914.11,0.838,Email,Invalid Claim
CLM00631,INVALID_131_REPORTING_PERIOD,CUS00631,PROD00631,Washing Machine,NovaTech,NOV-WAS-0631,SN-2026-000631,2024-06-18,2025-12-18,2025-10-19,36,2027-06-18,Active,595,Yes,Water Leakage,Manufacturing Defect,Yes,No,Yes,No,Yes,No,Yes,No,No,0,N/A,No,N/A,No,Yes,No,No,No,No,Yes,3,1281.32,0.0,0.9,Web,Invalid Claim
CLM00632,INVALID_132_DUPLICATE_CLAIM,CUS00632,PROD00632,Television,Aster,AST-TEL-0632,SN-2026-000632,2023-11-18,2025-10-06,2025-09-22,24,2025-11-18,Active,43,No,Connectivity Issue,Electrical Failure,Yes,Yes,Yes,Yes,Yes,Yes,Yes,No,No,0,N/A,No,N/A,Yes,Yes,Yes,Yes,No,Yes,Yes,1,1023.52,0.0,0.776,Service Center,Invalid Claim
CLM00633,INVALID_133_EXPIRED_WARRANTY,CUS00633,PROD00633,Printer,Aster,AST-PRI-0633,SN-2026-000633,2025-04-11,2026-07-10,2026-06-30,12,2026-04-11,Expired,-90,No,Connectivity Issue,Manufacturing Defect,Yes,Yes,Yes,No,Yes,Yes,Yes,Yes,No,0,N/A,No,N/A,Yes,Yes,No,No,No,No,Yes,0,1419.78,0.0,0.94,Web,Invalid Claim
CLM00634,INVALID_134_EXCLUDED_DAMAGE,CUS00634,PROD00634,Printer,NovaTech,NOV-PRI-0634,SN-2026-000634,2024-03-02,2025-09-02,2025-08-28,36,2027-03-02,Active,546,No,Power Failure,Physical Damage,No,Yes,Yes,Yes,Yes,Yes,Yes,Yes,No,0,N/A,No,N/A,Yes,Yes,No,No,Yes,Yes,Yes,3,1565.09,0.0,0.88,Mobile App,Invalid Claim
CLM00635,INVALID_135_SERIAL_MISMATCH,CUS00635,PROD00635,Printer,NovaTech,NOV-PRI-0635,SN-2026-000635,2025-07-31,2027-06-21,2027-06-12,24,2027-07-31,Active,40,No,Display Failure,Electrical Failure,Yes,Yes,Yes,Yes,No,Yes,No,Yes,Yes,3,Yes,No,N/A,No,Yes,No,No,No,No,Yes,2,2480.9,707.7,0.768,Email,Invalid Claim
CLM00636,INVALID_136_UNAUTHORIZED_REPAIR,CUS00636,PROD00636,Camera,NovaTech,NOV-CAM-0636,SN-2026-000636,2023-04-14,2024-05-25,2024-05-15,24,2025-04-14,Active,324,No,Power Failure,Manufacturing Defect,Yes,Yes,Yes,Yes,Yes,Yes,Yes,Yes,Yes,1,No,Yes,Yes,Yes,Yes,No,No,No,Yes,Yes,3,2389.01,356.65,0.792,Email,Invalid Claim
CLM00637,INVALID_137_REPORTING_PERIOD,CUS00637,PROD00637,Printer,PrimeView,PRI-PRI-0637,SN-2026-000637,2023-07-14,2024-07-14,2024-05-15,24,2025-07-14,Active,-87,No,Mechanical Failure,Manufacturing Defect,Yes,No,Yes,Yes,Yes,Yes,Yes,Yes,No,0,N/A,No,N/A,Yes,Yes,No,No,No,Yes,Yes,2,1038.09,0.0,0.886,Service Center,Invalid Claim
CLM00638,INVALID_138_DUPLICATE_CLAIM,CUS00638,PROD00638,Printer,ZenCore,ZEN-PRI-0638,SN-2026-000638,2025-04-15,2026-06-10,2026-06-04,12,2026-04-15,Active,-56,Yes,Connectivity Issue,Manufacturing Defect,Yes,Yes,Yes,No,Yes,Yes,Yes,No,Yes,3,No,No,N/A,Yes,Yes,Yes,Yes,No,No,Yes,1,54.29,968.99,0.962,Web,Invalid Claim
CLM00639,INVALID_139_EXPIRED_WARRANTY,CUS00639,PROD00639,Camera,HomePro,HOM-CAM-0639,SN-2026-000639,2025-07-22,2026-10-20,2026-10-10,12,2026-07-22,Expired,-90,No,Display Failure,Manufacturing Defect,Yes,Yes,Yes,Yes,Yes,Yes,No,Yes,No,0,N/A,No,N/A,Yes,Yes,No,No,No,No,Yes,1,1137.66,0.0,0.848,Mobile App,Invalid Claim
CLM00640,INVALID_140_EXCLUDED_DAMAGE,CUS00640,PROD00640,Washing Machine,NovaTech,NOV-WAS-0640,SN-2026-000640,2024-12-18,2025-12-18,2025-12-13,24,2026-12-18,Active,365,No,Battery Problem,Water Damage,No,Yes,Yes,Yes,Yes,No,Yes,Yes,No,0,N/A,No,N/A,Yes,Yes,No,No,No,No,Yes,3,252.34,0.0,0.771,Service Center,Invalid Claim
CLM00641,INVALID_141_SERIAL_MISMATCH,CUS00641,PROD00641,Laptop,PrimeView,PRI-LAP-0641,SN-2026-000641,2024-04-19,2025-08-04,2025-07-17,36,2027-04-19,Active,623,No,Battery Problem,Manufacturing Defect,Yes,Yes,Yes,Yes,Yes,Yes,Yes,Yes,No,0,N/A,Yes,Yes,No,Yes,No,Yes,No,Yes,Yes,2,2444.51,0.0,0.864,Web,Invalid Claim
CLM00642,INVALID_142_UNAUTHORIZED_REPAIR,CUS00642,PROD00642,Laptop,Aster,AST-LAP-0642,SN-2026-000642,2025-08-21,2026-12-01,2026-11-21,12,2026-08-21,Active,-102,No,Battery Problem,Manufacturing Defect,Yes,Yes,Yes,Yes,Yes,Yes,No,Yes,Yes,2,No,No,N/A,Yes,Yes,No,No,No,No,Yes,1,2901.59,993.25,0.9,Service Center,Invalid Claim
CLM00643,INVALID_143_REPORTING_PERIOD,CUS00643,PROD00643,Laptop,PrimeView,PRI-LAP-0643,SN-2026-000643,2025-06-27,2026-12-27,2026-10-28,36,2028-06-27,Active,812,No,Display Failure,Manufacturing Defect,Yes,No,No,Yes,Yes,Yes,Yes,Yes,Yes,3,Yes,No,N/A,Yes,Yes,No,No,No,No,No,3,1971.93,329.71,0.934,Mobile App,Invalid Claim
CLM00644,INVALID_144_DUPLICATE_CLAIM,CUS00644,PROD00644,Camera,HomePro,HOM-CAM-0644,SN-2026-000644,2024-02-13,2025-10-13,2025-09-14,24,2026-02-13,Active,123,No,Battery Problem,Manufacturing Defect,Yes,Yes,Yes,Yes,Yes,Yes,Yes,Yes,No,0,N/A,No,N/A,Yes,Yes,Yes,Yes,No,Yes,Yes,3,2022.56,0.0,0.89,Mobile App,Invalid Claim
CLM00645,INVALID_145_EXPIRED_WARRANTY,CUS00645,PROD00645,Printer,Aster,AST-PRI-0645,SN-2026-000645,2024-10-18,2026-01-16,2026-01-06,12,2025-10-18,Expired,-90,No,Noise,Manufacturing Defect,Yes,Yes,Yes,Yes,Yes,Yes,No,Yes,No,0,N/A,No,N/A,Yes,Yes,No,No,No,No,Yes,0,2812.19,0.0,0.983,Mobile App,Invalid Claim
CLM00646,INVALID_146_EXCLUDED_DAMAGE,CUS00646,PROD00646,Camera,HomePro,HOM-CAM-0646,SN-2026-000646,2026-01-16,2026-07-16,2026-07-11,12,2027-01-16,Active,184,No,Display Failure,Accidental Damage,No,Yes,Yes,Yes,Yes,Yes,No,No,No,0,N/A,No,N/A,Yes,Yes,No,No,No,No,Yes,2,2009.33,0.0,0.958,Web,Invalid Claim
CLM00647,INVALID_147_SERIAL_MISMATCH,CUS00647,PROD00647,Laptop,PrimeView,PRI-LAP-0647,SN-2026-000647,2025-02-17,2027-07-15,2027-07-09,12,2026-02-17,Active,-513,No,Mechanical Failure,Electrical Failure,Yes,Yes,Yes,Yes,Yes,Yes,Yes,Yes,Yes,1,Yes,No,N/A,No,Yes,No,No,No,Yes,Yes,3,2132.16,291.82,0.844,Web,Invalid Claim
CLM00648,INVALID_148_UNAUTHORIZED_REPAIR,CUS00648,PROD00648,Laptop,ZenCore,ZEN-LAP-0648,SN-2026-000648,2023-09-25,2025-02-27,2025-02-20,12,2024-09-25,Active,-155,No,Water Leakage,Electrical Failure,Yes,Yes,Yes,Yes,Yes,Yes,Yes,Yes,Yes,1,No,No,N/A,Yes,Yes,No,No,Yes,Yes,Yes,0,1293.56,1008.83,0.859,Service Center,Invalid Claim
CLM00649,INVALID_149_REPORTING_PERIOD,CUS00649,PROD00649,Laptop,Aster,AST-LAP-0649,SN-2026-000649,2026-03-09,2027-09-09,2027-07-11,36,2029-03-09,Active,368,No,Mechanical Failure,Electrical Failure,Yes,No,No,Yes,Yes,Yes,Yes,Yes,No,0,N/A,No,N/A,Yes,Yes,No,No,No,No,No,2,2496.98,0.0,0.851,Email,Invalid Claim
CLM00650,INVALID_150_DUPLICATE_CLAIM,CUS00650,PROD00650,Laptop,ZenCore,ZEN-LAP-0650,SN-2026-000650,2024-08-25,2026-10-27,2026-10-25,24,2026-08-25,Active,-63,No,Connectivity Issue,Electrical Failure,Yes,Yes,Yes,Yes,Yes,Yes,Yes,Yes,No,0,N/A,No,N/A,Yes,Yes,Yes,Yes,No,Yes,Yes,2,1357.18,0.0,0.762,Service Center,Invalid Claim
CLM00651,INVALID_151_EXPIRED_WARRANTY,CUS00651,PROD00651,Air Conditioner,Aster,AST-AIR-0651,SN-2026-000651,2024-07-13,2025-10-11,2025-10-01,12,2025-07-13,Expired,-90,No,Mechanical Failure,Electrical Failure,Yes,Yes,Yes,No,Yes,Yes,Yes,Yes,No,0,N/A,No,N/A,No,Yes,No,No,No,No,Yes,2,2168.83,0.0,0.842,Mobile App,Invalid Claim
CLM00652,INVALID_152_EXCLUDED_DAMAGE,CUS00652,PROD00652,Television,ZenCore,ZEN-TEL-0652,SN-2026-000652,2026-01-27,2027-07-27,2027-07-22,36,2029-01-27,Active,550,No,Display Failure,Normal Wear,No,Yes,Yes,Yes,Yes,Yes,Yes,Yes,No,0,N/A,Yes,Yes,Yes,Yes,No,No,No,Yes,Yes,2,1863.46,0.0,0.936,Web,Invalid Claim
CLM00653,INVALID_153_SERIAL_MISMATCH,CUS00653,PROD00653,Air Conditioner,Aster,AST-AIR-0653,SN-2026-000653,2023-11-04,2026-03-15,2026-03-08,36,2026-11-04,Active,234,No,Overheating,Manufacturing Defect,Yes,Yes,Yes,No,Yes,Yes,Yes,No,No,0,N/A,No,N/A,No,Yes,No,No,No,No,Yes,1,401.98,0.0,0.803,Mobile App,Invalid Claim
CLM00654,INVALID_154_UNAUTHORIZED_REPAIR,CUS00654,PROD00654,Smartphone,ZenCore,ZEN-SMA-0654,SN-2026-000654,2025-12-15,2027-08-06,2027-07-22,12,2026-12-15,Active,-234,Yes,Display Failure,Manufacturing Defect,Yes,Yes,Yes,Yes,No,Yes,No,Yes,Yes,1,No,No,N/A,Yes,Yes,No,No,No,No,Yes,0,478.27,349.73,0.931,Email,Invalid Claim
CLM00655,INVALID_155_REPORTING_PERIOD,CUS00655,PROD00655,Refrigerator,HomePro,HOM-REF-0655,SN-2026-000655,2025-08-25,2027-02-25,2026-12-27,36,2028-08-25,Active,560,No,Overheating,Manufacturing Defect,Yes,No,No,No,Yes,Yes,Yes,Yes,No,0,N/A,No,N/A,Yes,Yes,No,No,No,No,No,2,578.22,0.0,0.932,Email,Invalid Claim
CLM00656,INVALID_156_DUPLICATE_CLAIM,CUS00656,PROD00656,Laptop,HomePro,HOM-LAP-0656,SN-2026-000656,2024-04-27,2024-09-17,2024-09-07,24,2026-04-27,Active,587,Yes,Connectivity Issue,Electrical Failure,Yes,Yes,Yes,Yes,Yes,Yes,Yes,Yes,Yes,3,Yes,No,N/A,Yes,Yes,Yes,Yes,No,Yes,Yes,1,505.33,694.62,0.831,Web,Invalid Claim
CLM00657,INVALID_157_EXPIRED_WARRANTY,CUS00657,PROD00657,Smartphone,PrimeView,PRI-SMA-0657,SN-2026-000657,2024-08-09,2026-11-07,2026-10-28,24,2026-08-09,Expired,-90,No,Overheating,Manufacturing Defect,Yes,Yes,Yes,Yes,Yes,Yes,No,Yes,No,0,N/A,Yes,Yes,Yes,Yes,No,No,No,No,Yes,0,890.85,0.0,0.918,Mobile App,Invalid Claim
CLM00658,INVALID_158_EXCLUDED_DAMAGE,CUS00658,PROD00658,Camera,PrimeView,PRI-CAM-0658,SN-2026-000658,2025-09-05,2026-09-05,2026-08-31,24,2027-09-05,Active,365,No,Mechanical Failure,Water Damage,No,Yes,Yes,Yes,Yes,Yes,Yes,Yes,No,0,N/A,No,N/A,Yes,Yes,No,No,No,Yes,Yes,2,2518.55,0.0,0.928,Web,Invalid Claim
CLM00659,INVALID_159_SERIAL_MISMATCH,CUS00659,PROD00659,Camera,Aster,AST-CAM-0659,SN-2026-000659,2023-03-17,2025-05-15,2025-04-16,36,2026-03-17,Active,306,No,Noise,Electrical Failure,Yes,Yes,Yes,Yes,Yes,Yes,Yes,Yes,No,0,N/A,No,N/A,No,Yes,No,No,No,Yes,Yes,0,1332.03,0.0,0.86,Email,Invalid Claim
CLM00660,INVALID_160_UNAUTHORIZED_REPAIR,CUS00660,PROD00660,Printer,Aster,AST-PRI-0660,SN-2026-000660,2025-01-19,2025-09-04,2025-08-28,12,2026-01-19,Active,137,No,Connectivity Issue,Electrical Failure,Yes,Yes,Yes,Yes,No,Yes,Yes,Yes,Yes,2,No,No,N/A,Yes,Yes,No,No,No,No,Yes,0,2946.03,705.01,0.974,Service Center,Invalid Claim
CLM00661,INVALID_161_REPORTING_PERIOD,CUS00661,PROD00661,Television,ZenCore,ZEN-TEL-0661,SN-2026-000661,2023-11-07,2025-05-07,2025-03-08,36,2026-11-07,Active,513,No,Water Leakage,Electrical Failure,Yes,No,Yes,Yes,Yes,Yes,Yes,Yes,Yes,2,Yes,No,N/A,Yes,Yes,No,No,No,Yes,Yes,0,2311.89,141.28,0.987,Web,Invalid Claim
CLM00662,INVALID_162_DUPLICATE_CLAIM,CUS00662,PROD00662,Smartphone,Aster,AST-SMA-0662,SN-2026-000662,2024-10-26,2026-09-09,2026-08-17,24,2026-10-26,Active,47,No,Power Failure,Manufacturing Defect,Yes,Yes,Yes,No,Yes,No,Yes,Yes,No,0,N/A,No,N/A,Yes,Yes,Yes,Yes,No,No,Yes,3,2045.45,0.0,0.83,Email,Invalid Claim
CLM00663,INVALID_163_EXPIRED_WARRANTY,CUS00663,PROD00663,Smartphone,NovaTech,NOV-SMA-0663,SN-2026-000663,2023-02-24,2025-05-25,2025-05-15,24,2025-02-24,Expired,-90,No,Overheating,Manufacturing Defect,Yes,Yes,Yes,Yes,Yes,Yes,Yes,No,No,0,N/A,No,N/A,Yes,Yes,No,No,No,Yes,Yes,0,1318.82,0.0,0.78,Email,Invalid Claim
CLM00664,INVALID_164_EXCLUDED_DAMAGE,CUS00664,PROD00664,Laptop,ZenCore,ZEN-LAP-0664,SN-2026-000664,2025-10-07,2027-04-07,2027-04-02,36,2028-10-07,Active,549,No,Mechanical Failure,Physical Damage,No,Yes,Yes,Yes,No,Yes,Yes,Yes,No,0,N/A,No,N/A,Yes,Yes,No,No,No,No,Yes,2,206.03,0.0,0.831,Email,Invalid Claim
CLM00665,INVALID_165_SERIAL_MISMATCH,CUS00665,PROD00665,Laptop,Aster,AST-LAP-0665,SN-2026-000665,2025-06-15,2025-10-05,2025-10-04,24,2027-06-15,Active,618,No,Overheating,Electrical Failure,Yes,Yes,Yes,Yes,Yes,Yes,Yes,Yes,No,0,N/A,No,N/A,No,Yes,No,No,No,Yes,Yes,1,890.59,0.0,0.871,Web,Invalid Claim
CLM00666,INVALID_166_UNAUTHORIZED_REPAIR,CUS00666,PROD00666,Television,NovaTech,NOV-TEL-0666,SN-2026-000666,2023-12-27,2026-05-21,2026-05-13,36,2026-12-27,Active,220,No,Connectivity Issue,Electrical Failure,Yes,Yes,Yes,Yes,Yes,Yes,Yes,Yes,Yes,1,No,No,N/A,Yes,Yes,No,No,No,Yes,Yes,3,1709.67,191.73,0.812,Email,Invalid Claim
CLM00667,INVALID_167_REPORTING_PERIOD,CUS00667,PROD00667,Television,Aster,AST-TEL-0667,SN-2026-000667,2025-09-13,2027-03-13,2027-01-12,36,2028-09-13,Active,403,Yes,Connectivity Issue,Manufacturing Defect,Yes,No,Yes,Yes,Yes,Yes,Yes,Yes,No,0,N/A,No,N/A,Yes,Yes,No,No,No,Yes,Yes,3,1159.91,0.0,0.832,Web,Invalid Claim
CLM00668,INVALID_168_DUPLICATE_CLAIM,CUS00668,PROD00668,Laptop,PrimeView,PRI-LAP-0668,SN-2026-000668,2023-11-05,2024-10-30,2024-10-17,12,2024-11-05,Active,6,No,Mechanical Failure,Manufacturing Defect,Yes,Yes,Yes,No,No,Yes,Yes,Yes,No,0,N/A,No,N/A,Yes,Yes,Yes,Yes,No,No,Yes,3,914.42,0.0,0.978,Service Center,Invalid Claim
CLM00669,INVALID_169_EXPIRED_WARRANTY,CUS00669,PROD00669,Television,Aster,AST-TEL-0669,SN-2026-000669,2025-08-15,2026-11-13,2026-11-03,12,2026-08-15,Expired,-90,No,Battery Problem,Manufacturing Defect,Yes,Yes,No,No,Yes,Yes,No,No,Yes,1,No,No,N/A,Yes,Yes,No,No,No,No,No,2,1827.42,538.56,0.818,Mobile App,Invalid Claim
CLM00670,INVALID_170_EXCLUDED_DAMAGE,CUS00670,PROD00670,Printer,ZenCore,ZEN-PRI-0670,SN-2026-000670,2025-09-14,2026-03-14,2026-03-09,12,2026-09-14,Active,184,No,Noise,Accidental Damage,No,Yes,Yes,No,Yes,Yes,Yes,Yes,Yes,2,Yes,No,N/A,Yes,No,No,No,No,No,Yes,2,2274.65,413.95,0.981,Mobile App,Invalid Claim
CLM00671,INVALID_171_SERIAL_MISMATCH,CUS00671,PROD00671,Refrigerator,ZenCore,ZEN-REF-0671,SN-2026-000671,2025-03-11,2025-12-01,2025-11-24,12,2026-03-11,Active,100,No,Connectivity Issue,Electrical Failure,Yes,Yes,Yes,Yes,Yes,Yes,Yes,No,No,0,N/A,No,N/A,No,Yes,No,No,No,Yes,Yes,2,307.86,0.0,0.846,Mobile App,Invalid Claim
CLM00672,INVALID_172_UNAUTHORIZED_REPAIR,CUS00672,PROD00672,Television,ZenCore,ZEN-TEL-0672,SN-2026-000672,2024-09-28,2025-05-08,2025-04-14,36,2027-09-28,Active,873,No,Noise,Manufacturing Defect,Yes,Yes,Yes,No,Yes,Yes,Yes,Yes,Yes,2,No,No,N/A,Yes,Yes,No,No,No,No,Yes,2,286.06,1096.49,0.814,Web,Invalid Claim
CLM00673,INVALID_173_REPORTING_PERIOD,CUS00673,PROD00673,Air Conditioner,NovaTech,NOV-AIR-0673,SN-2026-000673,2023-07-20,2024-01-20,2023-11-21,12,2024-07-20,Active,-290,No,Connectivity Issue,Electrical Failure,Yes,No,Yes,No,Yes,Yes,Yes,Yes,No,0,N/A,No,N/A,Yes,Yes,No,No,No,No,Yes,3,2625.17,0.0,0.774,Web,Invalid Claim
CLM00674,INVALID_174_DUPLICATE_CLAIM,CUS00674,PROD00674,Refrigerator,ZenCore,ZEN-REF-0674,SN-2026-000674,2024-05-01,2025-12-27,2025-12-13,36,2027-05-01,Active,490,No,Overheating,Electrical Failure,Yes,Yes,No,Yes,Yes,No,Yes,No,No,0,N/A,No,N/A,Yes,Yes,Yes,Yes,No,No,No,2,2883.88,0.0,0.861,Email,Invalid Claim
CLM00675,INVALID_175_EXPIRED_WARRANTY,CUS00675,PROD00675,Air Conditioner,PrimeView,PRI-AIR-0675,SN-2026-000675,2023-04-14,2024-07-13,2024-07-03,12,2024-04-14,Expired,-90,No,Power Failure,Manufacturing Defect,Yes,Yes,No,Yes,Yes,No,Yes,No,No,0,N/A,No,N/A,Yes,Yes,No,No,No,No,No,1,2397.99,0.0,0.875,Web,Invalid Claim
CLM00676,INVALID_176_EXCLUDED_DAMAGE,CUS00676,PROD00676,Camera,ZenCore,ZEN-CAM-0676,SN-2026-000676,2023-08-29,2024-02-29,2024-02-24,12,2024-08-29,Active,182,No,Connectivity Issue,Accidental Damage,No,Yes,Yes,Yes,Yes,Yes,Yes,Yes,Yes,2,Yes,Yes,Yes,Yes,Yes,No,No,No,Yes,Yes,3,1064.88,703.78,0.821,Mobile App,Invalid Claim
CLM00677,INVALID_177_SERIAL_MISMATCH,CUS00677,PROD00677,Laptop,NovaTech,NOV-LAP-0677,SN-2026-000677,2023-01-24,2023-09-10,2023-08-31,36,2026-01-24,Active,867,No,Power Failure,Electrical Failure,Yes,Yes,Yes,Yes,Yes,Yes,Yes,Yes,No,0,N/A,No,N/A,No,Yes,No,No,No,Yes,Yes,3,1334.97,0.0,0.969,Web,Invalid Claim
CLM00678,INVALID_178_UNAUTHORIZED_REPAIR,CUS00678,PROD00678,Camera,HomePro,HOM-CAM-0678,SN-2026-000678,2024-08-08,2025-06-12,2025-06-10,12,2025-08-08,Active,57,No,Display Failure,Electrical Failure,Yes,Yes,No,Yes,Yes,Yes,Yes,Yes,Yes,1,No,Yes,No,Yes,Yes,Yes,No,No,No,No,2,2581.54,800.49,0.857,Email,Invalid Claim
CLM00679,INVALID_179_REPORTING_PERIOD,CUS00679,PROD00679,Smartphone,HomePro,HOM-SMA-0679,SN-2026-000679,2023-11-23,2024-05-23,2024-03-24,12,2024-11-23,Active,-184,No,Water Leakage,Electrical Failure,Yes,No,Yes,Yes,Yes,Yes,Yes,No,No,0,N/A,No,N/A,Yes,Yes,No,No,No,Yes,Yes,3,1875.85,0.0,0.824,Mobile App,Invalid Claim
CLM00680,INVALID_180_DUPLICATE_CLAIM,CUS00680,PROD00680,Printer,NovaTech,NOV-PRI-0680,SN-2026-000680,2026-01-19,2027-04-05,2027-04-02,24,2028-01-19,Active,289,No,Overheating,Electrical Failure,Yes,Yes,No,Yes,Yes,Yes,Yes,No,No,0,N/A,Yes,Yes,Yes,Yes,Yes,Yes,No,No,No,1,2351.5,0.0,0.767,Web,Invalid Claim
CLM00681,INVALID_181_EXPIRED_WARRANTY,CUS00681,PROD00681,Washing Machine,ZenCore,ZEN-WAS-0681,SN-2026-000681,2023-03-26,2025-06-24,2025-06-14,24,2025-03-26,Expired,-90,No,Noise,Electrical Failure,Yes,Yes,Yes,No,Yes,Yes,Yes,Yes,No,0,N/A,No,N/A,Yes,Yes,No,No,No,No,Yes,3,2944.67,0.0,0.837,Service Center,Invalid Claim
CLM00682,INVALID_182_EXCLUDED_DAMAGE,CUS00682,PROD00682,Air Conditioner,HomePro,HOM-AIR-0682,SN-2026-000682,2025-07-13,2027-01-13,2027-01-08,36,2028-07-13,Active,547,No,Water Leakage,Normal Wear,No,Yes,Yes,Yes,Yes,Yes,Yes,Yes,No,0,N/A,No,N/A,Yes,Yes,No,No,No,Yes,Yes,3,1086.11,0.0,0.817,Web,Invalid Claim
CLM00683,INVALID_183_SERIAL_MISMATCH,CUS00683,PROD00683,Smartphone,Aster,AST-SMA-0683,SN-2026-000683,2024-05-18,2026-01-21,2025-12-25,12,2025-05-18,Active,-248,No,Overheating,Electrical Failure,Yes,Yes,Yes,Yes,Yes,Yes,Yes,No,Yes,2,Yes,No,N/A,No,Yes,No,No,No,Yes,Yes,0,774.63,1212.85,0.967,Service Center,Invalid Claim
CLM00684,INVALID_184_UNAUTHORIZED_REPAIR,CUS00684,PROD00684,Printer,ZenCore,ZEN-PRI-0684,SN-2026-000684,2024-11-24,2026-07-08,2026-06-26,36,2027-11-24,Active,504,No,Mechanical Failure,Manufacturing Defect,Yes,Yes,Yes,Yes,Yes,Yes,Yes,Yes,Yes,1,No,No,N/A,Yes,Yes,No,No,No,Yes,Yes,1,866.03,147.3,0.792,Service Center,Invalid Claim
CLM00685,INVALID_185_REPORTING_PERIOD,CUS00685,PROD00685,Printer,ZenCore,ZEN-PRI-0685,SN-2026-000685,2026-03-07,2027-09-07,2027-07-09,36,2029-03-07,Active,971,No,Battery Problem,Electrical Failure,Yes,No,Yes,No,No,No,No,Yes,No,0,N/A,No,N/A,Yes,Yes,No,No,No,No,Yes,2,2082.7,0.0,0.761,Mobile App,Invalid Claim
CLM00686,INVALID_186_DUPLICATE_CLAIM,CUS00686,PROD00686,Smartphone,HomePro,HOM-SMA-0686,SN-2026-000686,2026-02-22,2027-08-18,2027-07-28,12,2027-02-22,Active,-177,No,Overheating,Manufacturing Defect,Yes,Yes,Yes,Yes,Yes,Yes,Yes,No,No,0,N/A,No,N/A,Yes,Yes,Yes,Yes,No,Yes,Yes,1,2833.82,0.0,0.782,Service Center,Invalid Claim
CLM00687,INVALID_187_EXPIRED_WARRANTY,CUS00687,PROD00687,Television,HomePro,HOM-TEL-0687,SN-2026-000687,2024-04-12,2026-07-11,2026-07-01,24,2026-04-12,Expired,-90,No,Connectivity Issue,Manufacturing Defect,Yes,Yes,Yes,Yes,No,Yes,Yes,Yes,No,0,N/A,Yes,Yes,Yes,Yes,No,No,No,No,Yes,1,2389.65,0.0,0.935,Web,Invalid Claim
CLM00688,INVALID_188_EXCLUDED_DAMAGE,CUS00688,PROD00688,Smartphone,ZenCore,ZEN-SMA-0688,SN-2026-000688,2023-01-20,2023-07-20,2023-07-15,12,2024-01-20,Active,184,Yes,Battery Problem,Water Damage,No,Yes,Yes,No,Yes,Yes,Yes,No,No,0,N/A,Yes,Yes,Yes,Yes,No,No,No,No,Yes,2,1303.14,0.0,0.848,Service Center,Invalid Claim
CLM00689,INVALID_189_SERIAL_MISMATCH,CUS00689,PROD00689,Refrigerator,NovaTech,NOV-REF-0689,SN-2026-000689,2024-09-06,2024-10-26,2024-10-18,24,2026-09-06,Active,680,No,Overheating,Manufacturing Defect,Yes,Yes,Yes,Yes,Yes,Yes,No,Yes,Yes,3,Yes,No,N/A,No,No,No,No,No,No,Yes,2,354.11,674.64,0.936,Mobile App,Invalid Claim
CLM00690,INVALID_190_UNAUTHORIZED_REPAIR,CUS00690,PROD00690,Smartphone,PrimeView,PRI-SMA-0690,SN-2026-000690,2023-02-19,2023-04-11,2023-03-22,24,2025-02-19,Active,680,No,Display Failure,Electrical Failure,Yes,Yes,Yes,Yes,No,No,Yes,Yes,Yes,1,No,No,N/A,Yes,Yes,No,No,No,No,Yes,1,1683.65,609.13,0.875,Service Center,Invalid Claim
CLM00691,INVALID_191_REPORTING_PERIOD,CUS00691,PROD00691,Laptop,ZenCore,ZEN-LAP-0691,SN-2026-000691,2024-09-05,2025-03-05,2025-01-04,12,2025-09-05,Active,-106,No,Power Failure,Manufacturing Defect,Yes,No,Yes,Yes,Yes,Yes,Yes,Yes,No,0,N/A,No,N/A,Yes,Yes,No,No,No,Yes,Yes,0,110.98,0.0,0.923,Web,Invalid Claim
CLM00692,INVALID_192_DUPLICATE_CLAIM,CUS00692,PROD00692,Camera,Aster,AST-CAM-0692,SN-2026-000692,2025-10-16,2027-02-17,2027-01-29,24,2027-10-16,Active,241,No,Connectivity Issue,Manufacturing Defect,Yes,Yes,Yes,Yes,Yes,Yes,Yes,Yes,No,0,N/A,No,N/A,Yes,Yes,Yes,Yes,No,Yes,Yes,3,1050.13,0.0,0.787,Web,Invalid Claim
CLM00693,INVALID_193_EXPIRED_WARRANTY,CUS00693,PROD00693,Refrigerator,ZenCore,ZEN-REF-0693,SN-2026-000693,2025-11-20,2029-02-18,2029-02-08,36,2028-11-20,Expired,-90,No,Noise,Electrical Failure,Yes,Yes,Yes,Yes,Yes,Yes,Yes,Yes,Yes,1,Yes,No,N/A,Yes,Yes,No,No,No,Yes,Yes,1,2881.48,1051.76,0.811,Service Center,Invalid Claim
CLM00694,INVALID_194_EXCLUDED_DAMAGE,CUS00694,PROD00694,Camera,ZenCore,ZEN-CAM-0694,SN-2026-000694,2024-09-24,2025-03-24,2025-03-19,12,2025-09-24,Active,184,Yes,Display Failure,Accidental Damage,No,Yes,Yes,Yes,Yes,Yes,Yes,Yes,No,0,N/A,No,N/A,Yes,Yes,No,No,No,Yes,Yes,3,1230.79,0.0,0.911,Email,Invalid Claim
CLM00695,INVALID_195_SERIAL_MISMATCH,CUS00695,PROD00695,Refrigerator,Aster,AST-REF-0695,SN-2026-000695,2024-02-28,2024-06-29,2024-06-01,36,2027-02-28,Active,974,Yes,Power Failure,Electrical Failure,Yes,Yes,Yes,Yes,Yes,Yes,Yes,Yes,No,0,N/A,No,N/A,No,Yes,No,No,Yes,Yes,Yes,0,1419.54,0.0,0.901,Service Center,Invalid Claim
CLM00696,INVALID_196_UNAUTHORIZED_REPAIR,CUS00696,PROD00696,Refrigerator,Aster,AST-REF-0696,SN-2026-000696,2025-03-30,2026-03-09,2026-03-04,12,2026-03-30,Active,21,Yes,Connectivity Issue,Electrical Failure,Yes,Yes,Yes,Yes,Yes,Yes,Yes,Yes,Yes,2,No,No,N/A,Yes,Yes,No,No,No,Yes,Yes,3,792.83,1109.2,0.956,Web,Invalid Claim
CLM00697,INVALID_197_REPORTING_PERIOD,CUS00697,PROD00697,Washing Machine,HomePro,HOM-WAS-0697,SN-2026-000697,2024-08-07,2025-08-07,2025-06-08,24,2026-08-07,Active,-16,No,Battery Problem,Electrical Failure,Yes,No,No,Yes,Yes,Yes,No,No,No,0,N/A,No,N/A,Yes,Yes,No,No,No,No,No,2,2554.69,0.0,0.936,Email,Invalid Claim
CLM00698,INVALID_198_DUPLICATE_CLAIM,CUS00698,PROD00698,Camera,NovaTech,NOV-CAM-0698,SN-2026-000698,2023-04-06,2025-06-21,2025-06-16,12,2024-04-06,Active,-441,No,Power Failure,Electrical Failure,Yes,Yes,Yes,Yes,Yes,Yes,Yes,Yes,No,0,N/A,No,N/A,Yes,Yes,Yes,Yes,No,Yes,Yes,1,165.09,0.0,0.763,Web,Invalid Claim
CLM00699,INVALID_199_EXPIRED_WARRANTY,CUS00699,PROD00699,Air Conditioner,HomePro,HOM-AIR-0699,SN-2026-000699,2023-05-26,2024-08-24,2024-08-14,12,2024-05-26,Expired,-90,No,Connectivity Issue,Manufacturing Defect,Yes,Yes,Yes,Yes,Yes,No,No,Yes,No,0,N/A,No,N/A,Yes,Yes,Yes,No,No,No,Yes,2,2954.03,0.0,0.858,Mobile App,Invalid Claim
CLM00700,INVALID_200_EXCLUDED_DAMAGE,CUS00700,PROD00700,Television,HomePro,HOM-TEL-0700,SN-2026-000700,2024-02-04,2025-08-04,2025-07-30,36,2027-02-04,Active,549,Yes,Battery Problem,Physical Damage,No,Yes,Yes,No,Yes,Yes,Yes,Yes,No,0,N/A,Yes,Yes,Yes,Yes,No,Yes,No,No,Yes,3,1990.1,0.0,0.884,Mobile App,Invalid Claim
CLM00701,INVALID_201_SERIAL_MISMATCH,CUS00701,PROD00701,Washing Machine,Aster,AST-WAS-0701,SN-2026-000701,2023-05-17,2024-04-29,2024-04-08,12,2024-05-17,Active,18,No,Noise,Electrical Failure,Yes,Yes,Yes,Yes,No,Yes,Yes,Yes,No,0,N/A,No,N/A,No,Yes,No,No,No,No,Yes,3,2803.35,0.0,0.863,Service Center,Invalid Claim
CLM00702,INVALID_202_UNAUTHORIZED_REPAIR,CUS00702,PROD00702,Camera,ZenCore,ZEN-CAM-0702,SN-2026-000702,2024-11-16,2027-01-14,2027-01-06,36,2027-11-16,Active,306,No,Overheating,Manufacturing Defect,Yes,Yes,Yes,Yes,Yes,Yes,Yes,Yes,Yes,1,No,No,N/A,Yes,Yes,No,No,No,Yes,Yes,0,496.37,816.65,0.896,Mobile App,Invalid Claim
CLM00703,INVALID_203_REPORTING_PERIOD,CUS00703,PROD00703,Camera,ZenCore,ZEN-CAM-0703,SN-2026-000703,2025-06-22,2025-12-22,2025-10-23,12,2026-06-22,Active,-332,No,Connectivity Issue,Manufacturing Defect,Yes,No,No,Yes,Yes,Yes,No,Yes,No,0,N/A,No,N/A,Yes,Yes,Yes,No,No,No,No,2,872.85,0.0,0.889,Web,Invalid Claim
CLM00704,INVALID_204_DUPLICATE_CLAIM,CUS00704,PROD00704,Air Conditioner,HomePro,HOM-AIR-0704,SN-2026-000704,2023-07-01,2024-11-24,2024-11-09,36,2026-07-01,Active,584,No,Water Leakage,Manufacturing Defect,Yes,Yes,No,Yes,Yes,Yes,Yes,Yes,No,0,N/A,No,N/A,Yes,Yes,Yes,Yes,No,No,No,3,982.13,0.0,0.799,Mobile App,Invalid Claim
CLM00705,INVALID_205_EXPIRED_WARRANTY,CUS00705,PROD00705,Air Conditioner,NovaTech,NOV-AIR-0705,SN-2026-000705,2023-06-03,2026-09-01,2026-08-22,36,2026-06-03,Expired,-90,No,Overheating,Electrical Failure,Yes,Yes,No,Yes,Yes,Yes,Yes,Yes,Yes,3,Yes,No,N/A,Yes,Yes,No,No,No,No,No,1,2665.44,468.01,0.858,Service Center,Invalid Claim
CLM00706,INVALID_206_EXCLUDED_DAMAGE,CUS00706,PROD00706,Smartphone,ZenCore,ZEN-SMA-0706,SN-2026-000706,2025-06-02,2026-06-02,2026-05-28,24,2027-06-02,Active,365,No,Overheating,Accidental Damage,No,Yes,Yes,Yes,Yes,Yes,No,Yes,No,0,N/A,No,N/A,Yes,Yes,No,No,No,No,Yes,0,2194.38,0.0,0.767,Service Center,Invalid Claim
CLM00707,INVALID_207_SERIAL_MISMATCH,CUS00707,PROD00707,Printer,ZenCore,ZEN-PRI-0707,SN-2026-000707,2023-03-23,2023-10-23,2023-10-19,12,2024-03-23,Active,152,No,Display Failure,Electrical Failure,Yes,Yes,No,Yes,Yes,Yes,Yes,No,No,0,N/A,No,N/A,No,Yes,No,No,No,No,No,1,2014.17,0.0,0.845,Web,Invalid Claim
CLM00708,INVALID_208_UNAUTHORIZED_REPAIR,CUS00708,PROD00708,Air Conditioner,Aster,AST-AIR-0708,SN-2026-000708,2026-01-28,2026-12-20,2026-12-02,36,2029-01-28,Active,770,No,Battery Problem,Electrical Failure,Yes,Yes,Yes,Yes,No,Yes,Yes,Yes,Yes,2,No,No,N/A,Yes,Yes,No,No,No,No,Yes,2,1294.92,1147.47,0.808,Service Center,Invalid Claim
CLM00709,INVALID_209_REPORTING_PERIOD,CUS00709,PROD00709,Air Conditioner,PrimeView,PRI-AIR-0709,SN-2026-000709,2023-11-12,2025-05-12,2025-03-13,36,2026-11-12,Active,508,Yes,Display Failure,Manufacturing Defect,Yes,No,Yes,Yes,Yes,Yes,Yes,Yes,No,0,N/A,No,N/A,Yes,Yes,No,No,No,Yes,Yes,1,354.18,0.0,0.978,Email,Invalid Claim
CLM00710,INVALID_210_DUPLICATE_CLAIM,CUS00710,PROD00710,Air Conditioner,PrimeView,PRI-AIR-0710,SN-2026-000710,2024-07-22,2025-11-04,2025-10-15,36,2027-07-22,Active,625,No,Display Failure,Electrical Failure,Yes,Yes,Yes,No,Yes,Yes,Yes,Yes,Yes,3,Yes,Yes,Yes,Yes,Yes,Yes,Yes,No,No,Yes,1,2072.83,783.01,0.828,Email,Invalid Claim
CLM00711,INVALID_211_EXPIRED_WARRANTY,CUS00711,PROD00711,Printer,ZenCore,ZEN-PRI-0711,SN-2026-000711,2023-05-06,2024-08-04,2024-07-25,12,2024-05-06,Expired,-90,Yes,Overheating,Electrical Failure,Yes,Yes,Yes,No,Yes,Yes,Yes,No,No,0,N/A,No,N/A,Yes,No,No,No,No,No,Yes,1,1369.41,0.0,0.946,Mobile App,Invalid Claim
CLM00712,INVALID_212_EXCLUDED_DAMAGE,CUS00712,PROD00712,Television,ZenCore,ZEN-TEL-0712,SN-2026-000712,2023-09-28,2025-03-28,2025-03-23,36,2026-09-28,Active,549,No,Battery Problem,Physical Damage,No,Yes,Yes,No,No,Yes,Yes,Yes,No,0,N/A,No,N/A,Yes,Yes,No,No,No,No,Yes,0,2578.12,0.0,0.785,Service Center,Invalid Claim
CLM00713,INVALID_213_SERIAL_MISMATCH,CUS00713,PROD00713,Smartphone,HomePro,HOM-SMA-0713,SN-2026-000713,2024-05-09,2026-10-09,2026-09-23,12,2025-05-09,Active,-518,No,Connectivity Issue,Electrical Failure,Yes,Yes,Yes,Yes,Yes,No,Yes,Yes,Yes,2,Yes,No,N/A,No,No,No,No,No,No,Yes,1,2490.99,639.26,0.912,Web,Invalid Claim
CLM00714,INVALID_214_UNAUTHORIZED_REPAIR,CUS00714,PROD00714,Printer,ZenCore,ZEN-PRI-0714,SN-2026-000714,2026-02-19,2027-01-14,2027-01-02,36,2029-02-19,Active,767,Yes,Display Failure,Manufacturing Defect,Yes,Yes,Yes,Yes,Yes,Yes,Yes,Yes,Yes,1,No,Yes,Yes,Yes,Yes,No,No,No,Yes,Yes,0,2080.95,561.55,0.849,Service Center,Invalid Claim
CLM00715,INVALID_215_REPORTING_PERIOD,CUS00715,PROD00715,Laptop,NovaTech,NOV-LAP-0715,SN-2026-000715,2025-07-18,2026-01-18,2025-11-19,12,2026-07-18,Active,14,No,Connectivity Issue,Manufacturing Defect,Yes,No,No,Yes,Yes,Yes,No,Yes,No,0,N/A,No,N/A,Yes,Yes,No,No,No,No,No,1,466.84,0.0,0.804,Email,Invalid Claim
CLM00716,INVALID_216_DUPLICATE_CLAIM,CUS00716,PROD00716,Refrigerator,HomePro,HOM-REF-0716,SN-2026-000716,2025-01-17,2026-07-24,2026-07-19,36,2028-01-17,Active,542,No,Connectivity Issue,Manufacturing Defect,Yes,Yes,Yes,Yes,Yes,Yes,Yes,Yes,No,0,N/A,No,N/A,Yes,Yes,Yes,Yes,No,Yes,Yes,2,2955.24,0.0,0.89,Web,Invalid Claim
CLM00717,INVALID_217_EXPIRED_WARRANTY,CUS00717,PROD00717,Smartphone,ZenCore,ZEN-SMA-0717,SN-2026-000717,2026-03-13,2028-06-11,2028-06-01,24,2028-03-13,Expired,-90,Yes,Water Leakage,Electrical Failure,Yes,Yes,Yes,Yes,Yes,Yes,Yes,Yes,No,0,N/A,No,N/A,Yes,Yes,No,No,No,Yes,Yes,1,886.12,0.0,0.985,Email,Invalid Claim
CLM00718,INVALID_218_EXCLUDED_DAMAGE,CUS00718,PROD00718,Refrigerator,Aster,AST-REF-0718,SN-2026-000718,2026-02-25,2027-02-25,2027-02-20,24,2028-02-25,Active,365,No,Mechanical Failure,Physical Damage,No,Yes,Yes,Yes,Yes,Yes,Yes,No,No,0,N/A,No,N/A,Yes,Yes,No,No,No,Yes,Yes,2,2065.52,0.0,0.847,Web,Invalid Claim
CLM00719,INVALID_219_SERIAL_MISMATCH,CUS00719,PROD00719,Television,PrimeView,PRI-TEL-0719,SN-2026-000719,2025-05-12,2026-02-02,2026-01-19,24,2027-05-12,Active,464,No,Power Failure,Manufacturing Defect,Yes,Yes,Yes,Yes,Yes,Yes,No,Yes,No,0,N/A,No,N/A,No,Yes,No,No,No,No,Yes,2,2113.22,0.0,0.792,Service Center,Invalid Claim
CLM00720,INVALID_220_UNAUTHORIZED_REPAIR,CUS00720,PROD00720,Air Conditioner,NovaTech,NOV-AIR-0720,SN-2026-000720,2026-01-09,2027-11-14,2027-10-17,36,2029-01-09,Active,422,No,Mechanical Failure,Electrical Failure,Yes,Yes,Yes,Yes,Yes,Yes,Yes,Yes,Yes,2,No,No,N/A,Yes,Yes,No,No,No,Yes,Yes,1,1097.85,156.86,0.842,Web,Invalid Claim
CLM00721,INVALID_221_REPORTING_PERIOD,CUS00721,PROD00721,Washing Machine,Aster,AST-WAS-0721,SN-2026-000721,2026-03-09,2027-03-09,2027-01-08,24,2028-03-09,Active,71,No,Connectivity Issue,Electrical Failure,Yes,No,Yes,Yes,Yes,Yes,Yes,No,No,0,N/A,No,N/A,Yes,Yes,No,No,No,Yes,Yes,1,1458.63,0.0,0.759,Mobile App,Invalid Claim
CLM00722,INVALID_222_DUPLICATE_CLAIM,CUS00722,PROD00722,Television,NovaTech,NOV-TEL-0722,SN-2026-000722,2024-08-18,2025-03-24,2025-03-03,36,2027-08-18,Active,877,No,Display Failure,Electrical Failure,Yes,Yes,Yes,Yes,No,Yes,Yes,Yes,No,0,N/A,No,N/A,Yes,Yes,Yes,Yes,No,No,Yes,3,171.55,0.0,0.859,Service Center,Invalid Claim
CLM00723,INVALID_223_EXPIRED_WARRANTY,CUS00723,PROD00723,Refrigerator,Aster,AST-REF-0723,SN-2026-000723,2024-11-08,2027-02-06,2027-01-27,24,2026-11-08,Expired,-90,No,Power Failure,Manufacturing Defect,Yes,Yes,Yes,Yes,Yes,Yes,No,Yes,No,0,N/A,Yes,Yes,Yes,Yes,No,No,No,No,Yes,2,2295.86,0.0,0.8,Mobile App,Invalid Claim
CLM00724,INVALID_224_EXCLUDED_DAMAGE,CUS00724,PROD00724,Camera,HomePro,HOM-CAM-0724,SN-2026-000724,2025-01-14,2026-01-14,2026-01-09,24,2027-01-14,Active,365,No,Display Failure,Physical Damage,No,Yes,No,Yes,Yes,Yes,No,Yes,Yes,3,Yes,No,N/A,Yes,Yes,No,No,No,No,No,2,439.88,194.05,0.824,Email,Invalid Claim
CLM00725,INVALID_225_SERIAL_MISMATCH,CUS00725,PROD00725,Washing Machine,ZenCore,ZEN-WAS-0725,SN-2026-000725,2024-07-28,2026-12-22,2026-12-07,24,2026-07-28,Active,-147,No,Mechanical Failure,Manufacturing Defect,Yes,Yes,Yes,Yes,Yes,Yes,Yes,Yes,Yes,3,Yes,No,N/A,No,Yes,No,No,No,Yes,Yes,1,172.47,959.89,0.871,Service Center,Invalid Claim
CLM00726,INVALID_226_UNAUTHORIZED_REPAIR,CUS00726,PROD00726,Smartphone,PrimeView,PRI-SMA-0726,SN-2026-000726,2023-05-14,2025-08-16,2025-07-30,24,2025-05-14,Active,-94,Yes,Display Failure,Manufacturing Defect,Yes,Yes,Yes,Yes,Yes,Yes,Yes,Yes,Yes,2,No,No,N/A,Yes,Yes,No,No,No,Yes,Yes,0,1088.53,860.0,0.794,Web,Invalid Claim
CLM00727,INVALID_227_REPORTING_PERIOD,CUS00727,PROD00727,Camera,ZenCore,ZEN-CAM-0727,SN-2026-000727,2024-08-29,2025-02-28,2024-12-30,12,2025-08-29,Active,70,No,Connectivity Issue,Manufacturing Defect,Yes,No,Yes,No,Yes,Yes,Yes,No,No,0,N/A,Yes,Yes,Yes,Yes,No,No,No,No,Yes,0,764.95,0.0,0.961,Email,Invalid Claim
CLM00728,INVALID_228_DUPLICATE_CLAIM,CUS00728,PROD00728,Smartphone,ZenCore,ZEN-SMA-0728,SN-2026-000728,2023-12-11,2025-11-19,2025-11-13,36,2026-12-11,Active,387,No,Overheating,Electrical Failure,Yes,Yes,Yes,Yes,Yes,Yes,Yes,Yes,Yes,3,Yes,No,N/A,Yes,Yes,Yes,Yes,No,Yes,Yes,2,1884.46,1028.86,0.98,Mobile App,Invalid Claim
CLM00729,INVALID_229_EXPIRED_WARRANTY,CUS00729,PROD00729,Refrigerator,HomePro,HOM-REF-0729,SN-2026-000729,2023-11-15,2026-02-13,2026-02-03,24,2025-11-15,Expired,-90,No,Water Leakage,Manufacturing Defect,Yes,Yes,Yes,Yes,Yes,No,Yes,No,Yes,1,Yes,No,N/A,Yes,Yes,No,No,No,No,Yes,1,419.42,1342.09,0.813,Web,Invalid Claim
CLM00730,INVALID_230_EXCLUDED_DAMAGE,CUS00730,PROD00730,Refrigerator,HomePro,HOM-REF-0730,SN-2026-000730,2023-05-30,2024-11-30,2024-11-25,36,2026-05-30,Active,546,No,Mechanical Failure,Normal Wear,No,Yes,Yes,No,Yes,Yes,Yes,Yes,No,0,N/A,No,N/A,Yes,Yes,No,No,No,No,Yes,3,2367.24,0.0,0.934,Service Center,Invalid Claim
CLM00731,INVALID_231_SERIAL_MISMATCH,CUS00731,PROD00731,Laptop,ZenCore,ZEN-LAP-0731,SN-2026-000731,2023-01-14,2024-06-28,2024-06-17,24,2025-01-14,Active,200,No,Overheating,Electrical Failure,Yes,Yes,Yes,Yes,Yes,No,No,No,No,0,N/A,No,N/A,No,Yes,No,No,No,No,Yes,1,343.96,0.0,0.752,Web,Invalid Claim
CLM00732,INVALID_232_UNAUTHORIZED_REPAIR,CUS00732,PROD00732,Washing Machine,NovaTech,NOV-WAS-0732,SN-2026-000732,2024-10-04,2026-09-04,2026-08-06,36,2027-10-04,Active,395,No,Power Failure,Electrical Failure,Yes,Yes,Yes,Yes,Yes,Yes,Yes,Yes,Yes,2,No,No,N/A,Yes,No,No,No,Yes,Yes,Yes,0,989.8,346.55,0.809,Mobile App,Invalid Claim
CLM00733,INVALID_233_REPORTING_PERIOD,CUS00733,PROD00733,Television,Aster,AST-TEL-0733,SN-2026-000733,2025-07-10,2026-07-10,2026-05-11,24,2027-07-10,Active,615,No,Noise,Electrical Failure,Yes,No,Yes,Yes,Yes,Yes,Yes,No,No,0,N/A,No,N/A,Yes,Yes,No,No,No,Yes,Yes,3,346.09,0.0,0.815,Mobile App,Invalid Claim
CLM00734,INVALID_234_DUPLICATE_CLAIM,CUS00734,PROD00734,Refrigerator,NovaTech,NOV-REF-0734,SN-2026-000734,2025-07-06,2027-11-27,2027-11-10,24,2027-07-06,Active,-144,No,Noise,Electrical Failure,Yes,Yes,No,Yes,Yes,Yes,No,Yes,No,0,N/A,Yes,Yes,Yes,Yes,Yes,Yes,No,No,No,3,2753.4,0.0,0.962,Web,Invalid Claim
CLM00735,INVALID_235_EXPIRED_WARRANTY,CUS00735,PROD00735,Camera,Aster,AST-CAM-0735,SN-2026-000735,2023-10-28,2027-01-26,2027-01-16,36,2026-10-28,Expired,-90,No,Battery Problem,Manufacturing Defect,Yes,Yes,Yes,Yes,No,Yes,Yes,No,No,0,N/A,No,N/A,No,Yes,No,No,No,No,Yes,0,2924.89,0.0,0.874,Service Center,Invalid Claim
CLM00736,INVALID_236_EXCLUDED_DAMAGE,CUS00736,PROD00736,Camera,ZenCore,ZEN-CAM-0736,SN-2026-000736,2024-04-28,2025-10-28,2025-10-23,36,2027-04-28,Active,547,No,Mechanical Failure,Normal Wear,No,Yes,Yes,Yes,Yes,No,Yes,Yes,No,0,N/A,No,N/A,Yes,Yes,No,No,No,No,Yes,2,78.53,0.0,0.824,Web,Invalid Claim
CLM00737,INVALID_237_SERIAL_MISMATCH,CUS00737,PROD00737,Smartphone,HomePro,HOM-SMA-0737,SN-2026-000737,2024-04-20,2025-05-19,2025-05-01,12,2025-04-20,Active,-29,No,Battery Problem,Electrical Failure,Yes,Yes,Yes,Yes,Yes,Yes,Yes,Yes,No,0,N/A,No,N/A,No,Yes,No,No,No,Yes,Yes,1,2467.38,0.0,0.847,Mobile App,Invalid Claim
CLM00738,INVALID_238_UNAUTHORIZED_REPAIR,CUS00738,PROD00738,Printer,Aster,AST-PRI-0738,SN-2026-000738,2024-11-21,2027-04-12,2027-04-08,24,2026-11-21,Active,-142,No,Connectivity Issue,Electrical Failure,Yes,Yes,Yes,No,Yes,Yes,Yes,Yes,Yes,2,No,No,N/A,Yes,Yes,No,No,No,No,Yes,2,879.02,651.07,0.956,Web,Invalid Claim
CLM00739,INVALID_239_REPORTING_PERIOD,CUS00739,PROD00739,Laptop,Aster,AST-LAP-0739,SN-2026-000739,2023-08-25,2025-02-25,2024-12-27,36,2026-08-25,Active,219,No,Water Leakage,Electrical Failure,Yes,No,Yes,Yes,Yes,Yes,No,No,No,0,N/A,No,N/A,Yes,Yes,No,No,No,No,Yes,2,2936.34,0.0,0.903,Mobile App,Invalid Claim
CLM00740,INVALID_240_DUPLICATE_CLAIM,CUS00740,PROD00740,Camera,HomePro,HOM-CAM-0740,SN-2026-000740,2025-09-24,2027-04-18,2027-03-20,36,2028-09-24,Active,525,Yes,Water Leakage,Electrical Failure,Yes,Yes,No,Yes,Yes,Yes,Yes,Yes,No,0,N/A,No,N/A,Yes,Yes,Yes,Yes,No,No,No,1,1430.08,0.0,0.805,Service Center,Invalid Claim
CLM00741,INVALID_241_EXPIRED_WARRANTY,CUS00741,PROD00741,Air Conditioner,Aster,AST-AIR-0741,SN-2026-000741,2024-05-17,2027-08-15,2027-08-05,36,2027-05-17,Expired,-90,No,Battery Problem,Manufacturing Defect,Yes,Yes,Yes,Yes,Yes,Yes,Yes,Yes,No,0,N/A,No,N/A,Yes,Yes,No,No,No,Yes,Yes,0,2311.77,0.0,0.931,Web,Invalid Claim
CLM00742,INVALID_242_EXCLUDED_DAMAGE,CUS00742,PROD00742,Camera,NovaTech,NOV-CAM-0742,SN-2026-000742,2025-06-22,2026-06-22,2026-06-17,24,2027-06-22,Active,365,No,Mechanical Failure,Physical Damage,No,Yes,Yes,Yes,Yes,Yes,Yes,Yes,No,0,N/A,No,N/A,Yes,Yes,No,No,No,Yes,Yes,1,1458.68,0.0,0.964,Web,Invalid Claim
CLM00743,INVALID_243_SERIAL_MISMATCH,CUS00743,PROD00743,Refrigerator,Aster,AST-REF-0743,SN-2026-000743,2024-06-05,2025-10-09,2025-09-26,24,2026-06-05,Active,239,No,Battery Problem,Manufacturing Defect,Yes,Yes,Yes,Yes,Yes,Yes,Yes,Yes,No,0,N/A,No,N/A,No,Yes,No,No,No,Yes,Yes,3,1139.55,0.0,0.828,Mobile App,Invalid Claim
CLM00744,INVALID_244_UNAUTHORIZED_REPAIR,CUS00744,PROD00744,Printer,NovaTech,NOV-PRI-0744,SN-2026-000744,2023-05-18,2023-11-26,2023-11-24,24,2025-05-18,Active,539,No,Power Failure,Electrical Failure,Yes,Yes,No,Yes,Yes,Yes,No,Yes,Yes,2,No,No,N/A,Yes,Yes,No,No,No,No,No,1,566.58,236.7,0.931,Mobile App,Invalid Claim
CLM00745,INVALID_245_REPORTING_PERIOD,CUS00745,PROD00745,Refrigerator,PrimeView,PRI-REF-0745,SN-2026-000745,2024-01-02,2024-07-02,2024-05-03,12,2025-01-02,Active,116,No,Noise,Manufacturing Defect,Yes,No,Yes,Yes,Yes,Yes,No,No,No,0,N/A,No,N/A,Yes,Yes,No,No,No,No,Yes,3,2273.99,0.0,0.935,Web,Invalid Claim
CLM00746,INVALID_246_DUPLICATE_CLAIM,CUS00746,PROD00746,Washing Machine,PrimeView,PRI-WAS-0746,SN-2026-000746,2024-09-25,2025-12-19,2025-12-15,24,2026-09-25,Active,280,No,Connectivity Issue,Manufacturing Defect,Yes,Yes,Yes,No,Yes,Yes,Yes,Yes,No,0,N/A,No,N/A,Yes,Yes,Yes,Yes,No,No,Yes,1,2051.18,0.0,0.918,Mobile App,Invalid Claim
CLM00747,INVALID_247_EXPIRED_WARRANTY,CUS00747,PROD00747,Laptop,NovaTech,NOV-LAP-0747,SN-2026-000747,2023-09-26,2024-12-25,2024-12-15,12,2024-09-26,Expired,-90,Yes,Power Failure,Manufacturing Defect,Yes,Yes,Yes,Yes,Yes,Yes,Yes,No,No,0,N/A,No,N/A,Yes,Yes,No,No,No,Yes,Yes,0,1217.25,0.0,0.858,Service Center,Invalid Claim
CLM00748,INVALID_248_EXCLUDED_DAMAGE,CUS00748,PROD00748,Washing Machine,Aster,AST-WAS-0748,SN-2026-000748,2025-04-20,2025-10-20,2025-10-15,12,2026-04-20,Active,182,Yes,Water Leakage,Accidental Damage,No,Yes,Yes,No,Yes,Yes,Yes,Yes,No,0,N/A,No,N/A,Yes,Yes,No,No,Yes,No,Yes,3,469.88,0.0,0.936,Web,Invalid Claim
CLM00749,INVALID_249_SERIAL_MISMATCH,CUS00749,PROD00749,Camera,PrimeView,PRI-CAM-0749,SN-2026-000749,2023-09-26,2024-04-25,2024-03-31,12,2024-09-26,Active,154,No,Power Failure,Manufacturing Defect,Yes,Yes,Yes,Yes,Yes,Yes,Yes,Yes,No,0,N/A,No,N/A,No,Yes,No,No,No,Yes,Yes,0,218.24,0.0,0.836,Email,Invalid Claim
CLM00750,INVALID_250_UNAUTHORIZED_REPAIR,CUS00750,PROD00750,Television,Aster,AST-TEL-0750,SN-2026-000750,2025-10-15,2027-04-07,2027-03-12,12,2026-10-15,Active,-174,No,Water Leakage,Electrical Failure,Yes,Yes,Yes,Yes,No,Yes,No,Yes,Yes,2,No,No,N/A,Yes,Yes,No,No,No,No,Yes,2,1805.72,893.01,0.936,Email,Invalid Claim
CLM00751,INVALID_251_REPORTING_PERIOD,CUS00751,PROD00751,Washing Machine,Aster,AST-WAS-0751,SN-2026-000751,2026-01-02,2026-07-02,2026-05-03,12,2027-01-02,Active,-394,No,Power Failure,Electrical Failure,Yes,No,Yes,Yes,Yes,No,No,Yes,Yes,3,Yes,No,N/A,Yes,Yes,No,No,No,No,Yes,3,388.31,658.6,0.928,Service Center,Invalid Claim
CLM00752,INVALID_252_DUPLICATE_CLAIM,CUS00752,PROD00752,Smartphone,ZenCore,ZEN-SMA-0752,SN-2026-000752,2023-10-27,2023-12-05,2023-12-01,12,2024-10-27,Active,327,No,Noise,Manufacturing Defect,Yes,Yes,Yes,No,Yes,Yes,Yes,No,No,0,N/A,No,N/A,Yes,Yes,Yes,Yes,No,No,Yes,2,1985.3,0.0,0.751,Web,Invalid Claim
CLM00753,INVALID_253_EXPIRED_WARRANTY,CUS00753,PROD00753,Air Conditioner,PrimeView,PRI-AIR-0753,SN-2026-000753,2026-03-12,2027-06-10,2027-05-31,12,2027-03-12,Expired,-90,No,Overheating,Manufacturing Defect,Yes,Yes,Yes,No,Yes,Yes,Yes,Yes,No,0,N/A,No,N/A,Yes,Yes,No,No,No,No,Yes,2,477.6,0.0,0.931,Email,Invalid Claim
CLM00754,INVALID_254_EXCLUDED_DAMAGE,CUS00754,PROD00754,Washing Machine,Aster,AST-WAS-0754,SN-2026-000754,2025-11-03,2027-05-03,2027-04-28,36,2028-11-03,Active,550,No,Mechanical Failure,Physical Damage,No,Yes,Yes,Yes,Yes,Yes,Yes,No,No,0,N/A,No,N/A,No,Yes,No,No,No,Yes,Yes,3,1098.89,0.0,0.879,Mobile App,Invalid Claim
CLM00755,INVALID_255_SERIAL_MISMATCH,CUS00755,PROD00755,Television,ZenCore,ZEN-TEL-0755,SN-2026-000755,2023-05-12,2025-07-27,2025-07-04,24,2025-05-12,Active,-76,No,Battery Problem,Manufacturing Defect,Yes,Yes,Yes,Yes,Yes,Yes,Yes,Yes,Yes,3,Yes,No,N/A,No,Yes,No,No,No,Yes,Yes,0,1400.42,1298.9,0.892,Email,Invalid Claim
CLM00756,INVALID_256_UNAUTHORIZED_REPAIR,CUS00756,PROD00756,Laptop,ZenCore,ZEN-LAP-0756,SN-2026-000756,2025-08-22,2027-10-16,2027-09-23,24,2027-08-22,Active,-55,No,Noise,Electrical Failure,Yes,Yes,Yes,Yes,Yes,Yes,Yes,Yes,Yes,1,No,Yes,Yes,Yes,Yes,No,No,No,Yes,Yes,2,2095.83,516.98,0.752,Web,Invalid Claim
CLM00757,INVALID_257_REPORTING_PERIOD,CUS00757,PROD00757,Refrigerator,ZenCore,ZEN-REF-0757,SN-2026-000757,2023-01-10,2024-07-10,2024-05-11,36,2026-01-10,Active,778,Yes,Battery Problem,Electrical Failure,Yes,No,Yes,Yes,Yes,Yes,Yes,Yes,No,0,N/A,No,N/A,Yes,Yes,No,No,No,Yes,Yes,0,927.22,0.0,0.844,Service Center,Invalid Claim
CLM00758,INVALID_258_DUPLICATE_CLAIM,CUS00758,PROD00758,Television,NovaTech,NOV-TEL-0758,SN-2026-000758,2025-02-07,2027-03-27,2027-03-24,36,2028-02-07,Active,317,No,Power Failure,Electrical Failure,Yes,Yes,Yes,Yes,Yes,Yes,Yes,Yes,Yes,1,Yes,No,N/A,Yes,Yes,Yes,Yes,No,Yes,Yes,1,629.55,331.22,0.97,Web,Invalid Claim
CLM00759,INVALID_259_EXPIRED_WARRANTY,CUS00759,PROD00759,Smartphone,NovaTech,NOV-SMA-0759,SN-2026-000759,2025-12-23,2027-03-23,2027-03-13,12,2026-12-23,Expired,-90,No,Overheating,Manufacturing Defect,Yes,Yes,Yes,Yes,Yes,No,Yes,Yes,No,0,N/A,No,N/A,Yes,Yes,Yes,No,No,No,Yes,3,1464.01,0.0,0.912,Mobile App,Invalid Claim
CLM00760,INVALID_260_EXCLUDED_DAMAGE,CUS00760,PROD00760,Refrigerator,HomePro,HOM-REF-0760,SN-2026-000760,2025-10-12,2026-04-12,2026-04-07,12,2026-10-12,Active,183,No,Connectivity Issue,Normal Wear,No,Yes,Yes,Yes,Yes,Yes,Yes,No,No,0,N/A,No,N/A,Yes,Yes,No,No,No,Yes,Yes,1,2544.12,0.0,0.89,Web,Invalid Claim
CLM00761,INVALID_261_SERIAL_MISMATCH,CUS00761,PROD00761,Smartphone,NovaTech,NOV-SMA-0761,SN-2026-000761,2025-12-18,2027-05-05,2027-04-19,24,2027-12-18,Active,227,Yes,Noise,Manufacturing Defect,Yes,Yes,Yes,Yes,Yes,Yes,Yes,No,No,0,N/A,No,N/A,No,Yes,No,No,No,Yes,Yes,0,427.31,0.0,0.886,Mobile App,Invalid Claim
CLM00762,INVALID_262_UNAUTHORIZED_REPAIR,CUS00762,PROD00762,Refrigerator,Aster,AST-REF-0762,SN-2026-000762,2023-03-02,2025-06-21,2025-06-13,24,2025-03-02,Active,-111,No,Battery Problem,Electrical Failure,Yes,Yes,Yes,Yes,Yes,Yes,Yes,Yes,Yes,2,No,No,N/A,Yes,No,No,No,No,Yes,Yes,0,256.18,1003.1,0.856,Mobile App,Invalid Claim
CLM00763,INVALID_263_REPORTING_PERIOD,CUS00763,PROD00763,Television,ZenCore,ZEN-TEL-0763,SN-2026-000763,2023-05-28,2024-05-28,2024-03-29,24,2025-05-28,Active,-61,No,Battery Problem,Manufacturing Defect,Yes,No,Yes,Yes,No,Yes,Yes,Yes,No,0,N/A,No,N/A,Yes,Yes,No,No,No,No,Yes,2,2763.82,0.0,0.939,Mobile App,Invalid Claim
CLM00764,INVALID_264_DUPLICATE_CLAIM,CUS00764,PROD00764,Printer,PrimeView,PRI-PRI-0764,SN-2026-000764,2025-04-13,2026-02-20,2026-02-11,12,2026-04-13,Active,52,Yes,Mechanical Failure,Electrical Failure,Yes,Yes,Yes,Yes,Yes,Yes,No,No,No,0,N/A,No,N/A,Yes,Yes,Yes,Yes,No,No,Yes,1,373.83,0.0,0.918,Mobile App,Invalid Claim
CLM00765,INVALID_265_EXPIRED_WARRANTY,CUS00765,PROD00765,Refrigerator,ZenCore,ZEN-REF-0765,SN-2026-000765,2023-03-31,2025-06-29,2025-06-19,24,2025-03-31,Expired,-90,Yes,Power Failure,Manufacturing Defect,Yes,Yes,Yes,No,Yes,Yes,No,No,No,0,N/A,No,N/A,Yes,Yes,No,No,No,No,Yes,1,1154.39,0.0,0.939,Web,Invalid Claim
CLM00766,INVALID_266_EXCLUDED_DAMAGE,CUS00766,PROD00766,Camera,PrimeView,PRI-CAM-0766,SN-2026-000766,2025-04-21,2026-10-21,2026-10-16,36,2028-04-21,Active,548,Yes,Display Failure,Accidental Damage,No,Yes,Yes,Yes,Yes,Yes,Yes,Yes,No,0,N/A,No,N/A,Yes,Yes,No,No,No,Yes,Yes,3,954.75,0.0,0.956,Web,Invalid Claim
CLM00767,INVALID_267_SERIAL_MISMATCH,CUS00767,PROD00767,Smartphone,ZenCore,ZEN-SMA-0767,SN-2026-000767,2023-04-16,2023-10-28,2023-10-13,36,2026-04-16,Active,901,No,Battery Problem,Manufacturing Defect,Yes,Yes,Yes,Yes,Yes,Yes,No,Yes,No,0,N/A,No,N/A,No,Yes,No,No,No,No,Yes,3,2415.41,0.0,0.779,Mobile App,Invalid Claim
CLM00768,INVALID_268_UNAUTHORIZED_REPAIR,CUS00768,PROD00768,Printer,Aster,AST-PRI-0768,SN-2026-000768,2024-07-31,2026-02-14,2026-01-16,36,2027-07-31,Active,532,No,Connectivity Issue,Electrical Failure,Yes,Yes,Yes,Yes,Yes,Yes,Yes,Yes,Yes,2,No,No,N/A,Yes,Yes,No,No,No,Yes,Yes,2,2143.65,120.01,0.884,Mobile App,Invalid Claim
CLM00769,INVALID_269_REPORTING_PERIOD,CUS00769,PROD00769,Air Conditioner,PrimeView,PRI-AIR-0769,SN-2026-000769,2023-03-06,2023-09-06,2023-07-08,12,2024-03-06,Active,159,No,Mechanical Failure,Electrical Failure,Yes,No,No,No,Yes,Yes,Yes,No,No,0,N/A,No,N/A,No,Yes,No,No,No,No,No,3,1443.05,0.0,0.784,Web,Invalid Claim
CLM00770,INVALID_270_DUPLICATE_CLAIM,CUS00770,PROD00770,Printer,PrimeView,PRI-PRI-0770,SN-2026-000770,2025-09-30,2026-08-29,2026-08-09,36,2028-09-30,Active,763,No,Battery Problem,Manufacturing Defect,Yes,Yes,Yes,Yes,Yes,No,Yes,Yes,Yes,2,No,No,N/A,Yes,Yes,Yes,Yes,No,No,Yes,1,2969.92,546.99,0.816,Web,Invalid Claim
CLM00771,INVALID_271_EXPIRED_WARRANTY,CUS00771,PROD00771,Laptop,PrimeView,PRI-LAP-0771,SN-2026-000771,2024-04-16,2026-07-15,2026-07-05,24,2026-04-16,Expired,-90,Yes,Display Failure,Electrical Failure,Yes,Yes,Yes,Yes,Yes,Yes,Yes,Yes,No,0,N/A,No,N/A,Yes,Yes,No,No,No,Yes,Yes,3,2623.27,0.0,0.949,Mobile App,Invalid Claim
CLM00772,INVALID_272_EXCLUDED_DAMAGE,CUS00772,PROD00772,Smartphone,HomePro,HOM-SMA-0772,SN-2026-000772,2026-02-15,2027-02-15,2027-02-10,24,2028-02-15,Active,365,No,Power Failure,Water Damage,No,Yes,Yes,Yes,Yes,Yes,Yes,Yes,No,0,N/A,No,N/A,Yes,Yes,No,No,No,Yes,Yes,3,1372.19,0.0,0.861,Web,Invalid Claim
CLM00773,INVALID_273_SERIAL_MISMATCH,CUS00773,PROD00773,Washing Machine,ZenCore,ZEN-WAS-0773,SN-2026-000773,2025-01-01,2026-09-24,2026-09-14,24,2027-01-01,Active,99,No,Noise,Manufacturing Defect,Yes,Yes,Yes,Yes,Yes,Yes,Yes,Yes,No,0,N/A,No,N/A,No,Yes,No,No,No,Yes,Yes,2,1495.75,0.0,0.767,Web,Invalid Claim
CLM00774,INVALID_274_UNAUTHORIZED_REPAIR,CUS00774,PROD00774,Refrigerator,ZenCore,ZEN-REF-0774,SN-2026-000774,2023-02-25,2024-09-22,2024-08-27,36,2026-02-25,Active,521,No,Display Failure,Electrical Failure,Yes,Yes,Yes,Yes,Yes,Yes,Yes,Yes,Yes,1,No,No,N/A,Yes,Yes,No,No,No,Yes,Yes,2,348.37,739.53,0.97,Service Center,Invalid Claim
CLM00775,INVALID_275_REPORTING_PERIOD,CUS00775,PROD00775,Refrigerator,PrimeView,PRI-REF-0775,SN-2026-000775,2024-04-12,2025-04-12,2025-02-11,24,2026-04-12,Active,276,No,Connectivity Issue,Manufacturing Defect,Yes,No,No,Yes,Yes,Yes,Yes,Yes,No,0,N/A,No,N/A,Yes,Yes,No,No,No,No,No,2,2370.98,0.0,0.942,Web,Invalid Claim
CLM00776,INVALID_276_DUPLICATE_CLAIM,CUS00776,PROD00776,Smartphone,HomePro,HOM-SMA-0776,SN-2026-000776,2024-08-23,2025-10-04,2025-09-08,24,2026-08-23,Active,323,Yes,Power Failure,Electrical Failure,Yes,Yes,Yes,Yes,Yes,Yes,Yes,Yes,No,0,N/A,No,N/A,Yes,Yes,Yes,Yes,No,Yes,Yes,3,2284.34,0.0,0.87,Service Center,Invalid Claim
CLM00777,INVALID_277_EXPIRED_WARRANTY,CUS00777,PROD00777,Smartphone,HomePro,HOM-SMA-0777,SN-2026-000777,2024-01-05,2026-04-05,2026-03-26,24,2026-01-05,Expired,-90,No,Water Leakage,Electrical Failure,Yes,Yes,Yes,Yes,Yes,Yes,Yes,No,No,0,N/A,No,N/A,Yes,Yes,No,No,No,Yes,Yes,2,2054.87,0.0,0.887,Email,Invalid Claim
CLM00778,INVALID_278_EXCLUDED_DAMAGE,CUS00778,PROD00778,Air Conditioner,HomePro,HOM-AIR-0778,SN-2026-000778,2024-11-21,2025-11-21,2025-11-16,24,2026-11-21,Active,365,No,Display Failure,Water Damage,No,Yes,Yes,No,Yes,Yes,Yes,No,No,0,N/A,No,N/A,Yes,Yes,No,No,No,No,Yes,2,1972.73,0.0,0.825,Mobile App,Invalid Claim
CLM00779,INVALID_279_SERIAL_MISMATCH,CUS00779,PROD00779,Washing Machine,HomePro,HOM-WAS-0779,SN-2026-000779,2025-07-14,2026-11-08,2026-10-19,12,2026-07-14,Active,-117,No,Noise,Electrical Failure,Yes,Yes,Yes,Yes,Yes,Yes,No,Yes,No,0,N/A,No,N/A,No,Yes,No,Yes,No,No,Yes,3,512.84,0.0,0.971,Service Center,Invalid Claim
CLM00780,INVALID_280_UNAUTHORIZED_REPAIR,CUS00780,PROD00780,Laptop,ZenCore,ZEN-LAP-0780,SN-2026-000780,2025-04-19,2027-04-18,2027-04-11,12,2026-04-19,Active,-364,Yes,Noise,Electrical Failure,Yes,Yes,Yes,Yes,Yes,Yes,Yes,Yes,Yes,2,No,No,N/A,Yes,No,No,No,No,Yes,Yes,1,391.41,917.62,0.938,Email,Invalid Claim
CLM00781,INVALID_281_REPORTING_PERIOD,CUS00781,PROD00781,Smartphone,HomePro,HOM-SMA-0781,SN-2026-000781,2024-12-22,2025-06-22,2025-04-23,12,2025-12-22,Active,227,No,Water Leakage,Manufacturing Defect,Yes,No,Yes,Yes,Yes,No,No,Yes,No,0,N/A,No,N/A,Yes,Yes,No,No,No,No,Yes,1,1528.25,0.0,0.942,Email,Invalid Claim
CLM00782,INVALID_282_DUPLICATE_CLAIM,CUS00782,PROD00782,Camera,Aster,AST-CAM-0782,SN-2026-000782,2024-02-20,2025-04-06,2025-04-03,12,2025-02-20,Active,-45,No,Overheating,Electrical Failure,Yes,Yes,No,No,Yes,Yes,Yes,Yes,Yes,2,No,No,N/A,Yes,Yes,Yes,Yes,No,No,No,2,1092.43,278.58,0.941,Email,Invalid Claim
CLM00783,INVALID_283_EXPIRED_WARRANTY,CUS00783,PROD00783,Printer,ZenCore,ZEN-PRI-0783,SN-2026-000783,2025-05-12,2027-08-10,2027-07-31,24,2027-05-12,Expired,-90,No,Overheating,Electrical Failure,Yes,Yes,Yes,Yes,Yes,No,No,Yes,No,0,N/A,No,N/A,Yes,Yes,No,No,No,No,Yes,0,163.6,0.0,0.847,Service Center,Invalid Claim
CLM00784,INVALID_284_EXCLUDED_DAMAGE,CUS00784,PROD00784,Refrigerator,Aster,AST-REF-0784,SN-2026-000784,2023-04-21,2024-04-21,2024-04-16,24,2025-04-21,Active,365,No,Power Failure,Physical Damage,No,Yes,Yes,Yes,Yes,Yes,Yes,Yes,No,0,N/A,No,N/A,Yes,Yes,No,No,No,Yes,Yes,0,1272.29,0.0,0.93,Mobile App,Invalid Claim
CLM00785,INVALID_285_SERIAL_MISMATCH,CUS00785,PROD00785,Smartphone,NovaTech,NOV-SMA-0785,SN-2026-000785,2024-12-15,2025-11-21,2025-10-31,24,2026-12-15,Active,389,Yes,Water Leakage,Manufacturing Defect,Yes,Yes,Yes,No,Yes,Yes,Yes,Yes,No,0,N/A,No,N/A,No,Yes,No,Yes,No,No,Yes,1,427.9,0.0,0.911,Web,Invalid Claim
CLM00786,INVALID_286_UNAUTHORIZED_REPAIR,CUS00786,PROD00786,Laptop,ZenCore,ZEN-LAP-0786,SN-2026-000786,2025-04-20,2025-11-16,2025-11-03,12,2026-04-20,Active,155,No,Battery Problem,Electrical Failure,Yes,Yes,Yes,Yes,Yes,Yes,Yes,Yes,Yes,1,No,No,N/A,Yes,Yes,No,No,No,Yes,Yes,0,2351.43,232.97,0.89,Mobile App,Invalid Claim
CLM00787,INVALID_287_REPORTING_PERIOD,CUS00787,PROD00787,Camera,NovaTech,NOV-CAM-0787,SN-2026-000787,2023-03-12,2024-09-12,2024-07-14,36,2026-03-12,Active,749,Yes,Display Failure,Electrical Failure,Yes,No,Yes,Yes,Yes,No,Yes,Yes,No,0,N/A,No,N/A,Yes,Yes,No,Yes,No,No,Yes,2,2859.43,0.0,0.926,Email,Invalid Claim
CLM00788,INVALID_288_DUPLICATE_CLAIM,CUS00788,PROD00788,Refrigerator,PrimeView,PRI-REF-0788,SN-2026-000788,2025-08-04,2027-11-01,2027-10-24,24,2027-08-04,Active,-89,No,Display Failure,Manufacturing Defect,Yes,Yes,Yes,Yes,Yes,Yes,Yes,Yes,No,0,N/A,No,N/A,Yes,Yes,Yes,Yes,No,Yes,Yes,2,499.86,0.0,0.827,Service Center,Invalid Claim
CLM00789,INVALID_289_EXPIRED_WARRANTY,CUS00789,PROD00789,Air Conditioner,HomePro,HOM-AIR-0789,SN-2026-000789,2023-06-11,2026-09-09,2026-08-30,36,2026-06-11,Expired,-90,No,Water Leakage,Manufacturing Defect,Yes,Yes,Yes,Yes,Yes,Yes,Yes,Yes,No,0,N/A,No,N/A,Yes,Yes,No,No,No,Yes,Yes,3,2793.99,0.0,0.961,Mobile App,Invalid Claim
CLM00790,INVALID_290_EXCLUDED_DAMAGE,CUS00790,PROD00790,Printer,HomePro,HOM-PRI-0790,SN-2026-000790,2024-01-31,2025-07-31,2025-07-26,36,2027-01-31,Active,549,No,Noise,Normal Wear,No,Yes,Yes,No,Yes,Yes,Yes,Yes,No,0,N/A,No,N/A,Yes,Yes,No,No,No,No,Yes,1,2261.13,0.0,0.799,Mobile App,Invalid Claim
CLM00791,INVALID_291_SERIAL_MISMATCH,CUS00791,PROD00791,Camera,PrimeView,PRI-CAM-0791,SN-2026-000791,2026-03-20,2028-06-01,2028-05-10,36,2029-03-20,Active,292,No,Overheating,Electrical Failure,Yes,Yes,Yes,Yes,No,Yes,Yes,Yes,No,0,N/A,Yes,No,No,Yes,No,No,No,No,Yes,0,2215.09,0.0,0.981,Email,Invalid Claim
CLM00792,INVALID_292_UNAUTHORIZED_REPAIR,CUS00792,PROD00792,Television,NovaTech,NOV-TEL-0792,SN-2026-000792,2025-03-06,2026-02-04,2026-01-18,36,2028-03-06,Active,761,No,Power Failure,Electrical Failure,Yes,Yes,Yes,Yes,No,Yes,Yes,Yes,Yes,1,No,No,N/A,Yes,Yes,No,No,No,No,Yes,3,2260.21,163.69,0.934,Email,Invalid Claim
CLM00793,INVALID_293_REPORTING_PERIOD,CUS00793,PROD00793,Camera,PrimeView,PRI-CAM-0793,SN-2026-000793,2023-06-26,2024-12-26,2024-10-27,36,2026-06-26,Active,422,No,Display Failure,Electrical Failure,Yes,No,Yes,No,Yes,Yes,No,Yes,Yes,2,Yes,Yes,Yes,Yes,Yes,No,No,No,No,Yes,0,1627.69,564.6,0.76,Service Center,Invalid Claim
CLM00794,INVALID_294_DUPLICATE_CLAIM,CUS00794,PROD00794,Printer,Aster,AST-PRI-0794,SN-2026-000794,2025-12-12,2027-08-13,2027-07-21,36,2028-12-12,Active,487,Yes,Water Leakage,Manufacturing Defect,Yes,Yes,Yes,Yes,No,Yes,Yes,Yes,Yes,2,Yes,No,N/A,Yes,Yes,Yes,Yes,No,No,Yes,1,925.69,757.35,0.858,Service Center,Invalid Claim
CLM00795,INVALID_295_EXPIRED_WARRANTY,CUS00795,PROD00795,Television,Aster,AST-TEL-0795,SN-2026-000795,2024-09-10,2025-12-09,2025-11-29,12,2025-09-10,Expired,-90,No,Power Failure,Manufacturing Defect,Yes,Yes,Yes,Yes,Yes,Yes,Yes,Yes,No,0,N/A,No,N/A,Yes,Yes,No,Yes,No,Yes,Yes,1,922.41,0.0,0.906,Web,Invalid Claim
CLM00796,INVALID_296_EXCLUDED_DAMAGE,CUS00796,PROD00796,Laptop,ZenCore,ZEN-LAP-0796,SN-2026-000796,2025-09-04,2026-03-04,2026-02-27,12,2026-09-04,Active,184,Yes,Power Failure,Physical Damage,No,Yes,No,No,Yes,Yes,Yes,Yes,No,0,N/A,Yes,Yes,Yes,Yes,No,No,No,No,No,3,2364.82,0.0,0.837,Service Center,Invalid Claim
CLM00797,INVALID_297_SERIAL_MISMATCH,CUS00797,PROD00797,Air Conditioner,PrimeView,PRI-AIR-0797,SN-2026-000797,2023-03-18,2025-06-23,2025-05-27,12,2024-03-18,Active,-462,No,Display Failure,Manufacturing Defect,Yes,Yes,Yes,Yes,Yes,No,Yes,Yes,No,0,N/A,No,N/A,No,Yes,No,No,No,No,Yes,2,2184.98,0.0,0.876,Service Center,Invalid Claim
CLM00798,INVALID_298_UNAUTHORIZED_REPAIR,CUS00798,PROD00798,Washing Machine,Aster,AST-WAS-0798,SN-2026-000798,2023-03-20,2024-10-25,2024-10-17,12,2024-03-20,Active,-219,No,Display Failure,Electrical Failure,Yes,Yes,Yes,Yes,Yes,Yes,Yes,Yes,Yes,2,No,No,N/A,Yes,Yes,No,No,No,Yes,Yes,2,1386.28,1155.05,0.862,Email,Invalid Claim
CLM00799,INVALID_299_REPORTING_PERIOD,CUS00799,PROD00799,Camera,NovaTech,NOV-CAM-0799,SN-2026-000799,2025-06-23,2026-12-23,2026-10-24,36,2028-06-23,Active,600,No,Battery Problem,Electrical Failure,Yes,No,Yes,No,Yes,Yes,Yes,No,No,0,N/A,No,N/A,Yes,Yes,No,No,No,No,Yes,2,1002.98,0.0,0.939,Email,Invalid Claim
CLM00800,INVALID_300_DUPLICATE_CLAIM,CUS00800,PROD00800,Television,ZenCore,ZEN-TEL-0800,SN-2026-000800,2024-11-01,2026-07-09,2026-06-26,36,2027-11-01,Active,480,No,Overheating,Electrical Failure,Yes,Yes,Yes,Yes,Yes,Yes,Yes,Yes,No,0,N/A,No,N/A,Yes,Yes,Yes,Yes,No,Yes,Yes,3,1289.65,0.0,0.897,Mobile App,Invalid Claim
CLM00801,INVALID_301_EXPIRED_WARRANTY,CUS00801,PROD00801,Smartphone,HomePro,HOM-SMA-0801,SN-2026-000801,2025-02-05,2027-05-06,2027-04-26,24,2027-02-05,Expired,-90,No,Noise,Electrical Failure,Yes,Yes,Yes,Yes,Yes,Yes,No,No,No,0,N/A,No,N/A,Yes,Yes,No,No,No,No,Yes,3,2493.49,0.0,0.952,Web,Invalid Claim
CLM00802,INVALID_302_EXCLUDED_DAMAGE,CUS00802,PROD00802,Refrigerator,Aster,AST-REF-0802,SN-2026-000802,2023-12-08,2024-06-08,2024-06-03,12,2024-12-08,Active,183,No,Display Failure,Accidental Damage,No,Yes,No,Yes,No,Yes,No,Yes,No,0,N/A,No,N/A,Yes,Yes,No,No,No,No,No,1,1074.53,0.0,0.803,Mobile App,Invalid Claim
CLM00803,INVALID_303_SERIAL_MISMATCH,CUS00803,PROD00803,Air Conditioner,ZenCore,ZEN-AIR-0803,SN-2026-000803,2025-07-16,2025-12-13,2025-11-22,36,2028-07-16,Active,946,No,Overheating,Manufacturing Defect,Yes,Yes,Yes,Yes,Yes,Yes,Yes,Yes,No,0,N/A,No,N/A,No,Yes,No,No,No,Yes,Yes,0,1963.51,0.0,0.903,Web,Invalid Claim
CLM00804,INVALID_304_UNAUTHORIZED_REPAIR,CUS00804,PROD00804,Washing Machine,ZenCore,ZEN-WAS-0804,SN-2026-000804,2025-04-18,2027-09-30,2027-09-08,24,2027-04-18,Active,-165,No,Overheating,Electrical Failure,Yes,Yes,Yes,Yes,Yes,Yes,Yes,Yes,Yes,1,No,No,N/A,Yes,Yes,No,No,No,Yes,Yes,1,1451.35,559.4,0.969,Service Center,Invalid Claim
CLM00805,INVALID_305_REPORTING_PERIOD,CUS00805,PROD00805,Refrigerator,PrimeView,PRI-REF-0805,SN-2026-000805,2025-09-04,2026-09-04,2026-07-06,24,2027-09-04,Active,150,No,Water Leakage,Manufacturing Defect,Yes,No,No,Yes,Yes,Yes,No,Yes,No,0,N/A,No,N/A,Yes,Yes,No,No,No,No,No,2,1418.24,0.0,0.8,Service Center,Invalid Claim
CLM00806,INVALID_306_DUPLICATE_CLAIM,CUS00806,PROD00806,Television,PrimeView,PRI-TEL-0806,SN-2026-000806,2025-08-27,2026-02-05,2026-01-27,12,2026-08-27,Active,203,No,Power Failure,Manufacturing Defect,Yes,Yes,Yes,Yes,Yes,Yes,Yes,Yes,No,0,N/A,No,N/A,Yes,Yes,Yes,Yes,No,Yes,Yes,1,2255.96,0.0,0.93,Mobile App,Invalid Claim
CLM00807,INVALID_307_EXPIRED_WARRANTY,CUS00807,PROD00807,Refrigerator,NovaTech,NOV-REF-0807,SN-2026-000807,2024-02-17,2025-05-18,2025-05-08,12,2025-02-17,Expired,-90,Yes,Water Leakage,Manufacturing Defect,Yes,Yes,No,Yes,Yes,Yes,No,Yes,Yes,3,Yes,No,N/A,Yes,Yes,No,No,No,No,No,1,2332.28,695.78,0.865,Email,Invalid Claim
CLM00808,INVALID_308_EXCLUDED_DAMAGE,CUS00808,PROD00808,Television,ZenCore,ZEN-TEL-0808,SN-2026-000808,2024-03-16,2024-09-16,2024-09-11,12,2025-03-16,Active,181,No,Display Failure,Water Damage,No,Yes,Yes,Yes,Yes,No,No,No,No,0,N/A,No,N/A,Yes,Yes,No,No,No,No,Yes,0,1306.32,0.0,0.812,Mobile App,Invalid Claim
CLM00809,INVALID_309_SERIAL_MISMATCH,CUS00809,PROD00809,Washing Machine,Aster,AST-WAS-0809,SN-2026-000809,2023-05-13,2024-12-07,2024-11-27,12,2024-05-13,Active,-208,No,Water Leakage,Electrical Failure,Yes,Yes,Yes,Yes,Yes,Yes,No,Yes,No,0,N/A,No,N/A,No,Yes,No,No,No,No,Yes,1,2362.84,0.0,0.982,Mobile App,Invalid Claim
CLM00810,INVALID_310_UNAUTHORIZED_REPAIR,CUS00810,PROD00810,Air Conditioner,HomePro,HOM-AIR-0810,SN-2026-000810,2023-12-03,2025-10-17,2025-10-11,12,2024-12-03,Active,-318,No,Water Leakage,Electrical Failure,Yes,Yes,Yes,No,Yes,Yes,Yes,Yes,Yes,1,No,No,N/A,Yes,Yes,No,No,No,No,Yes,1,1829.79,1157.78,0.827,Email,Invalid Claim
CLM00811,INVALID_311_REPORTING_PERIOD,CUS00811,PROD00811,Laptop,PrimeView,PRI-LAP-0811,SN-2026-000811,2024-03-10,2024-09-10,2024-07-12,12,2025-03-10,Active,108,Yes,Noise,Manufacturing Defect,Yes,No,Yes,Yes,Yes,Yes,Yes,Yes,No,0,N/A,No,N/A,Yes,Yes,No,Yes,No,Yes,Yes,0,350.08,0.0,0.987,Service Center,Invalid Claim
CLM00812,INVALID_312_DUPLICATE_CLAIM,CUS00812,PROD00812,Air Conditioner,Aster,AST-AIR-0812,SN-2026-000812,2025-05-15,2025-08-28,2025-08-20,36,2028-05-15,Active,991,Yes,Overheating,Electrical Failure,Yes,Yes,Yes,Yes,Yes,Yes,No,No,No,0,N/A,No,N/A,Yes,Yes,Yes,Yes,No,No,Yes,3,2900.07,0.0,0.772,Web,Invalid Claim
CLM00813,INVALID_313_EXPIRED_WARRANTY,CUS00813,PROD00813,Camera,PrimeView,PRI-CAM-0813,SN-2026-000813,2026-01-15,2027-04-15,2027-04-05,12,2027-01-15,Expired,-90,Yes,Mechanical Failure,Manufacturing Defect,Yes,Yes,Yes,No,Yes,No,Yes,No,No,0,N/A,No,N/A,Yes,Yes,No,No,No,No,Yes,1,198.17,0.0,0.974,Web,Invalid Claim
CLM00814,INVALID_314_EXCLUDED_DAMAGE,CUS00814,PROD00814,Television,ZenCore,ZEN-TEL-0814,SN-2026-000814,2024-05-04,2025-11-04,2025-10-30,36,2027-05-04,Active,546,No,Overheating,Water Damage,No,Yes,Yes,Yes,Yes,Yes,Yes,Yes,No,0,N/A,No,N/A,Yes,Yes,No,No,No,Yes,Yes,0,2315.97,0.0,0.921,Email,Invalid Claim
CLM00815,INVALID_315_SERIAL_MISMATCH,CUS00815,PROD00815,Smartphone,Aster,AST-SMA-0815,SN-2026-000815,2023-12-04,2025-07-06,2025-06-26,12,2024-12-04,Active,-214,No,Water Leakage,Manufacturing Defect,Yes,Yes,Yes,Yes,Yes,No,Yes,Yes,No,0,N/A,No,N/A,No,Yes,No,No,No,No,Yes,2,974.75,0.0,0.901,Mobile App,Invalid Claim
CLM00816,INVALID_316_UNAUTHORIZED_REPAIR,CUS00816,PROD00816,Smartphone,Aster,AST-SMA-0816,SN-2026-000816,2023-02-17,2024-05-19,2024-05-15,12,2024-02-17,Active,-92,Yes,Mechanical Failure,Manufacturing Defect,Yes,Yes,Yes,Yes,Yes,Yes,Yes,Yes,Yes,1,No,No,N/A,Yes,Yes,No,No,No,Yes,Yes,2,2866.18,982.82,0.984,Email,Invalid Claim
CLM00817,INVALID_317_REPORTING_PERIOD,CUS00817,PROD00817,Air Conditioner,HomePro,HOM-AIR-0817,SN-2026-000817,2025-09-27,2026-03-27,2026-01-26,12,2026-09-27,Active,158,No,Water Leakage,Manufacturing Defect,Yes,No,Yes,Yes,Yes,Yes,No,Yes,No,0,N/A,No,N/A,Yes,No,No,Yes,No,No,Yes,0,445.98,0.0,0.819,Web,Invalid Claim
CLM00818,INVALID_318_DUPLICATE_CLAIM,CUS00818,PROD00818,Washing Machine,ZenCore,ZEN-WAS-0818,SN-2026-000818,2025-11-27,2026-03-15,2026-02-17,24,2027-11-27,Active,622,Yes,Battery Problem,Electrical Failure,Yes,Yes,No,No,Yes,Yes,Yes,No,No,0,N/A,No,N/A,Yes,Yes,Yes,Yes,Yes,No,No,3,2501.38,0.0,0.911,Service Center,Invalid Claim
CLM00819,INVALID_319_EXPIRED_WARRANTY,CUS00819,PROD00819,Refrigerator,PrimeView,PRI-REF-0819,SN-2026-000819,2023-02-21,2026-05-22,2026-05-12,36,2026-02-21,Expired,-90,No,Display Failure,Electrical Failure,Yes,Yes,Yes,No,Yes,Yes,Yes,Yes,No,0,N/A,No,N/A,Yes,Yes,No,No,No,No,Yes,0,1770.7,0.0,0.958,Service Center,Invalid Claim
CLM00820,INVALID_320_EXCLUDED_DAMAGE,CUS00820,PROD00820,Camera,ZenCore,ZEN-CAM-0820,SN-2026-000820,2024-10-26,2025-04-26,2025-04-21,12,2025-10-26,Active,183,No,Overheating,Accidental Damage,No,Yes,No,Yes,Yes,Yes,Yes,Yes,No,0,N/A,No,N/A,Yes,Yes,No,No,No,No,No,3,1628.17,0.0,0.791,Mobile App,Invalid Claim
CLM00821,INVALID_321_SERIAL_MISMATCH,CUS00821,PROD00821,Camera,NovaTech,NOV-CAM-0821,SN-2026-000821,2023-10-17,2024-06-01,2024-05-12,24,2025-10-17,Active,503,No,Water Leakage,Manufacturing Defect,Yes,Yes,Yes,No,Yes,Yes,Yes,No,Yes,1,Yes,No,N/A,No,Yes,No,No,No,No,Yes,2,926.16,1149.63,0.784,Email,Invalid Claim
CLM00822,INVALID_322_UNAUTHORIZED_REPAIR,CUS00822,PROD00822,Camera,PrimeView,PRI-CAM-0822,SN-2026-000822,2023-12-10,2025-11-19,2025-11-06,36,2026-12-10,Active,386,Yes,Power Failure,Manufacturing Defect,Yes,Yes,No,No,Yes,Yes,Yes,Yes,Yes,2,No,No,N/A,Yes,No,No,No,No,No,No,3,463.5,324.57,0.812,Web,Invalid Claim
CLM00823,INVALID_323_REPORTING_PERIOD,CUS00823,PROD00823,Laptop,HomePro,HOM-LAP-0823,SN-2026-000823,2026-03-23,2026-09-23,2026-07-25,12,2027-03-23,Active,-81,No,Connectivity Issue,Manufacturing Defect,Yes,No,Yes,Yes,Yes,No,No,No,No,0,N/A,No,N/A,Yes,Yes,No,No,No,No,Yes,1,2292.96,0.0,0.849,Service Center,Invalid Claim
CLM00824,INVALID_324_DUPLICATE_CLAIM,CUS00824,PROD00824,Smartphone,NovaTech,NOV-SMA-0824,SN-2026-000824,2024-09-22,2026-05-04,2026-04-06,24,2026-09-22,Active,141,No,Mechanical Failure,Manufacturing Defect,Yes,Yes,Yes,Yes,Yes,Yes,Yes,Yes,Yes,2,Yes,No,N/A,Yes,Yes,Yes,Yes,No,Yes,Yes,2,1543.49,647.53,0.853,Web,Invalid Claim
CLM00825,INVALID_325_EXPIRED_WARRANTY,CUS00825,PROD00825,Television,Aster,AST-TEL-0825,SN-2026-000825,2025-06-18,2028-09-16,2028-09-06,36,2028-06-18,Expired,-90,No,Display Failure,Manufacturing Defect,Yes,Yes,Yes,No,Yes,Yes,Yes,No,No,0,N/A,No,N/A,Yes,Yes,No,No,No,No,Yes,1,1217.95,0.0,0.913,Web,Invalid Claim
CLM00826,INVALID_326_EXCLUDED_DAMAGE,CUS00826,PROD00826,Printer,PrimeView,PRI-PRI-0826,SN-2026-000826,2023-08-06,2025-02-06,2025-02-01,36,2026-08-06,Active,546,No,Water Leakage,Accidental Damage,No,Yes,No,No,No,Yes,Yes,No,Yes,3,Yes,No,N/A,No,Yes,No,No,No,No,No,0,1833.38,1320.23,0.953,Email,Invalid Claim
CLM00827,INVALID_327_SERIAL_MISMATCH,CUS00827,PROD00827,Television,NovaTech,NOV-TEL-0827,SN-2026-000827,2024-08-31,2025-10-10,2025-10-08,12,2025-08-31,Active,-40,Yes,Mechanical Failure,Electrical Failure,Yes,Yes,No,Yes,Yes,Yes,Yes,Yes,No,0,N/A,No,N/A,No,Yes,No,No,No,No,No,3,1813.41,0.0,0.957,Mobile App,Invalid Claim
CLM00828,INVALID_328_UNAUTHORIZED_REPAIR,CUS00828,PROD00828,Printer,NovaTech,NOV-PRI-0828,SN-2026-000828,2023-08-08,2025-03-13,2025-02-18,24,2025-08-08,Active,148,No,Display Failure,Manufacturing Defect,Yes,Yes,Yes,No,Yes,Yes,Yes,Yes,Yes,2,No,No,N/A,Yes,Yes,No,No,No,No,Yes,0,2479.72,943.96,0.93,Service Center,Invalid Claim
CLM00829,INVALID_329_REPORTING_PERIOD,CUS00829,PROD00829,Smartphone,HomePro,HOM-SMA-0829,SN-2026-000829,2024-08-27,2025-02-27,2024-12-29,12,2025-08-27,Active,77,No,Water Leakage,Manufacturing Defect,Yes,No,Yes,Yes,Yes,Yes,Yes,Yes,Yes,2,Yes,No,N/A,Yes,Yes,No,No,No,Yes,Yes,1,403.84,358.64,0.845,Service Center,Invalid Claim
CLM00830,INVALID_330_DUPLICATE_CLAIM,CUS00830,PROD00830,Television,HomePro,HOM-TEL-0830,SN-2026-000830,2023-05-05,2025-05-31,2025-05-05,36,2026-05-05,Active,339,No,Water Leakage,Manufacturing Defect,Yes,Yes,Yes,Yes,No,Yes,Yes,Yes,No,0,N/A,No,N/A,Yes,Yes,Yes,Yes,No,No,Yes,1,2274.86,0.0,0.982,Email,Invalid Claim
CLM00831,INVALID_331_EXPIRED_WARRANTY,CUS00831,PROD00831,Air Conditioner,NovaTech,NOV-AIR-0831,SN-2026-000831,2023-02-18,2026-05-19,2026-05-09,36,2026-02-18,Expired,-90,No,Mechanical Failure,Manufacturing Defect,Yes,Yes,Yes,No,Yes,Yes,Yes,Yes,Yes,1,Yes,No,N/A,Yes,Yes,No,No,No,No,Yes,0,536.7,560.08,0.861,Email,Invalid Claim
CLM00832,INVALID_332_EXCLUDED_DAMAGE,CUS00832,PROD00832,Refrigerator,ZenCore,ZEN-REF-0832,SN-2026-000832,2023-12-30,2025-06-30,2025-06-25,36,2026-12-30,Active,548,No,Power Failure,Water Damage,No,Yes,Yes,Yes,No,Yes,Yes,Yes,No,0,N/A,Yes,Yes,Yes,Yes,No,No,No,No,Yes,2,2487.37,0.0,0.77,Service Center,Invalid Claim
CLM00833,INVALID_333_SERIAL_MISMATCH,CUS00833,PROD00833,Laptop,ZenCore,ZEN-LAP-0833,SN-2026-000833,2025-06-07,2025-11-27,2025-11-13,36,2028-06-07,Active,923,No,Battery Problem,Electrical Failure,Yes,Yes,Yes,Yes,Yes,Yes,Yes,No,No,0,N/A,No,N/A,No,Yes,Yes,No,No,Yes,Yes,2,2003.12,0.0,0.85,Service Center,Invalid Claim
CLM00834,INVALID_334_UNAUTHORIZED_REPAIR,CUS00834,PROD00834,Refrigerator,NovaTech,NOV-REF-0834,SN-2026-000834,2025-02-13,2026-10-01,2026-09-22,12,2026-02-13,Active,-230,No,Connectivity Issue,Electrical Failure,Yes,Yes,Yes,Yes,Yes,Yes,No,Yes,Yes,2,No,No,N/A,Yes,Yes,No,No,No,No,Yes,1,508.43,1158.69,0.955,Service Center,Invalid Claim
CLM00835,INVALID_335_REPORTING_PERIOD,CUS00835,PROD00835,Camera,Aster,AST-CAM-0835,SN-2026-000835,2025-05-14,2026-05-14,2026-03-15,24,2027-05-14,Active,223,No,Battery Problem,Electrical Failure,Yes,No,No,Yes,Yes,No,Yes,Yes,No,0,N/A,No,N/A,Yes,Yes,No,No,No,No,No,3,1420.59,0.0,0.888,Web,Invalid Claim
CLM00836,INVALID_336_DUPLICATE_CLAIM,CUS00836,PROD00836,Washing Machine,ZenCore,ZEN-WAS-0836,SN-2026-000836,2023-11-07,2024-07-15,2024-06-22,12,2024-11-07,Active,115,No,Noise,Manufacturing Defect,Yes,Yes,Yes,Yes,Yes,Yes,No,Yes,No,0,N/A,No,N/A,Yes,Yes,Yes,Yes,No,No,Yes,3,400.78,0.0,0.855,Mobile App,Invalid Claim
CLM00837,INVALID_337_EXPIRED_WARRANTY,CUS00837,PROD00837,Television,HomePro,HOM-TEL-0837,SN-2026-000837,2025-02-28,2026-05-29,2026-05-19,12,2026-02-28,Expired,-90,No,Power Failure,Manufacturing Defect,Yes,Yes,Yes,Yes,Yes,Yes,Yes,Yes,No,0,N/A,No,N/A,Yes,Yes,No,No,No,Yes,Yes,2,1232.45,0.0,0.905,Mobile App,Invalid Claim
CLM00838,INVALID_338_EXCLUDED_DAMAGE,CUS00838,PROD00838,Smartphone,NovaTech,NOV-SMA-0838,SN-2026-000838,2024-01-13,2025-01-13,2025-01-08,24,2026-01-13,Active,365,Yes,Connectivity Issue,Normal Wear,No,Yes,Yes,Yes,Yes,Yes,Yes,Yes,No,0,N/A,No,N/A,Yes,Yes,No,No,No,Yes,Yes,1,448.81,0.0,0.863,Web,Invalid Claim
CLM00839,INVALID_339_SERIAL_MISMATCH,CUS00839,PROD00839,Air Conditioner,PrimeView,PRI-AIR-0839,SN-2026-000839,2025-02-28,2027-07-26,2027-07-23,36,2028-02-28,Active,217,No,Connectivity Issue,Electrical Failure,Yes,Yes,Yes,No,Yes,Yes,Yes,Yes,Yes,2,Yes,No,N/A,No,Yes,No,No,No,No,Yes,0,2267.58,730.03,0.778,Service Center,Invalid Claim
CLM00840,INVALID_340_UNAUTHORIZED_REPAIR,CUS00840,PROD00840,Laptop,HomePro,HOM-LAP-0840,SN-2026-000840,2023-04-01,2024-04-29,2024-04-24,36,2026-04-01,Active,702,No,Battery Problem,Manufacturing Defect,Yes,Yes,Yes,Yes,Yes,Yes,Yes,Yes,Yes,1,No,No,N/A,Yes,Yes,No,No,No,Yes,Yes,2,963.35,616.58,0.948,Service Center,Invalid Claim
CLM00841,INVALID_341_REPORTING_PERIOD,CUS00841,PROD00841,Printer,ZenCore,ZEN-PRI-0841,SN-2026-000841,2025-12-27,2026-06-27,2026-04-28,12,2026-12-27,Active,-98,No,Noise,Manufacturing Defect,Yes,No,Yes,Yes,Yes,Yes,Yes,No,No,0,N/A,No,N/A,Yes,Yes,No,No,No,Yes,Yes,1,2998.5,0.0,0.808,Web,Invalid Claim
CLM00842,INVALID_342_DUPLICATE_CLAIM,CUS00842,PROD00842,Smartphone,PrimeView,PRI-SMA-0842,SN-2026-000842,2025-08-12,2026-10-16,2026-09-19,12,2026-08-12,Active,-65,No,Connectivity Issue,Manufacturing Defect,Yes,Yes,Yes,No,Yes,No,Yes,Yes,No,0,N/A,No,N/A,Yes,Yes,Yes,Yes,No,No,Yes,1,479.99,0.0,0.898,Web,Invalid Claim
CLM00843,INVALID_343_EXPIRED_WARRANTY,CUS00843,PROD00843,Smartphone,ZenCore,ZEN-SMA-0843,SN-2026-000843,2023-01-03,2025-04-03,2025-03-24,24,2025-01-03,Expired,-90,No,Battery Problem,Electrical Failure,Yes,Yes,No,Yes,Yes,Yes,No,No,No,0,N/A,No,N/A,Yes,Yes,No,No,No,No,No,1,124.83,0.0,0.751,Web,Invalid Claim
CLM00844,INVALID_344_EXCLUDED_DAMAGE,CUS00844,PROD00844,Laptop,HomePro,HOM-LAP-0844,SN-2026-000844,2025-10-13,2026-04-13,2026-04-08,12,2026-10-13,Active,183,No,Mechanical Failure,Accidental Damage,No,Yes,No,Yes,Yes,Yes,Yes,Yes,No,0,N/A,No,N/A,Yes,No,No,No,No,No,No,2,2061.8,0.0,0.875,Web,Invalid Claim
CLM00845,INVALID_345_SERIAL_MISMATCH,CUS00845,PROD00845,Camera,PrimeView,PRI-CAM-0845,SN-2026-000845,2025-04-08,2025-10-03,2025-09-07,12,2026-04-08,Active,187,No,Power Failure,Manufacturing Defect,Yes,Yes,Yes,Yes,Yes,Yes,Yes,No,No,0,N/A,No,N/A,No,Yes,No,No,No,Yes,Yes,3,1276.57,0.0,0.937,Web,Invalid Claim
CLM00846,INVALID_346_UNAUTHORIZED_REPAIR,CUS00846,PROD00846,Camera,ZenCore,ZEN-CAM-0846,SN-2026-000846,2024-04-08,2025-09-13,2025-09-10,12,2025-04-08,Active,-158,No,Connectivity Issue,Electrical Failure,Yes,Yes,No,No,Yes,Yes,Yes,Yes,Yes,2,No,No,N/A,Yes,Yes,No,No,No,No,No,0,1946.34,1019.89,0.883,Mobile App,Invalid Claim
CLM00847,INVALID_347_REPORTING_PERIOD,CUS00847,PROD00847,Television,Aster,AST-TEL-0847,SN-2026-000847,2025-11-03,2027-05-03,2027-03-04,36,2028-11-03,Active,398,No,Noise,Manufacturing Defect,Yes,No,Yes,Yes,Yes,Yes,Yes,No,No,0,N/A,No,N/A,Yes,Yes,No,No,No,Yes,Yes,1,2699.72,0.0,0.842,Service Center,Invalid Claim
CLM00848,INVALID_348_DUPLICATE_CLAIM,CUS00848,PROD00848,Television,NovaTech,NOV-TEL-0848,SN-2026-000848,2023-12-18,2024-02-02,2024-01-23,12,2024-12-18,Active,320,No,Display Failure,Electrical Failure,Yes,Yes,Yes,Yes,Yes,Yes,Yes,No,No,0,N/A,No,N/A,Yes,No,Yes,Yes,No,Yes,Yes,1,1056.31,0.0,0.845,Service Center,Invalid Claim
CLM00849,INVALID_349_EXPIRED_WARRANTY,CUS00849,PROD00849,Television,NovaTech,NOV-TEL-0849,SN-2026-000849,2024-12-10,2027-03-10,2027-02-28,24,2026-12-10,Expired,-90,No,Display Failure,Manufacturing Defect,Yes,Yes,Yes,Yes,Yes,Yes,Yes,No,Yes,2,Yes,No,N/A,Yes,Yes,No,No,No,Yes,Yes,1,1644.78,143.99,0.987,Email,Invalid Claim
CLM00850,INVALID_350_EXCLUDED_DAMAGE,CUS00850,PROD00850,Washing Machine,HomePro,HOM-WAS-0850,SN-2026-000850,2025-10-03,2026-10-03,2026-09-28,24,2027-10-03,Active,365,No,Noise,Physical Damage,No,Yes,Yes,Yes,Yes,Yes,Yes,Yes,No,0,N/A,No,N/A,Yes,Yes,No,No,No,Yes,Yes,2,94.25,0.0,0.842,Mobile App,Invalid Claim
CLM00851,INVALID_351_SERIAL_MISMATCH,CUS00851,PROD00851,Laptop,PrimeView,PRI-LAP-0851,SN-2026-000851,2025-07-27,2025-11-19,2025-11-07,36,2028-07-27,Active,981,No,Connectivity Issue,Electrical Failure,Yes,Yes,No,Yes,No,Yes,Yes,No,No,0,N/A,No,N/A,No,Yes,No,No,Yes,No,No,1,2936.06,0.0,0.87,Email,Invalid Claim
CLM00852,INVALID_352_UNAUTHORIZED_REPAIR,CUS00852,PROD00852,Washing Machine,PrimeView,PRI-WAS-0852,SN-2026-000852,2026-03-13,2027-06-09,2027-05-19,24,2028-03-13,Active,278,No,Battery Problem,Manufacturing Defect,Yes,Yes,Yes,Yes,Yes,Yes,Yes,Yes,Yes,1,No,No,N/A,Yes,Yes,No,No,No,Yes,Yes,1,532.85,398.27,0.771,Service Center,Invalid Claim
CLM00853,INVALID_353_REPORTING_PERIOD,CUS00853,PROD00853,Refrigerator,Aster,AST-REF-0853,SN-2026-000853,2025-04-07,2026-10-07,2026-08-08,36,2028-04-07,Active,456,No,Connectivity Issue,Electrical Failure,Yes,No,Yes,Yes,Yes,Yes,Yes,No,No,0,N/A,No,N/A,Yes,Yes,No,No,No,Yes,Yes,0,1383.99,0.0,0.857,Web,Invalid Claim
CLM00854,INVALID_354_DUPLICATE_CLAIM,CUS00854,PROD00854,Air Conditioner,NovaTech,NOV-AIR-0854,SN-2026-000854,2025-05-05,2026-04-16,2026-04-08,12,2026-05-05,Active,19,No,Display Failure,Manufacturing Defect,Yes,Yes,Yes,Yes,Yes,Yes,Yes,No,No,0,N/A,No,N/A,Yes,Yes,Yes,Yes,No,Yes,Yes,3,2625.9,0.0,0.943,Service Center,Invalid Claim
CLM00855,INVALID_355_EXPIRED_WARRANTY,CUS00855,PROD00855,Printer,HomePro,HOM-PRI-0855,SN-2026-000855,2023-09-03,2024-12-02,2024-11-22,12,2024-09-03,Expired,-90,No,Noise,Electrical Failure,Yes,Yes,Yes,Yes,Yes,Yes,Yes,Yes,Yes,2,Yes,No,N/A,Yes,Yes,No,Yes,No,Yes,Yes,1,631.07,1057.57,0.796,Mobile App,Invalid Claim
CLM00856,INVALID_356_EXCLUDED_DAMAGE,CUS00856,PROD00856,Camera,NovaTech,NOV-CAM-0856,SN-2026-000856,2023-10-20,2024-10-20,2024-10-15,24,2025-10-20,Active,365,No,Water Leakage,Water Damage,No,Yes,Yes,Yes,No,Yes,Yes,Yes,No,0,N/A,No,N/A,Yes,Yes,No,No,No,No,Yes,0,2701.83,0.0,0.796,Service Center,Invalid Claim
CLM00857,INVALID_357_SERIAL_MISMATCH,CUS00857,PROD00857,Smartphone,HomePro,HOM-SMA-0857,SN-2026-000857,2023-08-10,2024-09-21,2024-08-24,36,2026-08-10,Active,688,No,Battery Problem,Electrical Failure,Yes,Yes,No,No,Yes,Yes,Yes,Yes,No,0,N/A,No,N/A,No,Yes,No,No,No,No,No,1,2529.64,0.0,0.855,Mobile App,Invalid Claim
CLM00858,INVALID_358_UNAUTHORIZED_REPAIR,CUS00858,PROD00858,Washing Machine,ZenCore,ZEN-WAS-0858,SN-2026-000858,2026-01-24,2026-11-01,2026-10-12,36,2029-01-24,Active,815,No,Battery Problem,Manufacturing Defect,Yes,Yes,Yes,Yes,Yes,Yes,Yes,Yes,Yes,1,No,No,N/A,Yes,Yes,No,No,No,Yes,Yes,1,2015.72,940.69,0.965,Web,Invalid Claim
CLM00859,INVALID_359_REPORTING_PERIOD,CUS00859,PROD00859,Air Conditioner,PrimeView,PRI-AIR-0859,SN-2026-000859,2023-03-10,2024-03-10,2024-01-10,24,2025-03-10,Active,-24,No,Noise,Manufacturing Defect,Yes,No,Yes,Yes,Yes,Yes,No,Yes,No,0,N/A,No,N/A,Yes,Yes,No,No,No,No,Yes,1,1691.7,0.0,0.963,Mobile App,Invalid Claim
CLM00860,INVALID_360_DUPLICATE_CLAIM,CUS00860,PROD00860,Washing Machine,NovaTech,NOV-WAS-0860,SN-2026-000860,2026-01-06,2026-02-17,2026-01-29,36,2029-01-06,Active,1054,No,Power Failure,Manufacturing Defect,Yes,Yes,Yes,No,Yes,Yes,No,Yes,Yes,1,Yes,No,N/A,Yes,Yes,Yes,Yes,No,No,Yes,3,2627.92,127.77,0.897,Mobile App,Invalid Claim
CLM00861,INVALID_361_EXPIRED_WARRANTY,CUS00861,PROD00861,Washing Machine,PrimeView,PRI-WAS-0861,SN-2026-000861,2025-03-22,2028-06-20,2028-06-10,36,2028-03-22,Expired,-90,No,Power Failure,Manufacturing Defect,Yes,Yes,Yes,Yes,Yes,Yes,Yes,No,Yes,3,Yes,No,N/A,Yes,Yes,No,No,No,Yes,Yes,3,797.52,348.75,0.959,Service Center,Invalid Claim
CLM00862,INVALID_362_EXCLUDED_DAMAGE,CUS00862,PROD00862,Television,Aster,AST-TEL-0862,SN-2026-000862,2024-01-27,2024-07-27,2024-07-22,12,2025-01-27,Active,184,No,Connectivity Issue,Physical Damage,No,Yes,Yes,Yes,Yes,Yes,Yes,No,No,0,N/A,No,N/A,Yes,Yes,Yes,No,No,Yes,Yes,1,1059.18,0.0,0.932,Mobile App,Invalid Claim
CLM00863,INVALID_363_SERIAL_MISMATCH,CUS00863,PROD00863,Television,HomePro,HOM-TEL-0863,SN-2026-000863,2025-03-04,2027-03-31,2027-03-30,36,2028-03-04,Active,339,No,Display Failure,Manufacturing Defect,Yes,Yes,Yes,No,Yes,Yes,Yes,Yes,No,0,N/A,No,N/A,No,Yes,No,No,No,No,Yes,2,1007.59,0.0,0.927,Service Center,Invalid Claim
CLM00864,INVALID_364_UNAUTHORIZED_REPAIR,CUS00864,PROD00864,Air Conditioner,NovaTech,NOV-AIR-0864,SN-2026-000864,2025-02-21,2025-06-29,2025-06-13,12,2026-02-21,Active,237,No,Water Leakage,Electrical Failure,Yes,Yes,Yes,No,Yes,No,Yes,Yes,Yes,2,No,No,N/A,Yes,Yes,No,No,Yes,No,Yes,0,2403.44,313.61,0.849,Email,Invalid Claim
CLM00865,INVALID_365_REPORTING_PERIOD,CUS00865,PROD00865,Smartphone,ZenCore,ZEN-SMA-0865,SN-2026-000865,2023-11-05,2024-11-05,2024-09-06,24,2025-11-05,Active,496,No,Overheating,Electrical Failure,Yes,No,Yes,Yes,Yes,Yes,Yes,Yes,No,0,N/A,Yes,Yes,Yes,Yes,No,No,No,Yes,Yes,1,518.37,0.0,0.923,Service Center,Invalid Claim
CLM00866,INVALID_366_DUPLICATE_CLAIM,CUS00866,PROD00866,Laptop,Aster,AST-LAP-0866,SN-2026-000866,2025-05-08,2027-07-02,2027-06-30,12,2026-05-08,Active,-420,No,Display Failure,Electrical Failure,Yes,Yes,Yes,Yes,Yes,Yes,Yes,Yes,No,0,N/A,No,N/A,Yes,Yes,Yes,Yes,No,Yes,Yes,3,1160.08,0.0,0.834,Web,Invalid Claim
CLM00867,INVALID_367_EXPIRED_WARRANTY,CUS00867,PROD00867,Printer,HomePro,HOM-PRI-0867,SN-2026-000867,2023-10-27,2026-01-25,2026-01-15,24,2025-10-27,Expired,-90,No,Mechanical Failure,Manufacturing Defect,Yes,Yes,Yes,Yes,Yes,Yes,Yes,Yes,No,0,N/A,No,N/A,Yes,Yes,No,No,No,Yes,Yes,3,373.86,0.0,0.845,Email,Invalid Claim
CLM00868,INVALID_368_EXCLUDED_DAMAGE,CUS00868,PROD00868,Air Conditioner,Aster,AST-AIR-0868,SN-2026-000868,2023-07-07,2024-01-07,2024-01-02,12,2024-07-07,Active,182,Yes,Mechanical Failure,Normal Wear,No,Yes,Yes,Yes,No,Yes,Yes,Yes,No,0,N/A,Yes,Yes,Yes,Yes,No,No,No,No,Yes,2,2585.93,0.0,0.859,Email,Invalid Claim
CLM00869,INVALID_369_SERIAL_MISMATCH,CUS00869,PROD00869,Printer,NovaTech,NOV-PRI-0869,SN-2026-000869,2024-12-01,2027-05-15,2027-04-23,24,2026-12-01,Active,-165,No,Overheating,Electrical Failure,Yes,Yes,Yes,Yes,Yes,Yes,Yes,Yes,No,0,N/A,No,N/A,No,Yes,No,No,No,Yes,Yes,3,2078.51,0.0,0.824,Web,Invalid Claim
CLM00870,INVALID_370_UNAUTHORIZED_REPAIR,CUS00870,PROD00870,Printer,ZenCore,ZEN-PRI-0870,SN-2026-000870,2023-07-27,2025-04-30,2025-04-10,36,2026-07-27,Active,453,No,Battery Problem,Electrical Failure,Yes,Yes,Yes,Yes,Yes,Yes,Yes,Yes,Yes,2,No,No,N/A,Yes,Yes,No,No,No,Yes,Yes,2,2295.07,270.41,0.785,Mobile App,Invalid Claim
CLM00871,INVALID_371_REPORTING_PERIOD,CUS00871,PROD00871,Refrigerator,PrimeView,PRI-REF-0871,SN-2026-000871,2024-07-22,2026-01-22,2025-11-23,36,2027-07-22,Active,308,No,Power Failure,Electrical Failure,Yes,No,Yes,Yes,Yes,Yes,Yes,No,No,0,N/A,No,N/A,Yes,Yes,No,No,No,Yes,Yes,2,2764.71,0.0,0.78,Web,Invalid Claim
CLM00872,INVALID_372_DUPLICATE_CLAIM,CUS00872,PROD00872,Refrigerator,HomePro,HOM-REF-0872,SN-2026-000872,2023-01-03,2024-11-06,2024-11-05,24,2025-01-03,Active,58,No,Battery Problem,Electrical Failure,Yes,Yes,Yes,Yes,Yes,Yes,Yes,Yes,No,0,N/A,Yes,Yes,Yes,Yes,Yes,Yes,No,Yes,Yes,1,1150.52,0.0,0.816,Service Center,Invalid Claim
CLM00873,INVALID_373_EXPIRED_WARRANTY,CUS00873,PROD00873,Smartphone,ZenCore,ZEN-SMA-0873,SN-2026-000873,2023-06-07,2024-09-05,2024-08-26,12,2024-06-07,Expired,-90,No,Overheating,Electrical Failure,Yes,Yes,Yes,Yes,Yes,Yes,Yes,Yes,No,0,N/A,No,N/A,Yes,Yes,No,No,No,Yes,Yes,3,1863.31,0.0,0.953,Email,Invalid Claim
CLM00874,INVALID_374_EXCLUDED_DAMAGE,CUS00874,PROD00874,Refrigerator,PrimeView,PRI-REF-0874,SN-2026-000874,2023-12-24,2025-06-24,2025-06-19,36,2026-12-24,Active,548,No,Power Failure,Water Damage,No,Yes,Yes,Yes,Yes,Yes,Yes,No,No,0,N/A,No,N/A,Yes,Yes,No,No,No,Yes,Yes,1,1727.72,0.0,0.754,Web,Invalid Claim
CLM00875,INVALID_375_SERIAL_MISMATCH,CUS00875,PROD00875,Television,HomePro,HOM-TEL-0875,SN-2026-000875,2026-02-26,2026-11-24,2026-11-01,24,2028-02-26,Active,459,No,Mechanical Failure,Electrical Failure,Yes,Yes,Yes,No,Yes,Yes,Yes,Yes,No,0,N/A,No,N/A,No,Yes,No,No,No,No,Yes,0,180.09,0.0,0.939,Service Center,Invalid Claim
CLM00876,INVALID_376_UNAUTHORIZED_REPAIR,CUS00876,PROD00876,Television,PrimeView,PRI-TEL-0876,SN-2026-000876,2023-09-22,2025-01-05,2024-12-08,36,2026-09-22,Active,625,No,Display Failure,Manufacturing Defect,Yes,Yes,Yes,Yes,Yes,Yes,Yes,Yes,Yes,2,No,No,N/A,No,Yes,No,No,No,Yes,Yes,3,1595.3,1152.57,0.842,Service Center,Invalid Claim
CLM00877,INVALID_377_REPORTING_PERIOD,CUS00877,PROD00877,Printer,NovaTech,NOV-PRI-0877,SN-2026-000877,2024-03-22,2025-03-22,2025-01-21,24,2026-03-22,Active,209,No,Overheating,Manufacturing Defect,Yes,No,Yes,No,Yes,Yes,Yes,Yes,No,0,N/A,No,N/A,Yes,Yes,No,No,No,No,Yes,1,2880.18,0.0,0.761,Email,Invalid Claim
CLM00878,INVALID_378_DUPLICATE_CLAIM,CUS00878,PROD00878,Laptop,PrimeView,PRI-LAP-0878,SN-2026-000878,2025-03-10,2025-11-12,2025-11-02,36,2028-03-10,Active,849,No,Power Failure,Manufacturing Defect,Yes,Yes,Yes,Yes,Yes,Yes,Yes,Yes,No,0,N/A,No,N/A,Yes,Yes,Yes,Yes,No,Yes,Yes,1,672.11,0.0,0.961,Service Center,Invalid Claim
CLM00879,INVALID_379_EXPIRED_WARRANTY,CUS00879,PROD00879,Camera,HomePro,HOM-CAM-0879,SN-2026-000879,2023-04-22,2026-07-21,2026-07-11,36,2026-04-22,Expired,-90,Yes,Connectivity Issue,Manufacturing Defect,Yes,Yes,Yes,Yes,Yes,Yes,Yes,No,No,0,N/A,Yes,No,Yes,Yes,No,No,No,Yes,Yes,1,490.81,0.0,0.974,Web,Invalid Claim
CLM00880,INVALID_380_EXCLUDED_DAMAGE,CUS00880,PROD00880,Television,ZenCore,ZEN-TEL-0880,SN-2026-000880,2023-08-20,2025-02-20,2025-02-15,36,2026-08-20,Active,546,Yes,Connectivity Issue,Accidental Damage,No,Yes,Yes,Yes,Yes,Yes,Yes,Yes,Yes,1,Yes,No,N/A,Yes,Yes,No,No,No,Yes,Yes,1,1467.39,357.18,0.78,Service Center,Invalid Claim
CLM00881,INVALID_381_SERIAL_MISMATCH,CUS00881,PROD00881,Air Conditioner,PrimeView,PRI-AIR-0881,SN-2026-000881,2024-07-13,2025-07-23,2025-07-14,24,2026-07-13,Active,355,No,Water Leakage,Electrical Failure,Yes,Yes,Yes,Yes,Yes,Yes,Yes,No,No,0,N/A,No,N/A,No,Yes,No,No,No,Yes,Yes,0,2571.13,0.0,0.94,Web,Invalid Claim
CLM00882,INVALID_382_UNAUTHORIZED_REPAIR,CUS00882,PROD00882,Camera,NovaTech,NOV-CAM-0882,SN-2026-000882,2025-02-02,2026-03-06,2026-02-22,24,2027-02-02,Active,333,No,Connectivity Issue,Electrical Failure,Yes,Yes,No,Yes,Yes,Yes,Yes,Yes,Yes,1,No,No,N/A,Yes,Yes,No,No,No,No,No,1,1952.16,1032.75,0.848,Email,Invalid Claim
CLM00883,INVALID_383_REPORTING_PERIOD,CUS00883,PROD00883,Laptop,ZenCore,ZEN-LAP-0883,SN-2026-000883,2024-10-17,2026-04-17,2026-02-16,36,2027-10-17,Active,845,No,Display Failure,Manufacturing Defect,Yes,No,Yes,Yes,Yes,Yes,Yes,Yes,No,0,N/A,No,N/A,Yes,Yes,No,No,No,Yes,Yes,1,331.77,0.0,0.791,Email,Invalid Claim
CLM00884,INVALID_384_DUPLICATE_CLAIM,CUS00884,PROD00884,Air Conditioner,HomePro,HOM-AIR-0884,SN-2026-000884,2024-01-19,2024-12-20,2024-12-16,24,2026-01-19,Active,395,No,Overheating,Electrical Failure,Yes,Yes,Yes,Yes,No,Yes,Yes,No,Yes,1,Yes,No,N/A,Yes,Yes,Yes,Yes,No,No,Yes,1,1287.62,381.51,0.752,Mobile App,Invalid Claim
CLM00885,INVALID_385_EXPIRED_WARRANTY,CUS00885,PROD00885,Laptop,NovaTech,NOV-LAP-0885,SN-2026-000885,2023-09-03,2026-12-02,2026-11-22,36,2026-09-03,Expired,-90,No,Connectivity Issue,Manufacturing Defect,Yes,Yes,Yes,No,Yes,Yes,Yes,Yes,Yes,2,Yes,No,N/A,No,Yes,No,No,No,No,Yes,1,1475.2,690.32,0.77,Service Center,Invalid Claim
CLM00886,INVALID_386_EXCLUDED_DAMAGE,CUS00886,PROD00886,Printer,NovaTech,NOV-PRI-0886,SN-2026-000886,2023-04-18,2024-04-18,2024-04-13,24,2025-04-18,Active,365,Yes,Mechanical Failure,Normal Wear,No,Yes,Yes,Yes,Yes,Yes,Yes,No,No,0,N/A,No,N/A,Yes,Yes,No,No,No,Yes,Yes,2,74.01,0.0,0.833,Service Center,Invalid Claim
CLM00887,INVALID_387_SERIAL_MISMATCH,CUS00887,PROD00887,Smartphone,Aster,AST-SMA-0887,SN-2026-000887,2023-12-09,2025-06-16,2025-05-18,36,2026-12-09,Active,541,No,Water Leakage,Electrical Failure,Yes,Yes,Yes,Yes,Yes,Yes,Yes,Yes,No,0,N/A,No,N/A,No,Yes,No,No,No,Yes,Yes,3,1258.48,0.0,0.767,Mobile App,Invalid Claim
CLM00888,INVALID_388_UNAUTHORIZED_REPAIR,CUS00888,PROD00888,Television,ZenCore,ZEN-TEL-0888,SN-2026-000888,2024-04-09,2025-09-10,2025-08-21,36,2027-04-09,Active,576,No,Power Failure,Electrical Failure,Yes,Yes,Yes,No,Yes,Yes,Yes,Yes,Yes,2,No,No,N/A,Yes,Yes,No,No,No,No,Yes,3,2813.63,934.0,0.932,Email,Invalid Claim
CLM00889,INVALID_389_REPORTING_PERIOD,CUS00889,PROD00889,Laptop,Aster,AST-LAP-0889,SN-2026-000889,2025-08-31,2027-02-28,2026-12-30,36,2028-08-31,Active,503,No,Mechanical Failure,Manufacturing Defect,Yes,No,Yes,Yes,Yes,Yes,Yes,Yes,Yes,1,Yes,No,N/A,Yes,Yes,No,No,No,Yes,Yes,2,479.29,1444.12,0.982,Service Center,Invalid Claim
CLM00890,INVALID_390_DUPLICATE_CLAIM,CUS00890,PROD00890,Smartphone,NovaTech,NOV-SMA-0890,SN-2026-000890,2025-01-09,2025-05-14,2025-04-23,36,2028-01-09,Active,970,No,Display Failure,Electrical Failure,Yes,Yes,Yes,Yes,No,Yes,No,Yes,No,0,N/A,No,N/A,Yes,Yes,Yes,Yes,Yes,No,Yes,2,2713.14,0.0,0.896,Email,Invalid Claim
CLM00891,INVALID_391_EXPIRED_WARRANTY,CUS00891,PROD00891,Refrigerator,ZenCore,ZEN-REF-0891,SN-2026-000891,2024-04-15,2026-07-14,2026-07-04,24,2026-04-15,Expired,-90,No,Water Leakage,Electrical Failure,Yes,Yes,Yes,Yes,Yes,Yes,No,Yes,No,0,N/A,No,N/A,Yes,Yes,No,No,No,No,Yes,1,1736.33,0.0,0.758,Mobile App,Invalid Claim
CLM00892,INVALID_392_EXCLUDED_DAMAGE,CUS00892,PROD00892,Air Conditioner,NovaTech,NOV-AIR-0892,SN-2026-000892,2026-01-27,2026-07-27,2026-07-22,12,2027-01-27,Active,184,No,Overheating,Water Damage,No,Yes,Yes,Yes,Yes,Yes,Yes,Yes,No,0,N/A,No,N/A,Yes,Yes,No,No,No,Yes,Yes,1,641.08,0.0,0.985,Web,Invalid Claim
CLM00893,INVALID_393_SERIAL_MISMATCH,CUS00893,PROD00893,Refrigerator,PrimeView,PRI-REF-0893,SN-2026-000893,2024-06-09,2026-06-19,2026-06-18,12,2025-06-09,Active,-375,No,Water Leakage,Electrical Failure,Yes,Yes,Yes,Yes,Yes,No,No,Yes,No,0,N/A,No,N/A,No,Yes,No,No,No,No,Yes,1,2187.2,0.0,0.973,Mobile App,Invalid Claim
CLM00894,INVALID_394_UNAUTHORIZED_REPAIR,CUS00894,PROD00894,Air Conditioner,ZenCore,ZEN-AIR-0894,SN-2026-000894,2024-08-16,2025-09-22,2025-09-06,12,2025-08-16,Active,-37,No,Water Leakage,Electrical Failure,Yes,Yes,Yes,Yes,Yes,No,Yes,Yes,Yes,1,No,Yes,Yes,Yes,Yes,No,No,No,No,Yes,3,1066.37,640.29,0.762,Web,Invalid Claim
CLM00895,INVALID_395_REPORTING_PERIOD,CUS00895,PROD00895,Refrigerator,NovaTech,NOV-REF-0895,SN-2026-000895,2023-02-12,2024-02-12,2023-12-14,24,2025-02-12,Active,107,Yes,Overheating,Manufacturing Defect,Yes,No,Yes,Yes,Yes,Yes,No,No,No,0,N/A,No,N/A,Yes,Yes,No,No,No,No,Yes,1,528.84,0.0,0.782,Email,Invalid Claim
CLM00896,INVALID_396_DUPLICATE_CLAIM,CUS00896,PROD00896,Camera,ZenCore,ZEN-CAM-0896,SN-2026-000896,2024-12-28,2027-05-24,2027-04-28,24,2026-12-28,Active,-147,No,Display Failure,Electrical Failure,Yes,Yes,Yes,Yes,No,Yes,Yes,No,Yes,2,No,No,N/A,Yes,Yes,Yes,Yes,No,No,Yes,1,707.6,498.09,0.895,Email,Invalid Claim
CLM00897,INVALID_397_EXPIRED_WARRANTY,CUS00897,PROD00897,Laptop,PrimeView,PRI-LAP-0897,SN-2026-000897,2025-11-05,2029-02-03,2029-01-24,36,2028-11-05,Expired,-90,No,Mechanical Failure,Electrical Failure,Yes,Yes,Yes,Yes,Yes,Yes,Yes,Yes,No,0,N/A,No,N/A,Yes,Yes,No,No,No,Yes,Yes,0,2701.96,0.0,0.982,Web,Invalid Claim
CLM00898,INVALID_398_EXCLUDED_DAMAGE,CUS00898,PROD00898,Television,Aster,AST-TEL-0898,SN-2026-000898,2024-08-05,2025-02-05,2025-01-31,12,2025-08-05,Active,181,No,Connectivity Issue,Normal Wear,No,Yes,Yes,Yes,Yes,Yes,Yes,No,No,0,N/A,No,N/A,Yes,Yes,No,No,No,Yes,Yes,1,1312.11,0.0,0.812,Email,Invalid Claim
CLM00899,INVALID_399_SERIAL_MISMATCH,CUS00899,PROD00899,Laptop,NovaTech,NOV-LAP-0899,SN-2026-000899,2025-10-17,2026-04-13,2026-03-29,36,2028-10-17,Active,918,Yes,Water Leakage,Manufacturing Defect,Yes,Yes,Yes,No,No,Yes,No,Yes,Yes,2,Yes,No,N/A,No,Yes,No,No,No,No,Yes,0,501.62,1451.93,0.815,Web,Invalid Claim
CLM00900,INVALID_400_UNAUTHORIZED_REPAIR,CUS00900,PROD00900,Air Conditioner,Aster,AST-AIR-0900,SN-2026-000900,2023-05-03,2024-06-27,2024-06-02,24,2025-05-03,Active,310,No,Water Leakage,Electrical Failure,Yes,Yes,Yes,Yes,No,Yes,Yes,Yes,Yes,2,No,No,N/A,Yes,Yes,No,No,No,No,Yes,1,1511.38,441.74,0.857,Service Center,Invalid Claim
CLM00901,INVALID_401_REPORTING_PERIOD,CUS00901,PROD00901,Smartphone,PrimeView,PRI-SMA-0901,SN-2026-000901,2024-09-18,2025-03-18,2025-01-17,12,2025-09-18,Active,-278,Yes,Display Failure,Electrical Failure,Yes,No,Yes,Yes,Yes,Yes,No,Yes,No,0,N/A,No,N/A,Yes,Yes,No,No,No,No,Yes,1,1066.59,0.0,0.98,Web,Invalid Claim
CLM00902,INVALID_402_DUPLICATE_CLAIM,CUS00902,PROD00902,Air Conditioner,PrimeView,PRI-AIR-0902,SN-2026-000902,2024-10-11,2025-12-16,2025-11-18,12,2025-10-11,Active,-66,No,Overheating,Electrical Failure,Yes,Yes,Yes,Yes,Yes,Yes,Yes,Yes,No,0,N/A,No,N/A,Yes,Yes,Yes,Yes,No,Yes,Yes,3,2339.0,0.0,0.935,Mobile App,Invalid Claim
CLM00903,INVALID_403_EXPIRED_WARRANTY,CUS00903,PROD00903,Smartphone,NovaTech,NOV-SMA-0903,SN-2026-000903,2023-09-17,2024-12-16,2024-12-06,12,2024-09-17,Expired,-90,No,Mechanical Failure,Electrical Failure,Yes,Yes,Yes,Yes,Yes,Yes,Yes,No,No,0,N/A,Yes,Yes,Yes,Yes,No,No,No,Yes,Yes,1,929.5,0.0,0.911,Service Center,Invalid Claim
CLM00904,INVALID_404_EXCLUDED_DAMAGE,CUS00904,PROD00904,Air Conditioner,PrimeView,PRI-AIR-0904,SN-2026-000904,2023-04-28,2024-10-28,2024-10-23,36,2026-04-28,Active,547,No,Connectivity Issue,Accidental Damage,No,Yes,Yes,No,No,Yes,No,Yes,No,0,N/A,No,N/A,Yes,Yes,No,Yes,No,No,Yes,3,1513.3,0.0,0.855,Mobile App,Invalid Claim
CLM00905,INVALID_405_SERIAL_MISMATCH,CUS00905,PROD00905,Camera,Aster,AST-CAM-0905,SN-2026-000905,2023-03-23,2025-03-18,2025-03-01,24,2025-03-23,Active,5,No,Battery Problem,Manufacturing Defect,Yes,Yes,Yes,Yes,Yes,No,Yes,Yes,Yes,2,No,No,N/A,No,Yes,No,No,No,No,Yes,2,2799.33,376.99,0.756,Mobile App,Invalid Claim
CLM00906,INVALID_406_UNAUTHORIZED_REPAIR,CUS00906,PROD00906,Laptop,PrimeView,PRI-LAP-0906,SN-2026-000906,2026-03-10,2028-08-04,2028-07-18,12,2027-03-10,Active,-513,No,Water Leakage,Manufacturing Defect,Yes,Yes,Yes,Yes,Yes,Yes,Yes,Yes,Yes,2,No,No,N/A,Yes,Yes,No,No,No,Yes,Yes,1,1892.06,826.87,0.75,Email,Invalid Claim
CLM00907,INVALID_407_REPORTING_PERIOD,CUS00907,PROD00907,Laptop,NovaTech,NOV-LAP-0907,SN-2026-000907,2024-06-12,2024-12-12,2024-10-13,12,2025-06-12,Active,306,No,Noise,Manufacturing Defect,Yes,No,No,Yes,Yes,Yes,Yes,No,No,0,N/A,No,N/A,Yes,Yes,No,No,No,No,No,0,1845.91,0.0,0.95,Email,Invalid Claim
CLM00908,INVALID_408_DUPLICATE_CLAIM,CUS00908,PROD00908,Smartphone,PrimeView,PRI-SMA-0908,SN-2026-000908,2025-06-03,2026-12-21,2026-12-19,36,2028-06-03,Active,530,No,Noise,Electrical Failure,Yes,Yes,Yes,No,Yes,Yes,No,Yes,No,0,N/A,No,N/A,Yes,Yes,Yes,Yes,No,No,Yes,1,941.89,0.0,0.948,Email,Invalid Claim
CLM00909,INVALID_409_EXPIRED_WARRANTY,CUS00909,PROD00909,Printer,PrimeView,PRI-PRI-0909,SN-2026-000909,2024-01-31,2027-05-01,2027-04-21,36,2027-01-31,Expired,-90,No,Power Failure,Manufacturing Defect,Yes,Yes,Yes,No,No,Yes,Yes,Yes,No,0,N/A,No,N/A,Yes,Yes,No,No,No,No,Yes,1,2805.56,0.0,0.983,Email,Invalid Claim
CLM00910,INVALID_410_EXCLUDED_DAMAGE,CUS00910,PROD00910,Camera,Aster,AST-CAM-0910,SN-2026-000910,2026-03-14,2026-09-14,2026-09-09,12,2027-03-14,Active,181,No,Power Failure,Water Damage,No,Yes,Yes,No,Yes,Yes,Yes,Yes,No,0,N/A,No,N/A,Yes,No,No,No,No,No,Yes,3,1692.84,0.0,0.811,Service Center,Invalid Claim
CLM00911,INVALID_411_SERIAL_MISMATCH,CUS00911,PROD00911,Television,Aster,AST-TEL-0911,SN-2026-000911,2023-07-09,2024-09-19,2024-09-03,12,2024-07-09,Active,-72,No,Mechanical Failure,Manufacturing Defect,Yes,Yes,Yes,Yes,No,Yes,No,No,Yes,3,Yes,No,N/A,No,Yes,Yes,No,No,No,Yes,3,170.63,1393.01,0.923,Mobile App,Invalid Claim
CLM00912,INVALID_412_UNAUTHORIZED_REPAIR,CUS00912,PROD00912,Laptop,PrimeView,PRI-LAP-0912,SN-2026-000912,2024-06-22,2025-05-20,2025-05-07,24,2026-06-22,Active,398,No,Power Failure,Manufacturing Defect,Yes,Yes,Yes,Yes,Yes,Yes,No,Yes,Yes,1,No,No,N/A,Yes,Yes,No,No,No,No,Yes,2,338.35,556.41,0.925,Mobile App,Invalid Claim
CLM00913,INVALID_413_REPORTING_PERIOD,CUS00913,PROD00913,Television,PrimeView,PRI-TEL-0913,SN-2026-000913,2024-04-16,2024-10-16,2024-08-17,12,2025-04-16,Active,-52,No,Power Failure,Manufacturing Defect,Yes,No,Yes,Yes,Yes,Yes,Yes,No,No,0,N/A,No,N/A,Yes,Yes,No,No,No,Yes,Yes,0,721.64,0.0,0.916,Service Center,Invalid Claim
CLM00914,INVALID_414_DUPLICATE_CLAIM,CUS00914,PROD00914,Washing Machine,HomePro,HOM-WAS-0914,SN-2026-000914,2023-09-04,2023-12-07,2023-11-15,12,2024-09-04,Active,272,No,Battery Problem,Manufacturing Defect,Yes,Yes,Yes,Yes,Yes,Yes,No,No,No,0,N/A,No,N/A,Yes,Yes,Yes,Yes,No,No,Yes,2,473.39,0.0,0.838,Web,Invalid Claim
CLM00915,INVALID_415_EXPIRED_WARRANTY,CUS00915,PROD00915,Camera,ZenCore,ZEN-CAM-0915,SN-2026-000915,2025-01-21,2026-04-21,2026-04-11,12,2026-01-21,Expired,-90,No,Battery Problem,Electrical Failure,Yes,Yes,Yes,Yes,Yes,Yes,No,Yes,No,0,N/A,No,N/A,Yes,Yes,No,No,No,No,Yes,0,2205.51,0.0,0.907,Mobile App,Invalid Claim
CLM00916,INVALID_416_EXCLUDED_DAMAGE,CUS00916,PROD00916,Television,Aster,AST-TEL-0916,SN-2026-000916,2025-02-05,2026-08-05,2026-07-31,36,2028-02-05,Active,549,No,Power Failure,Physical Damage,No,Yes,Yes,No,No,Yes,Yes,Yes,No,0,N/A,No,N/A,Yes,Yes,No,No,No,No,Yes,1,2925.24,0.0,0.835,Mobile App,Invalid Claim
CLM00917,INVALID_417_SERIAL_MISMATCH,CUS00917,PROD00917,Smartphone,Aster,AST-SMA-0917,SN-2026-000917,2025-11-23,2026-10-09,2026-09-21,12,2026-11-23,Active,45,No,Water Leakage,Electrical Failure,Yes,Yes,Yes,No,Yes,Yes,Yes,No,No,0,N/A,No,N/A,No,Yes,No,No,No,No,Yes,0,848.64,0.0,0.97,Mobile App,Invalid Claim
CLM00918,INVALID_418_UNAUTHORIZED_REPAIR,CUS00918,PROD00918,Washing Machine,ZenCore,ZEN-WAS-0918,SN-2026-000918,2025-11-23,2028-01-15,2028-01-03,12,2026-11-23,Active,-418,No,Noise,Electrical Failure,Yes,Yes,No,Yes,Yes,Yes,No,Yes,Yes,1,No,No,N/A,Yes,Yes,No,No,No,No,No,2,1634.93,1139.7,0.779,Email,Invalid Claim
CLM00919,INVALID_419_REPORTING_PERIOD,CUS00919,PROD00919,Television,HomePro,HOM-TEL-0919,SN-2026-000919,2024-10-13,2025-10-13,2025-08-14,24,2026-10-13,Active,669,No,Overheating,Manufacturing Defect,Yes,No,Yes,Yes,Yes,Yes,Yes,No,No,0,N/A,Yes,No,Yes,Yes,No,No,No,Yes,Yes,2,1713.28,0.0,0.962,Mobile App,Invalid Claim
CLM00920,INVALID_420_DUPLICATE_CLAIM,CUS00920,PROD00920,Printer,PrimeView,PRI-PRI-0920,SN-2026-000920,2025-04-23,2027-04-10,2027-03-23,12,2026-04-23,Active,-352,No,Power Failure,Electrical Failure,Yes,Yes,Yes,Yes,Yes,Yes,Yes,Yes,No,0,N/A,No,N/A,Yes,Yes,Yes,Yes,No,Yes,Yes,1,669.84,0.0,0.865,Service Center,Invalid Claim
CLM00921,INVALID_421_EXPIRED_WARRANTY,CUS00921,PROD00921,Camera,PrimeView,PRI-CAM-0921,SN-2026-000921,2023-09-08,2026-12-07,2026-11-27,36,2026-09-08,Expired,-90,Yes,Noise,Manufacturing Defect,Yes,Yes,Yes,Yes,Yes,No,Yes,Yes,No,0,N/A,No,N/A,Yes,Yes,No,No,No,No,Yes,2,1514.84,0.0,0.916,Service Center,Invalid Claim
CLM00922,INVALID_422_EXCLUDED_DAMAGE,CUS00922,PROD00922,Smartphone,HomePro,HOM-SMA-0922,SN-2026-000922,2024-11-03,2025-05-03,2025-04-28,12,2025-11-03,Active,184,Yes,Water Leakage,Accidental Damage,No,Yes,Yes,Yes,Yes,Yes,Yes,Yes,No,0,N/A,No,N/A,Yes,No,No,Yes,No,Yes,Yes,1,1665.4,0.0,0.941,Email,Invalid Claim
CLM00923,INVALID_423_SERIAL_MISMATCH,CUS00923,PROD00923,Laptop,HomePro,HOM-LAP-0923,SN-2026-000923,2024-08-29,2025-02-10,2025-02-01,24,2026-08-29,Active,565,No,Display Failure,Electrical Failure,Yes,Yes,Yes,Yes,Yes,Yes,Yes,No,No,0,N/A,No,N/A,No,Yes,No,No,No,Yes,Yes,0,413.43,0.0,0.929,Service Center,Invalid Claim
CLM00924,INVALID_424_UNAUTHORIZED_REPAIR,CUS00924,PROD00924,Camera,PrimeView,PRI-CAM-0924,SN-2026-000924,2023-06-24,2024-04-25,2024-03-28,24,2025-06-24,Active,425,No,Overheating,Electrical Failure,Yes,Yes,Yes,Yes,Yes,Yes,Yes,Yes,Yes,1,No,No,N/A,Yes,Yes,No,No,No,Yes,Yes,2,1043.2,1083.28,0.91,Service Center,Invalid Claim
CLM00925,INVALID_425_REPORTING_PERIOD,CUS00925,PROD00925,Printer,PrimeView,PRI-PRI-0925,SN-2026-000925,2025-02-24,2025-08-24,2025-06-25,12,2026-02-24,Active,-507,No,Water Leakage,Electrical Failure,Yes,No,Yes,Yes,No,No,Yes,Yes,Yes,3,Yes,No,N/A,Yes,Yes,No,No,No,No,Yes,1,1009.23,1447.84,0.936,Web,Invalid Claim
CLM00926,INVALID_426_DUPLICATE_CLAIM,CUS00926,PROD00926,Refrigerator,NovaTech,NOV-REF-0926,SN-2026-000926,2025-03-01,2026-08-12,2026-07-19,24,2027-03-01,Active,201,No,Mechanical Failure,Electrical Failure,Yes,Yes,Yes,Yes,Yes,No,Yes,Yes,No,0,N/A,No,N/A,Yes,Yes,Yes,Yes,No,No,Yes,1,2704.31,0.0,0.847,Web,Invalid Claim
CLM00927,INVALID_427_EXPIRED_WARRANTY,CUS00927,PROD00927,Smartphone,NovaTech,NOV-SMA-0927,SN-2026-000927,2024-09-07,2026-12-06,2026-11-26,24,2026-09-07,Expired,-90,No,Power Failure,Electrical Failure,Yes,Yes,No,Yes,Yes,Yes,Yes,Yes,No,0,N/A,No,N/A,Yes,Yes,No,No,No,No,No,3,1998.02,0.0,0.896,Service Center,Invalid Claim
CLM00928,INVALID_428_EXCLUDED_DAMAGE,CUS00928,PROD00928,Camera,HomePro,HOM-CAM-0928,SN-2026-000928,2024-12-01,2025-06-01,2025-05-27,12,2025-12-01,Active,183,No,Overheating,Accidental Damage,No,Yes,Yes,Yes,Yes,Yes,No,Yes,No,0,N/A,Yes,No,Yes,Yes,No,No,No,No,Yes,2,2510.65,0.0,0.935,Mobile App,Invalid Claim
CLM00929,INVALID_429_SERIAL_MISMATCH,CUS00929,PROD00929,Laptop,NovaTech,NOV-LAP-0929,SN-2026-000929,2023-04-10,2025-09-04,2025-08-13,24,2025-04-10,Active,-147,No,Overheating,Electrical Failure,Yes,Yes,Yes,Yes,Yes,No,Yes,Yes,No,0,N/A,No,N/A,No,Yes,No,No,No,No,Yes,0,1420.77,0.0,0.984,Service Center,Invalid Claim
CLM00930,INVALID_430_UNAUTHORIZED_REPAIR,CUS00930,PROD00930,Laptop,Aster,AST-LAP-0930,SN-2026-000930,2023-11-30,2025-05-07,2025-04-24,36,2026-11-30,Active,572,No,Noise,Manufacturing Defect,Yes,Yes,Yes,No,No,Yes,No,Yes,Yes,2,No,Yes,Yes,Yes,Yes,No,No,No,No,Yes,3,2481.33,1083.03,0.947,Web,Invalid Claim
CLM00931,INVALID_431_REPORTING_PERIOD,CUS00931,PROD00931,Camera,HomePro,HOM-CAM-0931,SN-2026-000931,2026-02-06,2026-08-06,2026-06-07,12,2027-02-06,Active,14,No,Display Failure,Manufacturing Defect,Yes,No,Yes,Yes,Yes,Yes,Yes,Yes,Yes,3,Yes,No,N/A,Yes,Yes,No,No,No,Yes,Yes,1,471.16,605.38,0.876,Web,Invalid Claim
CLM00932,INVALID_432_DUPLICATE_CLAIM,CUS00932,PROD00932,Air Conditioner,ZenCore,ZEN-AIR-0932,SN-2026-000932,2023-08-12,2025-08-25,2025-08-02,12,2024-08-12,Active,-378,No,Water Leakage,Manufacturing Defect,Yes,Yes,Yes,Yes,Yes,Yes,Yes,No,No,0,N/A,No,N/A,Yes,Yes,Yes,Yes,No,Yes,Yes,1,777.72,0.0,0.915,Service Center,Invalid Claim
CLM00933,INVALID_433_EXPIRED_WARRANTY,CUS00933,PROD00933,Air Conditioner,ZenCore,ZEN-AIR-0933,SN-2026-000933,2024-04-03,2026-07-02,2026-06-22,24,2026-04-03,Expired,-90,No,Noise,Electrical Failure,Yes,Yes,Yes,Yes,No,No,Yes,No,No,0,N/A,No,N/A,Yes,Yes,No,No,No,No,Yes,1,1209.49,0.0,0.877,Mobile App,Invalid Claim
CLM00934,INVALID_434_EXCLUDED_DAMAGE,CUS00934,PROD00934,Printer,ZenCore,ZEN-PRI-0934,SN-2026-000934,2026-03-14,2027-03-14,2027-03-09,24,2028-03-14,Active,366,No,Battery Problem,Accidental Damage,No,Yes,Yes,Yes,Yes,Yes,Yes,Yes,No,0,N/A,No,N/A,Yes,Yes,No,No,No,Yes,Yes,0,246.12,0.0,0.921,Web,Invalid Claim
CLM00935,INVALID_435_SERIAL_MISMATCH,CUS00935,PROD00935,Smartphone,NovaTech,NOV-SMA-0935,SN-2026-000935,2023-11-16,2025-08-24,2025-08-23,12,2024-11-16,Active,-281,Yes,Connectivity Issue,Electrical Failure,Yes,Yes,Yes,Yes,No,Yes,Yes,No,No,0,N/A,No,N/A,No,No,No,No,No,No,Yes,3,168.94,0.0,0.961,Mobile App,Invalid Claim
CLM00936,INVALID_436_UNAUTHORIZED_REPAIR,CUS00936,PROD00936,Air Conditioner,NovaTech,NOV-AIR-0936,SN-2026-000936,2023-03-03,2025-01-17,2025-01-09,24,2025-03-03,Active,45,No,Water Leakage,Manufacturing Defect,Yes,Yes,Yes,Yes,Yes,Yes,Yes,Yes,Yes,1,No,No,N/A,Yes,Yes,No,No,No,Yes,Yes,2,2279.46,898.83,0.968,Mobile App,Invalid Claim
CLM00937,INVALID_437_REPORTING_PERIOD,CUS00937,PROD00937,Television,HomePro,HOM-TEL-0937,SN-2026-000937,2024-12-06,2025-06-06,2025-04-07,12,2025-12-06,Active,271,No,Noise,Electrical Failure,Yes,No,Yes,No,Yes,Yes,Yes,Yes,No,0,N/A,No,N/A,Yes,Yes,No,Yes,No,No,Yes,0,703.05,0.0,0.803,Mobile App,Invalid Claim
CLM00938,INVALID_438_DUPLICATE_CLAIM,CUS00938,PROD00938,Washing Machine,Aster,AST-WAS-0938,SN-2026-000938,2023-02-28,2023-07-22,2023-06-27,24,2025-02-28,Active,587,No,Overheating,Electrical Failure,Yes,Yes,No,Yes,Yes,Yes,Yes,Yes,No,0,N/A,Yes,Yes,No,Yes,Yes,Yes,No,No,No,1,72.91,0.0,0.842,Email,Invalid Claim
CLM00939,INVALID_439_EXPIRED_WARRANTY,CUS00939,PROD00939,Air Conditioner,Aster,AST-AIR-0939,SN-2026-000939,2024-03-31,2025-06-29,2025-06-19,12,2025-03-31,Expired,-90,No,Battery Problem,Electrical Failure,Yes,Yes,No,Yes,Yes,Yes,Yes,Yes,No,0,N/A,No,N/A,Yes,Yes,No,No,No,No,No,1,1772.15,0.0,0.908,Email,Invalid Claim
CLM00940,INVALID_440_EXCLUDED_DAMAGE,CUS00940,PROD00940,Washing Machine,Aster,AST-WAS-0940,SN-2026-000940,2025-09-28,2026-09-28,2026-09-23,24,2027-09-28,Active,365,No,Overheating,Normal Wear,No,Yes,Yes,No,Yes,Yes,No,Yes,No,0,N/A,No,N/A,Yes,Yes,No,No,No,No,Yes,3,1007.43,0.0,0.777,Service Center,Invalid Claim
CLM00941,INVALID_441_SERIAL_MISMATCH,CUS00941,PROD00941,Television,NovaTech,NOV-TEL-0941,SN-2026-000941,2025-01-22,2025-05-10,2025-05-06,36,2028-01-22,Active,987,No,Battery Problem,Manufacturing Defect,Yes,Yes,No,Yes,Yes,Yes,Yes,No,No,0,N/A,No,N/A,No,Yes,No,No,No,No,No,2,2620.12,0.0,0.958,Service Center,Invalid Claim
CLM00942,INVALID_442_UNAUTHORIZED_REPAIR,CUS00942,PROD00942,Television,HomePro,HOM-TEL-0942,SN-2026-000942,2025-06-01,2025-09-11,2025-08-27,36,2028-06-01,Active,994,No,Mechanical Failure,Electrical Failure,Yes,Yes,Yes,Yes,Yes,Yes,Yes,Yes,Yes,2,No,No,N/A,Yes,Yes,No,No,No,Yes,Yes,1,1186.87,510.61,0.789,Mobile App,Invalid Claim
CLM00943,INVALID_443_REPORTING_PERIOD,CUS00943,PROD00943,Television,Aster,AST-TEL-0943,SN-2026-000943,2023-01-24,2023-07-24,2023-05-25,12,2024-01-24,Active,-119,Yes,Power Failure,Manufacturing Defect,Yes,No,Yes,Yes,Yes,Yes,Yes,Yes,No,0,N/A,No,N/A,Yes,Yes,No,No,No,Yes,Yes,2,1424.48,0.0,0.962,Mobile App,Invalid Claim
CLM00944,INVALID_444_DUPLICATE_CLAIM,CUS00944,PROD00944,Camera,HomePro,HOM-CAM-0944,SN-2026-000944,2025-11-12,2026-12-31,2026-12-16,24,2027-11-12,Active,316,No,Connectivity Issue,Manufacturing Defect,Yes,Yes,Yes,Yes,Yes,Yes,Yes,No,No,0,N/A,No,N/A,Yes,Yes,Yes,Yes,No,Yes,Yes,1,2034.61,0.0,0.88,Service Center,Invalid Claim
CLM00945,INVALID_445_EXPIRED_WARRANTY,CUS00945,PROD00945,Washing Machine,ZenCore,ZEN-WAS-0945,SN-2026-000945,2023-10-16,2027-01-14,2027-01-04,36,2026-10-16,Expired,-90,No,Power Failure,Manufacturing Defect,Yes,Yes,Yes,Yes,Yes,Yes,Yes,Yes,No,0,N/A,No,N/A,Yes,Yes,No,No,No,Yes,Yes,3,1046.09,0.0,0.886,Email,Invalid Claim
CLM00946,INVALID_446_EXCLUDED_DAMAGE,CUS00946,PROD00946,Laptop,Aster,AST-LAP-0946,SN-2026-000946,2023-12-15,2025-06-15,2025-06-10,36,2026-12-15,Active,548,No,Display Failure,Physical Damage,No,Yes,Yes,Yes,Yes,Yes,Yes,Yes,Yes,3,Yes,No,N/A,Yes,Yes,No,No,No,Yes,Yes,3,1101.35,1301.75,0.767,Mobile App,Invalid Claim
CLM00947,INVALID_447_SERIAL_MISMATCH,CUS00947,PROD00947,Television,PrimeView,PRI-TEL-0947,SN-2026-000947,2025-11-30,2025-12-30,2025-12-11,36,2028-11-30,Active,1066,No,Overheating,Manufacturing Defect,Yes,Yes,Yes,Yes,Yes,Yes,Yes,Yes,Yes,2,No,No,N/A,No,Yes,No,No,No,Yes,Yes,3,2956.46,555.44,0.81,Mobile App,Invalid Claim
CLM00948,INVALID_448_UNAUTHORIZED_REPAIR,CUS00948,PROD00948,Television,ZenCore,ZEN-TEL-0948,SN-2026-000948,2023-05-20,2023-06-20,2023-05-23,12,2024-05-20,Active,335,No,Overheating,Electrical Failure,Yes,Yes,Yes,Yes,Yes,Yes,No,Yes,Yes,1,No,No,N/A,Yes,Yes,No,No,No,No,Yes,0,1191.98,934.04,0.897,Email,Invalid Claim
CLM00949,INVALID_449_REPORTING_PERIOD,CUS00949,PROD00949,Laptop,HomePro,HOM-LAP-0949,SN-2026-000949,2024-03-23,2025-03-23,2025-01-22,24,2026-03-23,Active,-119,No,Power Failure,Manufacturing Defect,Yes,No,Yes,No,Yes,Yes,Yes,Yes,No,0,N/A,No,N/A,Yes,Yes,No,No,No,No,Yes,1,236.65,0.0,0.938,Web,Invalid Claim
CLM00950,INVALID_450_DUPLICATE_CLAIM,CUS00950,PROD00950,Camera,ZenCore,ZEN-CAM-0950,SN-2026-000950,2024-08-19,2026-04-13,2026-03-18,12,2025-08-19,Active,-237,No,Overheating,Electrical Failure,Yes,Yes,Yes,Yes,No,Yes,Yes,Yes,No,0,N/A,No,N/A,Yes,Yes,Yes,Yes,No,No,Yes,3,1752.31,0.0,0.77,Service Center,Invalid Claim
CLM00951,INVALID_451_EXPIRED_WARRANTY,CUS00951,PROD00951,Smartphone,PrimeView,PRI-SMA-0951,SN-2026-000951,2023-06-09,2024-09-07,2024-08-28,12,2024-06-09,Expired,-90,No,Noise,Manufacturing Defect,Yes,Yes,Yes,Yes,Yes,Yes,No,Yes,No,0,N/A,No,N/A,Yes,Yes,No,No,No,No,Yes,1,2134.25,0.0,0.907,Service Center,Invalid Claim
CLM00952,INVALID_452_EXCLUDED_DAMAGE,CUS00952,PROD00952,Printer,NovaTech,NOV-PRI-0952,SN-2026-000952,2023-09-10,2024-03-10,2024-03-05,12,2024-09-10,Active,184,No,Overheating,Water Damage,No,Yes,Yes,Yes,Yes,Yes,Yes,Yes,No,0,N/A,No,N/A,Yes,Yes,No,No,No,Yes,Yes,0,1666.07,0.0,0.851,Web,Invalid Claim
CLM00953,INVALID_453_SERIAL_MISMATCH,CUS00953,PROD00953,Smartphone,ZenCore,ZEN-SMA-0953,SN-2026-000953,2024-05-19,2026-10-04,2026-09-13,12,2025-05-19,Active,-503,No,Battery Problem,Electrical Failure,Yes,Yes,Yes,Yes,Yes,Yes,Yes,Yes,Yes,3,Yes,No,N/A,No,Yes,No,No,No,Yes,Yes,3,2531.75,752.87,0.798,Web,Invalid Claim
CLM00954,INVALID_454_UNAUTHORIZED_REPAIR,CUS00954,PROD00954,Refrigerator,PrimeView,PRI-REF-0954,SN-2026-000954,2023-01-09,2025-04-10,2025-03-24,12,2024-01-09,Active,-457,No,Battery Problem,Electrical Failure,Yes,Yes,Yes,No,Yes,Yes,Yes,Yes,Yes,1,No,No,N/A,Yes,Yes,No,No,No,No,Yes,3,1116.8,370.68,0.882,Mobile App,Invalid Claim
CLM00955,INVALID_455_REPORTING_PERIOD,CUS00955,PROD00955,Smartphone,HomePro,HOM-SMA-0955,SN-2026-000955,2024-03-31,2025-09-30,2025-08-01,36,2027-03-31,Active,628,No,Power Failure,Electrical Failure,Yes,No,No,Yes,Yes,Yes,Yes,Yes,No,0,N/A,Yes,Yes,Yes,Yes,No,No,No,No,No,1,734.09,0.0,0.852,Service Center,Invalid Claim
CLM00956,INVALID_456_DUPLICATE_CLAIM,CUS00956,PROD00956,Refrigerator,PrimeView,PRI-REF-0956,SN-2026-000956,2023-01-13,2025-02-02,2025-01-11,36,2026-01-13,Active,345,No,Overheating,Electrical Failure,Yes,Yes,Yes,No,Yes,Yes,Yes,No,Yes,2,Yes,No,N/A,Yes,Yes,Yes,Yes,No,No,Yes,3,1617.05,1029.13,0.849,Web,Invalid Claim
CLM00957,INVALID_457_EXPIRED_WARRANTY,CUS00957,PROD00957,Refrigerator,Aster,AST-REF-0957,SN-2026-000957,2024-02-20,2026-05-21,2026-05-11,24,2026-02-20,Expired,-90,No,Battery Problem,Manufacturing Defect,Yes,Yes,Yes,Yes,Yes,Yes,Yes,Yes,No,0,N/A,No,N/A,Yes,Yes,No,No,No,Yes,Yes,2,1041.41,0.0,0.806,Email,Invalid Claim
CLM00958,INVALID_458_EXCLUDED_DAMAGE,CUS00958,PROD00958,Television,PrimeView,PRI-TEL-0958,SN-2026-000958,2023-05-04,2024-11-04,2024-10-30,36,2026-05-04,Active,546,No,Display Failure,Accidental Damage,No,Yes,Yes,Yes,Yes,Yes,Yes,Yes,No,0,N/A,No,N/A,Yes,Yes,No,No,No,Yes,Yes,3,1216.15,0.0,0.823,Service Center,Invalid Claim
CLM00959,INVALID_459_SERIAL_MISMATCH,CUS00959,PROD00959,Refrigerator,Aster,AST-REF-0959,SN-2026-000959,2023-10-09,2025-05-07,2025-04-24,24,2025-10-09,Active,155,No,Water Leakage,Electrical Failure,Yes,Yes,Yes,Yes,Yes,Yes,Yes,Yes,No,0,N/A,No,N/A,No,Yes,No,No,No,Yes,Yes,1,110.04,0.0,0.82,Web,Invalid Claim
CLM00960,INVALID_460_UNAUTHORIZED_REPAIR,CUS00960,PROD00960,Printer,HomePro,HOM-PRI-0960,SN-2026-000960,2023-03-11,2023-12-18,2023-12-13,24,2025-03-11,Active,449,No,Noise,Electrical Failure,Yes,Yes,Yes,Yes,Yes,Yes,Yes,Yes,Yes,1,No,No,N/A,Yes,Yes,No,No,No,Yes,Yes,0,2923.93,536.8,0.939,Email,Invalid Claim
CLM00961,INVALID_461_REPORTING_PERIOD,CUS00961,PROD00961,Camera,Aster,AST-CAM-0961,SN-2026-000961,2025-07-04,2026-01-04,2025-11-05,12,2026-07-04,Active,-199,No,Power Failure,Electrical Failure,Yes,No,Yes,Yes,Yes,Yes,Yes,Yes,Yes,3,Yes,No,N/A,Yes,Yes,No,No,No,Yes,Yes,3,2680.04,933.2,0.885,Email,Invalid Claim
CLM00962,INVALID_462_DUPLICATE_CLAIM,CUS00962,PROD00962,Washing Machine,NovaTech,NOV-WAS-0962,SN-2026-000962,2025-03-07,2026-01-15,2026-01-13,12,2026-03-07,Active,51,No,Display Failure,Manufacturing Defect,Yes,Yes,Yes,Yes,Yes,Yes,Yes,No,No,0,N/A,No,N/A,Yes,Yes,Yes,Yes,No,Yes,Yes,2,1700.15,0.0,0.781,Service Center,Invalid Claim
CLM00963,INVALID_463_EXPIRED_WARRANTY,CUS00963,PROD00963,Television,Aster,AST-TEL-0963,SN-2026-000963,2024-12-10,2026-03-10,2026-02-28,12,2025-12-10,Expired,-90,Yes,Power Failure,Manufacturing Defect,Yes,Yes,Yes,Yes,Yes,No,Yes,Yes,Yes,3,Yes,Yes,Yes,Yes,No,No,No,No,No,Yes,1,2300.08,520.28,0.827,Mobile App,Invalid Claim
CLM00964,INVALID_464_EXCLUDED_DAMAGE,CUS00964,PROD00964,Printer,HomePro,HOM-PRI-0964,SN-2026-000964,2025-01-13,2026-07-13,2026-07-08,36,2028-01-13,Active,549,No,Power Failure,Water Damage,No,Yes,Yes,Yes,Yes,Yes,Yes,Yes,No,0,N/A,No,N/A,Yes,Yes,No,No,No,Yes,Yes,1,759.08,0.0,0.96,Mobile App,Invalid Claim
CLM00965,INVALID_465_SERIAL_MISMATCH,CUS00965,PROD00965,Air Conditioner,NovaTech,NOV-AIR-0965,SN-2026-000965,2023-09-01,2023-12-09,2023-11-10,12,2024-09-01,Active,267,No,Mechanical Failure,Manufacturing Defect,Yes,Yes,Yes,No,Yes,Yes,Yes,Yes,No,0,N/A,No,N/A,No,Yes,No,No,No,No,Yes,0,2114.8,0.0,0.866,Web,Invalid Claim
CLM00966,INVALID_466_UNAUTHORIZED_REPAIR,CUS00966,PROD00966,Refrigerator,PrimeView,PRI-REF-0966,SN-2026-000966,2026-03-08,2027-06-22,2027-05-24,12,2027-03-08,Active,-106,No,Overheating,Electrical Failure,Yes,Yes,Yes,No,Yes,No,No,Yes,Yes,1,No,No,N/A,Yes,Yes,No,No,No,No,Yes,3,925.02,417.54,0.789,Service Center,Invalid Claim
CLM00967,INVALID_467_REPORTING_PERIOD,CUS00967,PROD00967,Television,ZenCore,ZEN-TEL-0967,SN-2026-000967,2023-06-13,2023-12-13,2023-10-14,12,2024-06-13,Active,249,No,Power Failure,Electrical Failure,Yes,No,Yes,No,Yes,Yes,Yes,Yes,No,0,N/A,No,N/A,Yes,Yes,No,No,No,No,Yes,2,1245.6,0.0,0.835,Email,Invalid Claim
CLM00968,INVALID_468_DUPLICATE_CLAIM,CUS00968,PROD00968,Air Conditioner,NovaTech,NOV-AIR-0968,SN-2026-000968,2023-10-27,2026-01-06,2025-12-20,24,2025-10-27,Active,-71,No,Power Failure,Electrical Failure,Yes,Yes,Yes,No,Yes,Yes,Yes,Yes,Yes,1,Yes,No,N/A,No,Yes,Yes,Yes,No,No,Yes,2,1707.67,115.0,0.97,Service Center,Invalid Claim
CLM00969,INVALID_469_EXPIRED_WARRANTY,CUS00969,PROD00969,Smartphone,HomePro,HOM-SMA-0969,SN-2026-000969,2023-07-30,2025-10-28,2025-10-18,24,2025-07-30,Expired,-90,No,Power Failure,Manufacturing Defect,Yes,Yes,Yes,Yes,Yes,Yes,Yes,Yes,No,0,N/A,No,N/A,No,Yes,No,No,No,Yes,Yes,2,165.12,0.0,0.975,Web,Invalid Claim
CLM00970,INVALID_470_EXCLUDED_DAMAGE,CUS00970,PROD00970,Air Conditioner,NovaTech,NOV-AIR-0970,SN-2026-000970,2025-03-07,2026-09-07,2026-09-02,36,2028-03-07,Active,547,No,Display Failure,Water Damage,No,Yes,Yes,Yes,Yes,Yes,No,Yes,No,0,N/A,Yes,No,No,Yes,No,No,No,No,Yes,2,1139.71,0.0,0.971,Mobile App,Invalid Claim
CLM00971,INVALID_471_SERIAL_MISMATCH,CUS00971,PROD00971,Camera,PrimeView,PRI-CAM-0971,SN-2026-000971,2026-01-28,2027-08-02,2027-07-26,12,2027-01-28,Active,-186,No,Mechanical Failure,Manufacturing Defect,Yes,Yes,Yes,Yes,No,No,Yes,Yes,No,0,N/A,No,N/A,No,Yes,No,No,No,No,Yes,0,1513.94,0.0,0.844,Web,Invalid Claim
CLM00972,INVALID_472_UNAUTHORIZED_REPAIR,CUS00972,PROD00972,Camera,PrimeView,PRI-CAM-0972,SN-2026-000972,2024-09-18,2025-08-07,2025-07-18,24,2026-09-18,Active,407,No,Mechanical Failure,Manufacturing Defect,Yes,Yes,Yes,No,Yes,Yes,Yes,Yes,Yes,2,No,No,N/A,Yes,Yes,No,No,No,No,Yes,3,2090.85,747.42,0.885,Service Center,Invalid Claim
CLM00973,INVALID_473_REPORTING_PERIOD,CUS00973,PROD00973,Television,Aster,AST-TEL-0973,SN-2026-000973,2025-05-21,2026-05-21,2026-03-22,24,2027-05-21,Active,-46,No,Noise,Electrical Failure,Yes,No,Yes,Yes,Yes,Yes,Yes,Yes,No,0,N/A,No,N/A,Yes,Yes,No,No,No,Yes,Yes,1,278.87,0.0,0.844,Mobile App,Invalid Claim
CLM00974,INVALID_474_DUPLICATE_CLAIM,CUS00974,PROD00974,Refrigerator,HomePro,HOM-REF-0974,SN-2026-000974,2025-12-06,2026-03-27,2026-03-19,24,2027-12-06,Active,619,No,Noise,Electrical Failure,Yes,Yes,Yes,Yes,Yes,Yes,Yes,Yes,No,0,N/A,Yes,No,Yes,Yes,Yes,Yes,No,Yes,Yes,3,1817.63,0.0,0.769,Web,Invalid Claim
CLM00975,INVALID_475_EXPIRED_WARRANTY,CUS00975,PROD00975,Smartphone,HomePro,HOM-SMA-0975,SN-2026-000975,2023-01-22,2025-04-22,2025-04-12,24,2025-01-22,Expired,-90,Yes,Overheating,Electrical Failure,Yes,Yes,Yes,Yes,Yes,Yes,Yes,Yes,No,0,N/A,No,N/A,Yes,Yes,No,No,No,Yes,Yes,0,730.82,0.0,0.918,Web,Invalid Claim
CLM00976,INVALID_476_EXCLUDED_DAMAGE,CUS00976,PROD00976,Camera,NovaTech,NOV-CAM-0976,SN-2026-000976,2024-04-02,2025-10-02,2025-09-27,36,2027-04-02,Active,547,No,Mechanical Failure,Accidental Damage,No,Yes,Yes,Yes,Yes,Yes,Yes,No,No,0,N/A,No,N/A,No,Yes,No,No,No,Yes,Yes,1,627.21,0.0,0.98,Mobile App,Invalid Claim
CLM00977,INVALID_477_SERIAL_MISMATCH,CUS00977,PROD00977,Refrigerator,PrimeView,PRI-REF-0977,SN-2026-000977,2023-09-14,2024-12-01,2024-11-09,24,2025-09-14,Active,287,No,Noise,Manufacturing Defect,Yes,Yes,Yes,Yes,Yes,Yes,Yes,No,No,0,N/A,No,N/A,No,Yes,No,No,No,Yes,Yes,3,814.92,0.0,0.787,Mobile App,Invalid Claim
CLM00978,INVALID_478_UNAUTHORIZED_REPAIR,CUS00978,PROD00978,Laptop,Aster,AST-LAP-0978,SN-2026-000978,2023-08-23,2024-08-11,2024-07-16,36,2026-08-23,Active,742,Yes,Overheating,Electrical Failure,Yes,Yes,Yes,No,Yes,Yes,No,Yes,Yes,1,No,No,N/A,Yes,Yes,No,No,No,No,Yes,0,1638.85,543.46,0.75,Web,Invalid Claim
CLM00979,INVALID_479_REPORTING_PERIOD,CUS00979,PROD00979,Washing Machine,Aster,AST-WAS-0979,SN-2026-000979,2025-11-30,2026-11-30,2026-10-01,24,2027-11-30,Active,578,No,Water Leakage,Electrical Failure,Yes,No,Yes,Yes,Yes,Yes,Yes,No,No,0,N/A,No,N/A,Yes,Yes,No,No,No,Yes,Yes,1,307.07,0.0,0.936,Service Center,Invalid Claim
CLM00980,INVALID_480_DUPLICATE_CLAIM,CUS00980,PROD00980,Air Conditioner,ZenCore,ZEN-AIR-0980,SN-2026-000980,2023-10-14,2024-08-23,2024-08-13,36,2026-10-14,Active,782,No,Noise,Manufacturing Defect,Yes,Yes,Yes,Yes,Yes,Yes,No,Yes,No,0,N/A,No,N/A,Yes,Yes,Yes,Yes,No,No,Yes,1,1106.26,0.0,0.842,Email,Invalid Claim
CLM00981,INVALID_481_EXPIRED_WARRANTY,CUS00981,PROD00981,Camera,Aster,AST-CAM-0981,SN-2026-000981,2024-04-05,2027-07-04,2027-06-24,36,2027-04-05,Expired,-90,No,Water Leakage,Electrical Failure,Yes,Yes,Yes,Yes,Yes,Yes,No,No,Yes,1,Yes,No,N/A,Yes,Yes,No,No,No,No,Yes,3,2098.18,1179.86,0.786,Service Center,Invalid Claim
CLM00982,INVALID_482_EXCLUDED_DAMAGE,CUS00982,PROD00982,Smartphone,ZenCore,ZEN-SMA-0982,SN-2026-000982,2023-06-19,2024-12-19,2024-12-14,36,2026-06-19,Active,547,No,Display Failure,Water Damage,No,Yes,Yes,Yes,Yes,Yes,No,Yes,No,0,N/A,No,N/A,Yes,Yes,No,No,No,No,Yes,3,2337.19,0.0,0.797,Web,Invalid Claim
CLM00983,INVALID_483_SERIAL_MISMATCH,CUS00983,PROD00983,Printer,NovaTech,NOV-PRI-0983,SN-2026-000983,2026-01-30,2027-04-24,2027-04-12,36,2029-01-30,Active,647,No,Battery Problem,Electrical Failure,Yes,Yes,Yes,Yes,Yes,Yes,Yes,Yes,No,0,N/A,No,N/A,No,Yes,No,No,No,Yes,Yes,0,134.85,0.0,0.98,Service Center,Invalid Claim
CLM00984,INVALID_484_UNAUTHORIZED_REPAIR,CUS00984,PROD00984,Laptop,ZenCore,ZEN-LAP-0984,SN-2026-000984,2024-11-21,2026-01-11,2026-01-10,36,2027-11-21,Active,679,No,Display Failure,Electrical Failure,Yes,Yes,Yes,Yes,Yes,Yes,Yes,Yes,Yes,1,No,Yes,Yes,Yes,Yes,No,No,No,Yes,Yes,2,110.75,322.34,0.809,Service Center,Invalid Claim
CLM00985,INVALID_485_REPORTING_PERIOD,CUS00985,PROD00985,Refrigerator,HomePro,HOM-REF-0985,SN-2026-000985,2024-01-31,2025-01-31,2024-12-02,24,2026-01-31,Active,485,No,Noise,Manufacturing Defect,Yes,No,Yes,Yes,Yes,Yes,Yes,No,No,0,N/A,Yes,Yes,Yes,Yes,No,No,No,Yes,Yes,1,512.9,0.0,0.76,Service Center,Invalid Claim
CLM00986,INVALID_486_DUPLICATE_CLAIM,CUS00986,PROD00986,Printer,NovaTech,NOV-PRI-0986,SN-2026-000986,2024-05-07,2026-06-09,2026-06-05,12,2025-05-07,Active,-398,No,Mechanical Failure,Electrical Failure,Yes,Yes,Yes,Yes,Yes,Yes,Yes,Yes,No,0,N/A,No,N/A,Yes,Yes,Yes,Yes,No,Yes,Yes,1,2400.59,0.0,0.828,Email,Invalid Claim
CLM00987,INVALID_487_EXPIRED_WARRANTY,CUS00987,PROD00987,Refrigerator,HomePro,HOM-REF-0987,SN-2026-000987,2024-11-09,2027-02-07,2027-01-28,24,2026-11-09,Expired,-90,No,Noise,Electrical Failure,Yes,Yes,Yes,Yes,Yes,Yes,Yes,No,No,0,N/A,No,N/A,Yes,Yes,No,No,No,Yes,Yes,3,2032.78,0.0,0.766,Mobile App,Invalid Claim
CLM00988,INVALID_488_EXCLUDED_DAMAGE,CUS00988,PROD00988,Air Conditioner,HomePro,HOM-AIR-0988,SN-2026-000988,2025-07-17,2027-01-17,2027-01-12,36,2028-07-17,Active,547,No,Power Failure,Water Damage,No,Yes,Yes,No,Yes,Yes,Yes,Yes,Yes,2,Yes,No,N/A,No,Yes,No,No,No,No,Yes,2,303.29,1334.12,0.969,Mobile App,Invalid Claim
CLM00989,INVALID_489_SERIAL_MISMATCH,CUS00989,PROD00989,Printer,HomePro,HOM-PRI-0989,SN-2026-000989,2024-02-11,2026-02-25,2026-02-22,12,2025-02-11,Active,-379,Yes,Battery Problem,Manufacturing Defect,Yes,Yes,Yes,Yes,Yes,Yes,Yes,Yes,No,0,N/A,No,N/A,No,Yes,Yes,No,No,Yes,Yes,0,2415.12,0.0,0.789,Email,Invalid Claim
CLM00990,INVALID_490_UNAUTHORIZED_REPAIR,CUS00990,PROD00990,Printer,Aster,AST-PRI-0990,SN-2026-000990,2023-12-25,2024-07-27,2024-07-25,12,2024-12-25,Active,151,Yes,Overheating,Electrical Failure,Yes,Yes,Yes,Yes,Yes,Yes,Yes,Yes,Yes,2,No,No,N/A,Yes,Yes,No,No,No,Yes,Yes,1,1162.06,717.24,0.79,Service Center,Invalid Claim
CLM00991,INVALID_491_REPORTING_PERIOD,CUS00991,PROD00991,Printer,HomePro,HOM-PRI-0991,SN-2026-000991,2023-02-24,2023-08-24,2023-06-25,12,2024-02-24,Active,-257,No,Power Failure,Manufacturing Defect,Yes,No,Yes,Yes,Yes,Yes,Yes,No,No,0,N/A,No,N/A,Yes,Yes,No,No,No,Yes,Yes,3,118.21,0.0,0.932,Email,Invalid Claim
CLM00992,INVALID_492_DUPLICATE_CLAIM,CUS00992,PROD00992,Air Conditioner,NovaTech,NOV-AIR-0992,SN-2026-000992,2025-02-03,2027-01-04,2026-12-16,12,2026-02-03,Active,-335,No,Power Failure,Electrical Failure,Yes,Yes,Yes,Yes,Yes,Yes,Yes,Yes,No,0,N/A,No,N/A,Yes,Yes,Yes,Yes,No,Yes,Yes,2,1331.41,0.0,0.917,Email,Invalid Claim
CLM00993,INVALID_493_EXPIRED_WARRANTY,CUS00993,PROD00993,Refrigerator,Aster,AST-REF-0993,SN-2026-000993,2025-02-11,2026-05-12,2026-05-02,12,2026-02-11,Expired,-90,No,Water Leakage,Manufacturing Defect,Yes,Yes,Yes,Yes,Yes,Yes,Yes,No,No,0,N/A,No,N/A,Yes,Yes,Yes,No,No,Yes,Yes,0,1676.58,0.0,0.841,Email,Invalid Claim
CLM00994,INVALID_494_EXCLUDED_DAMAGE,CUS00994,PROD00994,Camera,NovaTech,NOV-CAM-0994,SN-2026-000994,2023-07-16,2024-01-16,2024-01-11,12,2024-07-16,Active,182,Yes,Battery Problem,Water Damage,No,Yes,Yes,Yes,Yes,Yes,No,No,No,0,N/A,No,N/A,Yes,Yes,No,No,No,No,Yes,3,1086.42,0.0,0.966,Mobile App,Invalid Claim
CLM00995,INVALID_495_SERIAL_MISMATCH,CUS00995,PROD00995,Printer,PrimeView,PRI-PRI-0995,SN-2026-000995,2024-11-10,2026-02-18,2026-02-05,24,2026-11-10,Active,265,No,Overheating,Manufacturing Defect,Yes,Yes,No,Yes,Yes,Yes,Yes,No,No,0,N/A,No,N/A,No,Yes,No,No,No,No,No,0,296.15,0.0,0.851,Email,Invalid Claim
CLM00996,INVALID_496_UNAUTHORIZED_REPAIR,CUS00996,PROD00996,Laptop,ZenCore,ZEN-LAP-0996,SN-2026-000996,2025-09-08,2025-11-15,2025-10-31,36,2028-09-08,Active,1028,No,Connectivity Issue,Electrical Failure,Yes,Yes,Yes,No,Yes,Yes,Yes,Yes,Yes,1,No,Yes,No,Yes,Yes,No,No,No,No,Yes,2,469.21,777.96,0.841,Service Center,Invalid Claim
CLM00997,INVALID_497_REPORTING_PERIOD,CUS00997,PROD00997,Laptop,ZenCore,ZEN-LAP-0997,SN-2026-000997,2023-05-31,2024-05-31,2024-04-01,24,2025-05-31,Active,616,No,Noise,Electrical Failure,Yes,No,Yes,Yes,Yes,Yes,Yes,No,No,0,N/A,No,N/A,No,Yes,No,No,No,Yes,Yes,1,313.31,0.0,0.796,Mobile App,Invalid Claim
CLM00998,INVALID_498_DUPLICATE_CLAIM,CUS00998,PROD00998,Camera,Aster,AST-CAM-0998,SN-2026-000998,2024-10-19,2024-11-23,2024-11-20,24,2026-10-19,Active,695,No,Noise,Electrical Failure,Yes,Yes,Yes,Yes,Yes,No,Yes,Yes,No,0,N/A,No,N/A,Yes,Yes,Yes,Yes,No,No,Yes,2,739.07,0.0,0.783,Email,Invalid Claim
CLM00999,INVALID_499_EXPIRED_WARRANTY,CUS00999,PROD00999,Refrigerator,HomePro,HOM-REF-0999,SN-2026-000999,2023-11-28,2027-02-26,2027-02-16,36,2026-11-28,Expired,-90,No,Water Leakage,Electrical Failure,Yes,Yes,Yes,Yes,Yes,Yes,No,Yes,No,0,N/A,No,N/A,Yes,No,No,No,No,No,Yes,3,2401.6,0.0,0.802,Web,Invalid Claim
CLM01000,INVALID_500_EXCLUDED_DAMAGE,CUS01000,PROD01000,Smartphone,NovaTech,NOV-SMA-1000,SN-2026-001000,2023-04-01,2024-10-01,2024-09-26,36,2026-04-01,Active,547,No,Power Failure,Normal Wear,No,Yes,No,No,Yes,Yes,Yes,No,No,0,N/A,No,N/A,Yes,Yes,Yes,No,No,No,No,3,2470.66,0.0,0.933,Web,Invalid Claim
CLM01001,MANUAL_01_MISSING_DOCUMENT,CUS01001,PROD01001,Washing Machine,HomePro,HOM-WAS-1001,SN-2026-001001,2023-10-25,2024-04-25,2024-04-18,12,2024-10-25,Active,183,No,Battery Problem,Electrical Failure,Yes,Yes,Yes,Yes,Yes,No,Yes,No,No,0,N/A,No,N/A,Yes,Yes,No,No,No,No,Yes,1,268.8,0.0,0.927,Email,Manual Review
CLM01002,MANUAL_02_CONTRADICTION,CUS01002,PROD01002,Smartphone,NovaTech,NOV-SMA-1002,SN-2026-001002,2026-03-19,2027-03-19,2027-03-17,24,2028-03-19,Active,366,No,Connectivity Issue,Electrical Failure,Yes,Yes,Yes,Yes,Yes,No,Yes,Yes,Yes,2,Yes,No,N/A,Yes,No,No,Yes,Yes,No,Yes,0,2257.84,353.63,0.753,Mobile App,Manual Review
CLM01003,MANUAL_03_LOW_OCR_CONFIDENCE,CUS01003,PROD01003,Television,NovaTech,NOV-TEL-1003,SN-2026-001003,2023-08-21,2025-02-21,2025-02-14,36,2026-08-21,Active,546,No,Display Failure,Manufacturing Defect,Yes,Yes,Yes,Yes,Yes,Yes,Yes,Yes,Yes,2,Yes,Yes,Yes,Yes,Yes,No,No,No,Yes,Yes,0,1818.31,621.38,0.485,Service Center,Manual Review
CLM01004,MANUAL_04_SERIAL_WARNING,CUS01004,PROD01004,Camera,ZenCore,ZEN-CAM-1004,SN-2026-001004,2023-12-02,2025-06-02,2025-06-01,36,2026-12-02,Active,548,No,Display Failure,Electrical Failure,Yes,Yes,Yes,Yes,Yes,Yes,Yes,No,No,0,N/A,No,N/A,Unknown,Yes,No,No,No,No,Yes,2,2596.84,0.0,0.947,Mobile App,Manual Review
CLM01005,MANUAL_05_UNCLEAR_REPAIR,CUS01005,PROD01005,Laptop,NovaTech,NOV-LAP-1005,SN-2026-001005,2023-12-13,2024-12-13,2024-12-09,24,2025-12-13,Active,365,No,Display Failure,Manufacturing Defect,Yes,Yes,Yes,Yes,Yes,Yes,Yes,Yes,Yes,2,Unknown,No,N/A,Yes,Yes,No,No,No,No,Yes,1,328.78,0.0,0.974,Web,Manual Review
CLM01006,MANUAL_06_INCOMPLETE_EVIDENCE,CUS01006,PROD01006,Laptop,Aster,AST-LAP-1006,SN-2026-001006,2024-03-22,2025-09-22,2025-09-13,36,2027-03-22,Active,546,No,Connectivity Issue,Manufacturing Defect,Yes,Yes,Yes,Yes,Yes,Yes,No,Yes,No,0,N/A,No,N/A,Yes,Yes,No,No,No,No,Yes,0,1838.75,0.0,0.918,Email,Manual Review
CLM01007,MANUAL_07_MISSING_DOCUMENT,CUS01007,PROD01007,Air Conditioner,NovaTech,NOV-AIR-1007,SN-2026-001007,2024-09-24,2025-09-24,2025-09-15,24,2026-09-24,Active,365,No,Power Failure,Manufacturing Defect,Yes,Yes,Yes,No,Yes,Yes,No,No,No,0,N/A,Yes,Yes,Yes,Yes,No,No,No,No,Yes,1,2222.81,0.0,0.778,Mobile App,Manual Review
CLM01008,MANUAL_08_CONTRADICTION,CUS01008,PROD01008,Washing Machine,Aster,AST-WAS-1008,SN-2026-001008,2023-09-17,2025-03-17,2025-03-04,36,2026-09-17,Active,549,No,Overheating,Electrical Failure,Yes,Yes,Yes,Yes,Yes,Yes,Yes,Yes,No,0,N/A,No,N/A,Yes,No,No,No,Yes,Yes,Yes,3,2518.8,0.0,0.762,Mobile App,Manual Review
CLM01009,MANUAL_09_LOW_OCR_CONFIDENCE,CUS01009,PROD01009,Air Conditioner,ZenCore,ZEN-AIR-1009,SN-2026-001009,2023-09-12,2025-03-12,2025-02-27,36,2026-09-12,Active,549,No,Water Leakage,Manufacturing Defect,Yes,Yes,No,Yes,Yes,Yes,No,Yes,No,0,N/A,No,N/A,Yes,Yes,No,No,No,Yes,No,2,2630.28,0.0,0.477,Mobile App,Manual Review
CLM01010,MANUAL_10_SERIAL_WARNING,CUS01010,PROD01010,Air Conditioner,NovaTech,NOV-AIR-1010,SN-2026-001010,2025-09-20,2027-03-20,2027-03-15,36,2028-09-20,Active,550,No,Battery Problem,Manufacturing Defect,Yes,Yes,Yes,Yes,Yes,Yes,Yes,Yes,Yes,3,Yes,No,N/A,Unknown,Yes,No,No,No,No,Yes,3,431.01,93.3,0.864,Web,Manual Review
CLM01011,MANUAL_11_UNCLEAR_REPAIR,CUS01011,PROD01011,Printer,ZenCore,ZEN-PRI-1011,SN-2026-001011,2024-01-12,2025-01-12,2025-01-08,24,2026-01-12,Active,365,No,Noise,Manufacturing Defect,Yes,Yes,Yes,Yes,Yes,Yes,Yes,No,Yes,1,Unknown,No,N/A,Yes,Yes,No,No,No,No,Yes,1,613.04,155.23,0.984,Email,Manual Review
CLM01012,MANUAL_12_INCOMPLETE_EVIDENCE,CUS01012,PROD01012,Refrigerator,PrimeView,PRI-REF-1012,SN-2026-001012,2025-05-04,2025-11-04,2025-10-26,12,2026-05-04,Active,181,No,Overheating,Manufacturing Defect,Yes,Yes,Yes,No,Yes,Yes,No,Yes,No,0,N/A,No,N/A,Yes,Yes,No,No,No,No,Yes,1,1015.68,0.0,0.899,Mobile App,Manual Review
CLM01013,MANUAL_13_MISSING_DOCUMENT,CUS01013,PROD01013,Air Conditioner,Aster,AST-AIR-1013,SN-2026-001013,2023-08-13,2025-02-13,2025-02-07,36,2026-08-13,Active,546,No,Battery Problem,Electrical Failure,Yes,Yes,Yes,No,Yes,Yes,Yes,No,No,0,N/A,Yes,Yes,Yes,Yes,No,No,No,No,Yes,3,704.09,0.0,0.819,Email,Manual Review
CLM01014,MANUAL_14_CONTRADICTION,CUS01014,PROD01014,Smartphone,NovaTech,NOV-SMA-1014,SN-2026-001014,2025-08-02,2027-02-02,2027-01-26,36,2028-08-02,Active,547,No,Mechanical Failure,Manufacturing Defect,Yes,Yes,Yes,Yes,Yes,No,Yes,Yes,No,0,N/A,Yes,Yes,Yes,No,No,No,Yes,No,Yes,2,2260.85,0.0,0.889,Service Center,Manual Review
CLM01015,MANUAL_15_LOW_OCR_CONFIDENCE,CUS01015,PROD01015,Refrigerator,HomePro,HOM-REF-1015,SN-2026-001015,2023-03-11,2024-09-11,2024-08-31,36,2026-03-11,Active,546,Yes,Noise,Manufacturing Defect,Yes,Yes,Yes,No,Yes,Yes,Yes,No,No,0,N/A,No,N/A,Yes,Yes,No,No,No,Yes,Yes,1,1227.19,0.0,0.469,Email,Manual Review
CLM01016,MANUAL_16_SERIAL_WARNING,CUS01016,PROD01016,Printer,PrimeView,PRI-PRI-1016,SN-2026-001016,2024-05-10,2024-11-10,2024-10-29,12,2025-05-10,Active,181,No,Water Leakage,Manufacturing Defect,Yes,Yes,Yes,Yes,Yes,Yes,No,Yes,No,0,N/A,No,N/A,Unknown,Yes,No,No,No,No,Yes,1,2324.69,0.0,0.804,Mobile App,Manual Review
CLM01017,MANUAL_17_UNCLEAR_REPAIR,CUS01017,PROD01017,Washing Machine,ZenCore,ZEN-WAS-1017,SN-2026-001017,2025-08-06,2027-02-06,2027-01-23,36,2028-08-06,Active,547,No,Noise,Manufacturing Defect,Yes,Yes,Yes,Yes,Yes,Yes,Yes,Yes,Yes,2,Unknown,No,N/A,Yes,Yes,Yes,No,No,No,Yes,1,1451.53,0.0,0.867,Mobile App,Manual Review
CLM01018,MANUAL_18_INCOMPLETE_EVIDENCE,CUS01018,PROD01018,Television,NovaTech,NOV-TEL-1018,SN-2026-001018,2023-06-15,2024-12-15,2024-12-05,36,2026-06-15,Active,547,No,Connectivity Issue,Electrical Failure,Yes,Yes,Yes,Yes,Yes,Yes,No,Yes,No,0,N/A,Yes,Yes,Yes,Yes,No,No,No,No,Yes,2,1425.05,0.0,0.988,Email,Manual Review
CLM01019,MANUAL_19_MISSING_DOCUMENT,CUS01019,PROD01019,Refrigerator,Aster,AST-REF-1019,SN-2026-001019,2024-03-28,2025-03-28,2025-03-25,24,2026-03-28,Active,365,Yes,Display Failure,Manufacturing Defect,Yes,Yes,Yes,No,Yes,No,Yes,No,Yes,3,Yes,No,N/A,Yes,No,No,No,No,No,Yes,3,2605.69,1239.08,0.846,Web,Manual Review
CLM01020,MANUAL_20_CONTRADICTION,CUS01020,PROD01020,Washing Machine,HomePro,HOM-WAS-1020,SN-2026-001020,2023-07-30,2024-01-30,2024-01-20,12,2024-07-30,Active,182,No,Overheating,Electrical Failure,Yes,Yes,Yes,No,Yes,Yes,Yes,Yes,No,0,N/A,No,N/A,Yes,No,No,No,Yes,No,Yes,3,381.46,0.0,0.907,Mobile App,Manual Review
CLM01021,MANUAL_21_LOW_OCR_CONFIDENCE,CUS01021,PROD01021,Printer,ZenCore,ZEN-PRI-1021,SN-2026-001021,2024-06-24,2024-12-24,2024-12-16,12,2025-06-24,Active,182,No,Display Failure,Electrical Failure,Yes,Yes,Yes,No,Yes,Yes,No,No,Yes,2,Yes,Yes,Yes,Yes,Yes,No,No,No,Yes,Yes,3,1814.54,939.1,0.637,Web,Manual Review
CLM01022,MANUAL_22_SERIAL_WARNING,CUS01022,PROD01022,Air Conditioner,PrimeView,PRI-AIR-1022,SN-2026-001022,2023-10-23,2024-04-23,2024-04-16,12,2024-10-23,Active,183,No,Water Leakage,Manufacturing Defect,Yes,Yes,Yes,Yes,Yes,Yes,Yes,Yes,No,0,N/A,No,N/A,Unknown,No,No,No,No,No,Yes,2,845.78,0.0,0.971,Email,Manual Review
CLM01023,MANUAL_23_UNCLEAR_REPAIR,CUS01023,PROD01023,Refrigerator,PrimeView,PRI-REF-1023,SN-2026-001023,2025-08-18,2026-02-18,2026-02-09,12,2026-08-18,Active,181,No,Battery Problem,Manufacturing Defect,Yes,Yes,Yes,Yes,Yes,Yes,Yes,No,Yes,1,Unknown,No,N/A,Yes,Yes,Yes,No,No,No,Yes,0,1372.49,0.0,0.856,Service Center,Manual Review
CLM01024,MANUAL_24_INCOMPLETE_EVIDENCE,CUS01024,PROD01024,Camera,HomePro,HOM-CAM-1024,SN-2026-001024,2024-02-19,2024-08-19,2024-08-08,12,2025-02-19,Active,184,Yes,Mechanical Failure,Manufacturing Defect,Yes,Yes,Yes,Yes,Yes,Yes,No,Yes,No,0,N/A,Yes,Yes,Yes,Yes,No,No,No,No,Yes,0,1964.99,0.0,0.869,Web,Manual Review
CLM01025,MANUAL_25_MISSING_DOCUMENT,CUS01025,PROD01025,Air Conditioner,HomePro,HOM-AIR-1025,SN-2026-001025,2024-05-10,2025-05-10,2025-04-29,24,2026-05-10,Active,365,Yes,Battery Problem,Manufacturing Defect,Yes,Yes,Yes,No,Yes,No,No,No,No,0,N/A,No,N/A,Yes,Yes,No,No,No,No,Yes,1,226.87,0.0,0.886,Service Center,Manual Review
CLM01026,MANUAL_26_CONTRADICTION,CUS01026,PROD01026,Printer,Aster,AST-PRI-1026,SN-2026-001026,2023-06-26,2024-12-26,2024-12-19,36,2026-06-26,Active,547,No,Mechanical Failure,Electrical Failure,Yes,Yes,Yes,Yes,Yes,No,Yes,Yes,No,0,N/A,Yes,Yes,Yes,No,No,No,Yes,No,Yes,0,2951.4,0.0,0.856,Service Center,Manual Review
CLM01027,MANUAL_27_LOW_OCR_CONFIDENCE,CUS01027,PROD01027,Refrigerator,Aster,AST-REF-1027,SN-2026-001027,2025-08-24,2027-02-24,2027-02-20,36,2028-08-24,Active,547,No,Mechanical Failure,Manufacturing Defect,Yes,Yes,Yes,Yes,Yes,Yes,Yes,Yes,Yes,1,Yes,No,N/A,Yes,Yes,No,No,No,Yes,Yes,2,2856.06,97.08,0.559,Web,Manual Review
CLM01028,MANUAL_28_SERIAL_WARNING,CUS01028,PROD01028,Television,ZenCore,ZEN-TEL-1028,SN-2026-001028,2023-04-21,2024-04-21,2024-04-19,24,2025-04-21,Active,365,No,Noise,Manufacturing Defect,Yes,Yes,Yes,Yes,No,Yes,Yes,Yes,Yes,1,Yes,No,N/A,Unknown,Yes,No,No,No,No,Yes,1,527.11,704.53,0.885,Email,Manual Review
CLM01029,MANUAL_29_UNCLEAR_REPAIR,CUS01029,PROD01029,Refrigerator,ZenCore,ZEN-REF-1029,SN-2026-001029,2023-03-04,2023-09-04,2023-08-27,12,2024-03-04,Active,182,No,Noise,Electrical Failure,Yes,Yes,Yes,No,No,No,Yes,Yes,Yes,2,Unknown,No,N/A,Yes,Yes,No,No,No,No,Yes,0,2024.11,0.0,0.805,Service Center,Manual Review
CLM01030,MANUAL_30_INCOMPLETE_EVIDENCE,CUS01030,PROD01030,Printer,NovaTech,NOV-PRI-1030,SN-2026-001030,2023-02-27,2023-08-27,2023-08-17,12,2024-02-27,Active,184,Yes,Connectivity Issue,Electrical Failure,Yes,Yes,Yes,No,Yes,Yes,No,Yes,No,0,N/A,No,N/A,Yes,Yes,No,No,Yes,No,Yes,3,1662.89,0.0,0.854,Web,Manual Review
CLM01031,MANUAL_31_MISSING_DOCUMENT,CUS01031,PROD01031,Smartphone,ZenCore,ZEN-SMA-1031,SN-2026-001031,2025-04-19,2026-10-19,2026-10-09,36,2028-04-19,Active,548,No,Water Leakage,Electrical Failure,Yes,Yes,Yes,No,Yes,No,Yes,No,No,0,N/A,No,N/A,Yes,Yes,No,No,No,No,Yes,3,1796.58,0.0,0.8,Service Center,Manual Review
CLM01032,MANUAL_32_CONTRADICTION,CUS01032,PROD01032,Printer,PrimeView,PRI-PRI-1032,SN-2026-001032,2024-05-26,2025-11-26,2025-11-15,36,2027-05-26,Active,546,No,Mechanical Failure,Manufacturing Defect,Yes,Yes,Yes,Yes,Yes,Yes,Yes,Yes,No,0,N/A,No,N/A,Yes,No,No,No,Yes,Yes,Yes,0,932.41,0.0,0.968,Email,Manual Review
CLM01033,MANUAL_33_LOW_OCR_CONFIDENCE,CUS01033,PROD01033,Printer,PrimeView,PRI-PRI-1033,SN-2026-001033,2025-02-24,2025-08-24,2025-08-17,12,2026-02-24,Active,184,No,Water Leakage,Electrical Failure,Yes,Yes,Yes,Yes,Yes,Yes,Yes,No,Yes,3,Yes,No,N/A,Yes,Yes,No,No,No,Yes,Yes,0,2804.35,1066.63,0.629,Web,Manual Review
CLM01034,MANUAL_34_SERIAL_WARNING,CUS01034,PROD01034,Washing Machine,PrimeView,PRI-WAS-1034,SN-2026-001034,2025-10-09,2026-04-09,2026-03-30,12,2026-10-09,Active,183,No,Overheating,Electrical Failure,Yes,Yes,Yes,Yes,No,Yes,Yes,Yes,Yes,3,Yes,No,N/A,Unknown,Yes,No,No,No,No,Yes,0,1732.68,684.76,0.812,Email,Manual Review
CLM01035,MANUAL_35_UNCLEAR_REPAIR,CUS01035,PROD01035,Air Conditioner,PrimeView,PRI-AIR-1035,SN-2026-001035,2026-03-17,2027-03-17,2027-03-04,24,2028-03-17,Active,366,No,Mechanical Failure,Manufacturing Defect,Yes,Yes,Yes,Yes,No,Yes,Yes,Yes,Yes,2,Unknown,No,N/A,No,Yes,No,No,No,No,Yes,3,772.31,0.0,0.973,Service Center,Manual Review
CLM01036,MANUAL_36_INCOMPLETE_EVIDENCE,CUS01036,PROD01036,Printer,NovaTech,NOV-PRI-1036,SN-2026-001036,2024-07-20,2025-01-20,2025-01-18,12,2025-07-20,Active,181,No,Display Failure,Electrical Failure,Yes,Yes,Yes,Yes,Yes,Yes,No,Yes,No,0,N/A,No,N/A,Yes,Yes,No,No,No,No,Yes,2,2454.16,0.0,0.852,Email,Manual Review
CLM01037,MANUAL_37_MISSING_DOCUMENT,CUS01037,PROD01037,Laptop,ZenCore,ZEN-LAP-1037,SN-2026-001037,2025-01-21,2026-07-21,2026-07-20,36,2028-01-21,Active,549,No,Noise,Manufacturing Defect,Yes,Yes,Yes,Yes,Yes,No,Yes,No,No,0,N/A,No,N/A,Yes,Yes,No,No,No,No,Yes,0,2849.89,0.0,0.978,Email,Manual Review
CLM01038,MANUAL_38_CONTRADICTION,CUS01038,PROD01038,Washing Machine,HomePro,HOM-WAS-1038,SN-2026-001038,2024-02-21,2025-08-21,2025-08-12,36,2027-02-21,Active,549,No,Connectivity Issue,Electrical Failure,Yes,Yes,Yes,Yes,Yes,Yes,Yes,No,No,0,N/A,Yes,Yes,Yes,No,No,No,Yes,Yes,Yes,1,808.05,0.0,0.845,Email,Manual Review
CLM01039,MANUAL_39_LOW_OCR_CONFIDENCE,CUS01039,PROD01039,Smartphone,HomePro,HOM-SMA-1039,SN-2026-001039,2023-04-24,2024-10-24,2024-10-21,36,2026-04-24,Active,547,No,Power Failure,Electrical Failure,Yes,Yes,Yes,No,Yes,Yes,No,Yes,Yes,3,Yes,No,N/A,Yes,Yes,No,No,No,Yes,Yes,3,1680.46,290.02,0.466,Mobile App,Manual Review
CLM01040,MANUAL_40_SERIAL_WARNING,CUS01040,PROD01040,Laptop,HomePro,HOM-LAP-1040,SN-2026-001040,2023-10-14,2024-10-14,2024-10-06,24,2025-10-14,Active,365,No,Connectivity Issue,Electrical Failure,Yes,Yes,Yes,Yes,Yes,Yes,Yes,No,No,0,N/A,Yes,Yes,Unknown,No,No,No,No,No,Yes,2,1521.88,0.0,0.873,Mobile App,Manual Review
CLM01041,MANUAL_41_UNCLEAR_REPAIR,CUS01041,PROD01041,Laptop,ZenCore,ZEN-LAP-1041,SN-2026-001041,2023-07-05,2024-01-05,2023-12-26,12,2024-07-05,Active,182,No,Power Failure,Manufacturing Defect,Yes,Yes,Yes,Yes,Yes,Yes,No,Yes,Yes,2,Unknown,No,N/A,Yes,Yes,No,No,No,No,Yes,0,1430.09,0.0,0.945,Email,Manual Review
CLM01042,MANUAL_42_INCOMPLETE_EVIDENCE,CUS01042,PROD01042,Television,ZenCore,ZEN-TEL-1042,SN-2026-001042,2025-06-05,2026-12-05,2026-11-27,36,2028-06-05,Active,548,No,Display Failure,Manufacturing Defect,Yes,Yes,Yes,Yes,Yes,Yes,No,Yes,No,0,N/A,Yes,Yes,Yes,Yes,No,No,No,No,Yes,1,1259.55,0.0,0.96,Web,Manual Review
CLM01043,MANUAL_43_MISSING_DOCUMENT,CUS01043,PROD01043,Refrigerator,Aster,AST-REF-1043,SN-2026-001043,2024-04-03,2025-10-03,2025-09-26,36,2027-04-03,Active,547,No,Power Failure,Electrical Failure,Yes,Yes,Yes,No,Yes,No,No,No,No,0,N/A,No,N/A,Yes,Yes,No,No,No,No,Yes,3,1358.21,0.0,0.768,Web,Manual Review
CLM01044,MANUAL_44_CONTRADICTION,CUS01044,PROD01044,Smartphone,PrimeView,PRI-SMA-1044,SN-2026-001044,2023-08-19,2024-02-19,2024-02-08,12,2024-08-19,Active,182,No,Power Failure,Electrical Failure,Yes,Yes,Yes,Yes,Yes,Yes,Yes,Yes,No,0,N/A,No,N/A,Yes,No,No,No,Yes,Yes,Yes,0,2225.22,0.0,0.755,Web,Manual Review
CLM01045,MANUAL_45_LOW_OCR_CONFIDENCE,CUS01045,PROD01045,Printer,PrimeView,PRI-PRI-1045,SN-2026-001045,2025-04-24,2026-10-24,2026-10-17,36,2028-04-24,Active,548,No,Noise,Manufacturing Defect,Yes,Yes,Yes,Yes,Yes,Yes,Yes,Yes,No,0,N/A,No,N/A,Yes,Yes,No,No,No,Yes,Yes,0,115.59,0.0,0.622,Email,Manual Review
CLM01046,MANUAL_46_SERIAL_WARNING,CUS01046,PROD01046,Smartphone,Aster,AST-SMA-1046,SN-2026-001046,2024-04-10,2025-04-10,2025-04-01,24,2026-04-10,Active,365,No,Water Leakage,Manufacturing Defect,Yes,Yes,Yes,No,Yes,Yes,No,No,No,0,N/A,No,N/A,Unknown,Yes,No,Yes,No,No,Yes,2,2733.47,0.0,0.802,Web,Manual Review
CLM01047,MANUAL_47_UNCLEAR_REPAIR,CUS01047,PROD01047,Printer,ZenCore,ZEN-PRI-1047,SN-2026-001047,2023-12-12,2024-06-12,2024-06-03,12,2024-12-12,Active,183,No,Battery Problem,Electrical Failure,Yes,Yes,Yes,Yes,Yes,Yes,Yes,Yes,Yes,1,Unknown,No,N/A,Yes,Yes,No,No,No,No,Yes,3,1075.17,0.0,0.862,Email,Manual Review
CLM01048,MANUAL_48_INCOMPLETE_EVIDENCE,CUS01048,PROD01048,Air Conditioner,Aster,AST-AIR-1048,SN-2026-001048,2025-03-07,2026-09-07,2026-08-27,36,2028-03-07,Active,547,No,Water Leakage,Electrical Failure,Yes,Yes,Yes,Yes,Yes,Yes,No,Yes,No,0,N/A,No,N/A,Yes,Yes,No,No,No,No,Yes,3,868.45,0.0,0.759,Web,Manual Review
CLM01049,MANUAL_49_MISSING_DOCUMENT,CUS01049,PROD01049,Laptop,PrimeView,PRI-LAP-1049,SN-2026-001049,2023-03-24,2024-09-24,2024-09-23,36,2026-03-24,Active,546,No,Connectivity Issue,Manufacturing Defect,Yes,Yes,Yes,Yes,Yes,Yes,No,No,No,0,N/A,No,N/A,Yes,Yes,No,No,No,No,Yes,2,2234.1,0.0,0.949,Mobile App,Manual Review
CLM01050,MANUAL_50_CONTRADICTION,CUS01050,PROD01050,Refrigerator,ZenCore,ZEN-REF-1050,SN-2026-001050,2024-04-03,2025-04-03,2025-03-26,24,2026-04-03,Active,365,No,Overheating,Manufacturing Defect,Yes,Yes,Yes,Yes,Yes,Yes,No,Yes,No,0,N/A,No,N/A,Yes,No,No,No,Yes,No,Yes,2,344.41,0.0,0.77,Mobile App,Manual Review
CLM01051,MANUAL_51_LOW_OCR_CONFIDENCE,CUS01051,PROD01051,Television,HomePro,HOM-TEL-1051,SN-2026-001051,2024-12-01,2025-06-01,2025-05-19,12,2025-12-01,Active,183,No,Noise,Manufacturing Defect,Yes,Yes,Yes,Yes,Yes,Yes,No,Yes,No,0,N/A,No,N/A,Yes,Yes,No,No,No,Yes,Yes,0,2143.39,0.0,0.592,Mobile App,Manual Review
CLM01052,MANUAL_52_SERIAL_WARNING,CUS01052,PROD01052,Camera,PrimeView,PRI-CAM-1052,SN-2026-001052,2026-01-21,2027-07-21,2027-07-13,36,2029-01-21,Active,550,No,Battery Problem,Electrical Failure,Yes,Yes,Yes,Yes,No,Yes,Yes,No,No,0,N/A,No,N/A,Unknown,Yes,No,No,No,No,Yes,3,2590.47,0.0,0.96,Web,Manual Review
CLM01053,MANUAL_53_UNCLEAR_REPAIR,CUS01053,PROD01053,Smartphone,Aster,AST-SMA-1053,SN-2026-001053,2025-10-17,2026-10-17,2026-10-11,24,2027-10-17,Active,365,No,Overheating,Manufacturing Defect,Yes,Yes,Yes,Yes,Yes,Yes,Yes,Yes,Yes,2,Unknown,No,N/A,Yes,Yes,No,No,No,No,Yes,2,2269.57,1211.51,0.913,Mobile App,Manual Review
CLM01054,MANUAL_54_INCOMPLETE_EVIDENCE,CUS01054,PROD01054,Air Conditioner,ZenCore,ZEN-AIR-1054,SN-2026-001054,2023-07-23,2024-01-23,2024-01-16,12,2024-07-23,Active,182,No,Noise,Electrical Failure,Yes,Yes,Yes,No,Yes,Yes,No,Yes,No,0,N/A,No,N/A,Yes,Yes,No,No,No,No,Yes,1,2891.85,0.0,0.926,Mobile App,Manual Review
CLM01055,MANUAL_55_MISSING_DOCUMENT,CUS01055,PROD01055,Printer,ZenCore,ZEN-PRI-1055,SN-2026-001055,2026-03-05,2027-09-05,2027-08-27,36,2029-03-05,Active,547,No,Connectivity Issue,Electrical Failure,Yes,Yes,Yes,Yes,Yes,No,No,No,No,0,N/A,Yes,Yes,Yes,Yes,No,No,No,No,Yes,0,505.77,0.0,0.963,Email,Manual Review
CLM01056,MANUAL_56_CONTRADICTION,CUS01056,PROD01056,Refrigerator,HomePro,HOM-REF-1056,SN-2026-001056,2026-01-02,2026-07-02,2026-06-23,12,2027-01-02,Active,184,No,Power Failure,Electrical Failure,Yes,Yes,Yes,Yes,Yes,Yes,Yes,Yes,Yes,2,No,No,N/A,Yes,No,No,No,Yes,Yes,Yes,2,2607.36,209.17,0.867,Email,Manual Review
CLM01057,MANUAL_57_LOW_OCR_CONFIDENCE,CUS01057,PROD01057,Printer,HomePro,HOM-PRI-1057,SN-2026-001057,2025-01-09,2025-07-09,2025-07-05,12,2026-01-09,Active,184,No,Battery Problem,Electrical Failure,Yes,Yes,Yes,Yes,Yes,No,Yes,Yes,No,0,N/A,No,N/A,Yes,Yes,No,No,No,Yes,Yes,3,667.78,0.0,0.48,Email,Manual Review
CLM01058,MANUAL_58_SERIAL_WARNING,CUS01058,PROD01058,Refrigerator,ZenCore,ZEN-REF-1058,SN-2026-001058,2026-02-09,2027-02-09,2027-01-27,24,2028-02-09,Active,365,No,Display Failure,Electrical Failure,Yes,Yes,No,Yes,Yes,Yes,Yes,Yes,No,0,N/A,No,N/A,Unknown,Yes,No,No,No,No,No,2,977.06,0.0,0.813,Web,Manual Review
CLM01059,MANUAL_59_UNCLEAR_REPAIR,CUS01059,PROD01059,Air Conditioner,Aster,AST-AIR-1059,SN-2026-001059,2023-07-17,2024-01-17,2024-01-12,12,2024-07-17,Active,182,No,Power Failure,Manufacturing Defect,Yes,Yes,Yes,Yes,Yes,Yes,No,No,Yes,1,Unknown,Yes,Yes,Yes,Yes,No,No,No,No,Yes,2,1858.03,0.0,0.839,Web,Manual Review
CLM01060,MANUAL_60_INCOMPLETE_EVIDENCE,CUS01060,PROD01060,Washing Machine,Aster,AST-WAS-1060,SN-2026-001060,2023-05-05,2024-05-05,2024-04-30,24,2025-05-05,Active,365,No,Mechanical Failure,Electrical Failure,Yes,Yes,Yes,No,Yes,Yes,No,Yes,No,0,N/A,No,N/A,Yes,Yes,No,No,No,No,Yes,0,1456.69,0.0,0.882,Service Center,Manual Review
CLM01061,MANUAL_61_MISSING_DOCUMENT,CUS01061,PROD01061,Air Conditioner,NovaTech,NOV-AIR-1061,SN-2026-001061,2025-07-16,2027-01-16,2027-01-09,36,2028-07-16,Active,547,Yes,Display Failure,Electrical Failure,Yes,Yes,Yes,Yes,Yes,No,No,No,No,0,N/A,No,N/A,Yes,Yes,No,No,Yes,No,Yes,0,1977.63,0.0,0.77,Web,Manual Review
CLM01062,MANUAL_62_CONTRADICTION,CUS01062,PROD01062,Smartphone,HomePro,HOM-SMA-1062,SN-2026-001062,2024-07-13,2026-01-13,2026-01-10,36,2027-07-13,Active,546,No,Noise,Manufacturing Defect,Yes,Yes,No,Yes,No,Yes,Yes,Yes,Yes,1,Yes,No,N/A,Yes,No,No,No,Yes,No,No,2,2401.78,292.97,0.812,Mobile App,Manual Review
CLM01063,MANUAL_63_LOW_OCR_CONFIDENCE,CUS01063,PROD01063,Printer,ZenCore,ZEN-PRI-1063,SN-2026-001063,2025-07-30,2026-01-30,2026-01-21,12,2026-07-30,Active,181,No,Display Failure,Manufacturing Defect,Yes,Yes,Yes,Yes,No,Yes,Yes,No,Yes,1,Yes,No,N/A,No,Yes,No,No,No,Yes,Yes,0,115.03,1289.86,0.593,Email,Manual Review
CLM01064,MANUAL_64_SERIAL_WARNING,CUS01064,PROD01064,Washing Machine,HomePro,HOM-WAS-1064,SN-2026-001064,2023-10-15,2025-04-15,2025-04-05,36,2026-10-15,Active,548,No,Overheating,Manufacturing Defect,Yes,Yes,Yes,Yes,Yes,Yes,Yes,No,No,0,N/A,No,N/A,Unknown,Yes,No,No,No,No,Yes,3,2016.97,0.0,0.947,Mobile App,Manual Review
CLM01065,MANUAL_65_UNCLEAR_REPAIR,CUS01065,PROD01065,Air Conditioner,PrimeView,PRI-AIR-1065,SN-2026-001065,2024-12-31,2026-06-30,2026-06-21,36,2027-12-31,Active,549,No,Noise,Manufacturing Defect,Yes,Yes,Yes,No,Yes,Yes,Yes,Yes,Yes,2,Unknown,No,N/A,Yes,Yes,No,No,No,No,Yes,1,2843.3,0.0,0.804,Web,Manual Review
CLM01066,MANUAL_66_INCOMPLETE_EVIDENCE,CUS01066,PROD01066,Air Conditioner,ZenCore,ZEN-AIR-1066,SN-2026-001066,2025-04-21,2025-10-21,2025-10-13,12,2026-04-21,Active,182,No,Battery Problem,Electrical Failure,Yes,Yes,Yes,Yes,Yes,Yes,No,No,No,0,N/A,Yes,Yes,Yes,Yes,No,No,No,No,Yes,1,244.34,0.0,0.82,Email,Manual Review
CLM01067,MANUAL_67_MISSING_DOCUMENT,CUS01067,PROD01067,Printer,PrimeView,PRI-PRI-1067,SN-2026-001067,2026-02-05,2027-02-05,2027-02-01,24,2028-02-05,Active,365,No,Mechanical Failure,Manufacturing Defect,Yes,Yes,Yes,No,Yes,No,No,No,No,0,N/A,No,N/A,Yes,Yes,No,No,No,No,Yes,1,1314.15,0.0,0.834,Email,Manual Review
CLM01068,MANUAL_68_CONTRADICTION,CUS01068,PROD01068,Camera,PrimeView,PRI-CAM-1068,SN-2026-001068,2025-12-16,2026-06-16,2026-06-06,12,2026-12-16,Active,183,No,Mechanical Failure,Electrical Failure,Yes,Yes,Yes,Yes,Yes,Yes,Yes,No,No,0,N/A,No,N/A,Yes,No,No,No,Yes,Yes,Yes,1,1562.78,0.0,0.757,Email,Manual Review
CLM01069,MANUAL_69_LOW_OCR_CONFIDENCE,CUS01069,PROD01069,Smartphone,HomePro,HOM-SMA-1069,SN-2026-001069,2025-06-08,2026-12-08,2026-12-06,36,2028-06-08,Active,548,No,Connectivity Issue,Electrical Failure,Yes,Yes,Yes,Yes,Yes,Yes,Yes,No,Yes,3,No,No,N/A,Yes,Yes,No,No,No,Yes,Yes,3,1711.86,238.75,0.511,Web,Manual Review
CLM01070,MANUAL_70_SERIAL_WARNING,CUS01070,PROD01070,Laptop,HomePro,HOM-LAP-1070,SN-2026-001070,2025-12-27,2026-06-27,2026-06-19,12,2026-12-27,Active,183,No,Connectivity Issue,Electrical Failure,Yes,Yes,Yes,No,Yes,Yes,Yes,Yes,No,0,N/A,No,N/A,Unknown,Yes,No,No,No,No,Yes,0,516.05,0.0,0.765,Service Center,Manual Review
CLM01071,MANUAL_71_UNCLEAR_REPAIR,CUS01071,PROD01071,Printer,ZenCore,ZEN-PRI-1071,SN-2026-001071,2024-07-30,2025-01-30,2025-01-21,12,2025-07-30,Active,181,No,Connectivity Issue,Electrical Failure,Yes,Yes,Yes,Yes,Yes,Yes,Yes,Yes,Yes,1,Unknown,No,N/A,Yes,Yes,No,No,No,No,Yes,0,1232.75,0.0,0.849,Web,Manual Review
CLM01072,MANUAL_72_INCOMPLETE_EVIDENCE,CUS01072,PROD01072,Air Conditioner,ZenCore,ZEN-AIR-1072,SN-2026-001072,2025-04-20,2026-10-20,2026-10-19,36,2028-04-20,Active,548,No,Battery Problem,Electrical Failure,Yes,Yes,Yes,Yes,Yes,Yes,No,Yes,No,0,N/A,No,N/A,Yes,Yes,No,No,No,No,Yes,1,1435.62,0.0,0.893,Web,Manual Review
CLM01073,MANUAL_73_MISSING_DOCUMENT,CUS01073,PROD01073,Printer,HomePro,HOM-PRI-1073,SN-2026-001073,2026-01-15,2027-07-15,2027-07-06,36,2029-01-15,Active,550,No,Water Leakage,Manufacturing Defect,Yes,Yes,Yes,No,Yes,No,Yes,No,No,0,N/A,No,N/A,Yes,Yes,No,No,No,No,Yes,0,2806.42,0.0,0.943,Web,Manual Review
CLM01074,MANUAL_74_CONTRADICTION,CUS01074,PROD01074,Laptop,HomePro,HOM-LAP-1074,SN-2026-001074,2023-04-21,2024-10-21,2024-10-10,36,2026-04-21,Active,547,No,Power Failure,Electrical Failure,Yes,Yes,Yes,Yes,Yes,No,Yes,Yes,Yes,1,No,No,N/A,Yes,No,No,No,Yes,No,Yes,2,2951.61,281.47,0.889,Mobile App,Manual Review
CLM01075,MANUAL_75_LOW_OCR_CONFIDENCE,CUS01075,PROD01075,Television,Aster,AST-TEL-1075,SN-2026-001075,2025-05-10,2026-05-10,2026-05-06,24,2027-05-10,Active,365,No,Display Failure,Electrical Failure,Yes,Yes,Yes,Yes,Yes,Yes,Yes,Yes,No,0,N/A,No,N/A,Yes,Yes,No,No,No,Yes,Yes,3,362.37,0.0,0.538,Mobile App,Manual Review
CLM01076,MANUAL_76_SERIAL_WARNING,CUS01076,PROD01076,Refrigerator,PrimeView,PRI-REF-1076,SN-2026-001076,2024-08-05,2025-02-05,2025-01-25,12,2025-08-05,Active,181,No,Noise,Manufacturing Defect,Yes,Yes,Yes,Yes,Yes,Yes,Yes,No,No,0,N/A,No,N/A,Unknown,Yes,No,No,No,No,Yes,0,1768.62,0.0,0.826,Web,Manual Review
CLM01077,MANUAL_77_UNCLEAR_REPAIR,CUS01077,PROD01077,Printer,ZenCore,ZEN-PRI-1077,SN-2026-001077,2026-03-25,2026-09-25,2026-09-18,12,2027-03-25,Active,181,No,Display Failure,Manufacturing Defect,Yes,Yes,Yes,Yes,Yes,Yes,Yes,Yes,Yes,2,Unknown,No,N/A,Yes,Yes,No,No,Yes,No,Yes,1,1395.4,0.0,0.836,Web,Manual Review
CLM01078,MANUAL_78_INCOMPLETE_EVIDENCE,CUS01078,PROD01078,Washing Machine,Aster,AST-WAS-1078,SN-2026-001078,2024-05-18,2025-11-18,2025-11-07,36,2027-05-18,Active,546,No,Mechanical Failure,Electrical Failure,Yes,Yes,Yes,Yes,Yes,Yes,No,No,No,0,N/A,No,N/A,Yes,Yes,No,No,No,No,Yes,0,2656.72,0.0,0.778,Service Center,Manual Review
CLM01079,MANUAL_79_MISSING_DOCUMENT,CUS01079,PROD01079,Laptop,ZenCore,ZEN-LAP-1079,SN-2026-001079,2025-05-21,2026-05-21,2026-05-20,24,2027-05-21,Active,365,No,Noise,Electrical Failure,Yes,Yes,Yes,Yes,Yes,No,No,No,No,0,N/A,No,N/A,Yes,Yes,No,No,No,No,Yes,0,2839.71,0.0,0.827,Web,Manual Review
CLM01080,MANUAL_80_CONTRADICTION,CUS01080,PROD01080,Refrigerator,HomePro,HOM-REF-1080,SN-2026-001080,2024-11-24,2025-05-24,2025-05-13,12,2025-11-24,Active,184,No,Power Failure,Manufacturing Defect,Yes,Yes,Yes,No,Yes,Yes,Yes,Yes,No,0,N/A,No,N/A,Yes,No,No,No,Yes,No,Yes,1,1792.51,0.0,0.804,Mobile App,Manual Review
CLM01081,MANUAL_81_LOW_OCR_CONFIDENCE,CUS01081,PROD01081,Camera,Aster,AST-CAM-1081,SN-2026-001081,2025-08-08,2027-02-08,2027-02-04,36,2028-08-08,Active,547,No,Connectivity Issue,Manufacturing Defect,Yes,Yes,Yes,Yes,Yes,Yes,No,No,No,0,N/A,No,N/A,Yes,Yes,No,No,No,Yes,Yes,1,335.37,0.0,0.591,Service Center,Manual Review
CLM01082,MANUAL_82_SERIAL_WARNING,CUS01082,PROD01082,Refrigerator,PrimeView,PRI-REF-1082,SN-2026-001082,2025-11-08,2027-05-08,2027-05-04,36,2028-11-08,Active,550,No,Connectivity Issue,Manufacturing Defect,Yes,Yes,Yes,Yes,No,Yes,Yes,Yes,No,0,N/A,Yes,Yes,Unknown,Yes,No,No,No,No,Yes,0,169.75,0.0,0.862,Service Center,Manual Review
CLM01083,MANUAL_83_UNCLEAR_REPAIR,CUS01083,PROD01083,Printer,PrimeView,PRI-PRI-1083,SN-2026-001083,2026-03-18,2027-09-18,2027-09-07,36,2029-03-18,Active,547,Yes,Overheating,Manufacturing Defect,Yes,Yes,No,No,Yes,Yes,Yes,No,Yes,2,Unknown,No,N/A,Yes,Yes,No,No,No,No,No,2,202.6,0.0,0.785,Email,Manual Review
CLM01084,MANUAL_84_INCOMPLETE_EVIDENCE,CUS01084,PROD01084,Printer,PrimeView,PRI-PRI-1084,SN-2026-001084,2024-12-17,2026-06-17,2026-06-15,36,2027-12-17,Active,548,No,Connectivity Issue,Electrical Failure,Yes,Yes,Yes,Yes,Yes,Yes,No,Yes,No,0,N/A,No,N/A,Yes,Yes,No,No,No,No,Yes,0,1952.94,0.0,0.956,Service Center,Manual Review
CLM01085,MANUAL_85_MISSING_DOCUMENT,CUS01085,PROD01085,Air Conditioner,Aster,AST-AIR-1085,SN-2026-001085,2024-01-11,2025-01-11,2025-01-01,24,2026-01-11,Active,365,Yes,Mechanical Failure,Manufacturing Defect,Yes,Yes,Yes,No,Yes,No,No,No,No,0,N/A,No,N/A,Yes,Yes,No,No,No,No,Yes,1,2541.07,0.0,0.767,Web,Manual Review
CLM01086,MANUAL_86_CONTRADICTION,CUS01086,PROD01086,Refrigerator,Aster,AST-REF-1086,SN-2026-001086,2025-10-24,2027-04-24,2027-04-14,36,2028-10-24,Active,549,No,Display Failure,Manufacturing Defect,Yes,Yes,Yes,No,Yes,Yes,Yes,No,Yes,3,Yes,Yes,Yes,Yes,No,No,No,Yes,No,Yes,0,222.67,819.84,0.886,Web,Manual Review
CLM01087,MANUAL_87_LOW_OCR_CONFIDENCE,CUS01087,PROD01087,Television,Aster,AST-TEL-1087,SN-2026-001087,2024-03-09,2024-09-09,2024-08-31,12,2025-03-09,Active,181,No,Connectivity Issue,Electrical Failure,Yes,Yes,Yes,Yes,Yes,Yes,Yes,No,Yes,3,Yes,Yes,Yes,Yes,Yes,No,No,No,Yes,Yes,3,1072.58,918.57,0.456,Web,Manual Review
CLM01088,MANUAL_88_SERIAL_WARNING,CUS01088,PROD01088,Air Conditioner,ZenCore,ZEN-AIR-1088,SN-2026-001088,2024-12-06,2026-06-06,2026-06-03,36,2027-12-06,Active,548,Yes,Display Failure,Manufacturing Defect,Yes,Yes,Yes,Yes,Yes,Yes,Yes,Yes,No,0,N/A,No,N/A,Unknown,Yes,No,Yes,No,No,Yes,2,172.34,0.0,0.773,Email,Manual Review
CLM01089,MANUAL_89_UNCLEAR_REPAIR,CUS01089,PROD01089,Television,NovaTech,NOV-TEL-1089,SN-2026-001089,2023-04-06,2024-10-06,2024-09-29,36,2026-04-06,Active,547,No,Water Leakage,Electrical Failure,Yes,Yes,Yes,Yes,Yes,No,Yes,Yes,Yes,1,Unknown,Yes,Yes,Yes,Yes,Yes,No,No,No,Yes,3,887.68,0.0,0.767,Email,Manual Review
CLM01090,MANUAL_90_INCOMPLETE_EVIDENCE,CUS01090,PROD01090,Refrigerator,Aster,AST-REF-1090,SN-2026-001090,2025-04-14,2026-10-14,2026-10-01,36,2028-04-14,Active,548,Yes,Power Failure,Manufacturing Defect,Yes,Yes,Yes,Yes,Yes,Yes,No,Yes,No,0,N/A,No,N/A,Yes,Yes,No,No,No,No,Yes,1,1582.65,0.0,0.954,Mobile App,Manual Review
CLM01091,MANUAL_91_MISSING_DOCUMENT,CUS01091,PROD01091,Refrigerator,Aster,AST-REF-1091,SN-2026-001091,2026-01-15,2027-01-15,2027-01-08,24,2028-01-15,Active,365,No,Connectivity Issue,Manufacturing Defect,Yes,Yes,Yes,No,Yes,No,No,No,No,0,N/A,No,N/A,Yes,Yes,No,No,No,No,Yes,3,2824.67,0.0,0.808,Email,Manual Review
CLM01092,MANUAL_92_CONTRADICTION,CUS01092,PROD01092,Smartphone,HomePro,HOM-SMA-1092,SN-2026-001092,2025-02-27,2026-08-27,2026-08-24,36,2028-02-27,Active,549,No,Display Failure,Electrical Failure,Yes,Yes,Yes,Yes,Yes,Yes,Yes,Yes,Yes,1,Yes,No,N/A,Yes,No,No,No,Yes,Yes,Yes,3,2725.22,1150.45,0.977,Mobile App,Manual Review
CLM01093,MANUAL_93_LOW_OCR_CONFIDENCE,CUS01093,PROD01093,Camera,HomePro,HOM-CAM-1093,SN-2026-001093,2023-10-15,2024-10-15,2024-10-12,24,2025-10-15,Active,365,No,Water Leakage,Manufacturing Defect,Yes,Yes,Yes,No,No,Yes,Yes,Yes,No,0,N/A,Yes,Yes,No,Yes,No,No,No,Yes,Yes,3,1681.08,0.0,0.578,Service Center,Manual Review
CLM01094,MANUAL_94_SERIAL_WARNING,CUS01094,PROD01094,Printer,NovaTech,NOV-PRI-1094,SN-2026-001094,2023-11-06,2024-11-06,2024-10-28,24,2025-11-06,Active,365,No,Overheating,Electrical Failure,Yes,Yes,Yes,Yes,Yes,Yes,Yes,Yes,No,0,N/A,No,N/A,Unknown,Yes,No,No,No,No,Yes,2,1510.86,0.0,0.82,Email,Manual Review
CLM01095,MANUAL_95_UNCLEAR_REPAIR,CUS01095,PROD01095,Camera,Aster,AST-CAM-1095,SN-2026-001095,2025-11-05,2027-05-05,2027-04-27,36,2028-11-05,Active,550,Yes,Water Leakage,Electrical Failure,Yes,Yes,Yes,Yes,Yes,Yes,Yes,No,Yes,1,Unknown,No,N/A,Yes,Yes,No,No,No,No,Yes,1,1512.26,516.48,0.878,Mobile App,Manual Review
CLM01096,MANUAL_96_INCOMPLETE_EVIDENCE,CUS01096,PROD01096,Air Conditioner,PrimeView,PRI-AIR-1096,SN-2026-001096,2024-07-28,2026-01-28,2026-01-25,36,2027-07-28,Active,546,No,Battery Problem,Electrical Failure,Yes,Yes,Yes,Yes,Yes,Yes,No,Yes,No,0,N/A,No,N/A,Yes,Yes,No,No,No,No,Yes,0,2152.02,0.0,0.89,Service Center,Manual Review
CLM01097,MANUAL_97_MISSING_DOCUMENT,CUS01097,PROD01097,Air Conditioner,PrimeView,PRI-AIR-1097,SN-2026-001097,2025-04-02,2025-10-02,2025-09-26,12,2026-04-02,Active,182,No,Battery Problem,Electrical Failure,Yes,Yes,Yes,No,Yes,Yes,No,No,No,0,N/A,Yes,Yes,Yes,Yes,No,No,No,No,Yes,1,838.32,0.0,0.873,Mobile App,Manual Review
CLM01098,MANUAL_98_CONTRADICTION,CUS01098,PROD01098,Washing Machine,Aster,AST-WAS-1098,SN-2026-001098,2025-05-26,2026-05-26,2026-05-12,24,2027-05-26,Active,365,No,Battery Problem,Electrical Failure,Yes,Yes,Yes,No,Yes,Yes,Yes,No,No,0,N/A,No,N/A,Yes,No,No,No,Yes,No,Yes,1,2275.81,0.0,0.933,Mobile App,Manual Review
CLM01099,MANUAL_99_LOW_OCR_CONFIDENCE,CUS01099,PROD01099,Television,NovaTech,NOV-TEL-1099,SN-2026-001099,2023-01-23,2024-01-23,2024-01-22,24,2025-01-23,Active,366,No,Power Failure,Manufacturing Defect,Yes,Yes,Yes,Yes,Yes,Yes,Yes,Yes,No,0,N/A,No,N/A,Yes,Yes,No,No,No,Yes,Yes,0,2887.07,0.0,0.683,Service Center,Manual Review
CLM01100,MANUAL_100_SERIAL_WARNING,CUS01100,PROD01100,Washing Machine,HomePro,HOM-WAS-1100,SN-2026-001100,2025-08-12,2026-02-12,2026-02-07,12,2026-08-12,Active,181,No,Noise,Manufacturing Defect,Yes,Yes,Yes,Yes,Yes,Yes,Yes,No,No,0,N/A,No,N/A,Unknown,Yes,No,No,No,No,Yes,0,1004.64,0.0,0.98,Web,Manual Review
CLM01101,MANUAL_101_UNCLEAR_REPAIR,CUS01101,PROD01101,Washing Machine,HomePro,HOM-WAS-1101,SN-2026-001101,2023-12-10,2025-06-10,2025-06-02,36,2026-12-10,Active,548,No,Connectivity Issue,Manufacturing Defect,Yes,Yes,Yes,Yes,Yes,Yes,Yes,Yes,Yes,1,Unknown,No,N/A,Yes,Yes,No,Yes,No,No,Yes,2,2554.78,286.29,0.911,Mobile App,Manual Review
CLM01102,MANUAL_102_INCOMPLETE_EVIDENCE,CUS01102,PROD01102,Smartphone,PrimeView,PRI-SMA-1102,SN-2026-001102,2023-08-16,2025-02-16,2025-02-13,36,2026-08-16,Active,546,No,Battery Problem,Manufacturing Defect,Yes,Yes,Yes,Yes,Yes,Yes,No,No,No,0,N/A,No,N/A,Yes,Yes,No,No,No,No,Yes,1,2621.12,0.0,0.845,Email,Manual Review
CLM01103,MANUAL_103_MISSING_DOCUMENT,CUS01103,PROD01103,Television,ZenCore,ZEN-TEL-1103,SN-2026-001103,2025-10-10,2027-04-10,2027-03-29,36,2028-10-10,Active,549,No,Display Failure,Manufacturing Defect,Yes,Yes,Yes,No,Yes,No,Yes,No,No,0,N/A,No,N/A,Yes,Yes,No,No,No,No,Yes,2,1034.75,0.0,0.792,Service Center,Manual Review
CLM01104,MANUAL_104_CONTRADICTION,CUS01104,PROD01104,Television,HomePro,HOM-TEL-1104,SN-2026-001104,2024-10-14,2025-04-14,2025-04-09,12,2025-10-14,Active,183,No,Battery Problem,Manufacturing Defect,Yes,Yes,Yes,Yes,Yes,No,Yes,Yes,No,0,N/A,No,N/A,Yes,No,No,No,Yes,No,Yes,3,2150.83,0.0,0.763,Mobile App,Manual Review
CLM01105,MANUAL_105_LOW_OCR_CONFIDENCE,CUS01105,PROD01105,Smartphone,PrimeView,PRI-SMA-1105,SN-2026-001105,2023-12-05,2024-12-05,2024-11-29,24,2025-12-05,Active,365,No,Connectivity Issue,Electrical Failure,Yes,Yes,Yes,Yes,Yes,Yes,No,Yes,No,0,N/A,No,N/A,Yes,Yes,No,No,No,Yes,Yes,0,2216.69,0.0,0.533,Web,Manual Review
CLM01106,MANUAL_106_SERIAL_WARNING,CUS01106,PROD01106,Television,ZenCore,ZEN-TEL-1106,SN-2026-001106,2023-10-31,2024-04-30,2024-04-26,12,2024-10-31,Active,184,No,Water Leakage,Electrical Failure,Yes,Yes,Yes,Yes,Yes,Yes,Yes,Yes,No,0,N/A,No,N/A,Unknown,Yes,No,No,No,No,Yes,3,458.7,0.0,0.91,Web,Manual Review
CLM01107,MANUAL_107_UNCLEAR_REPAIR,CUS01107,PROD01107,Laptop,ZenCore,ZEN-LAP-1107,SN-2026-001107,2023-10-30,2025-04-30,2025-04-21,36,2026-10-30,Active,548,Yes,Connectivity Issue,Manufacturing Defect,Yes,Yes,Yes,Yes,No,Yes,Yes,Yes,Yes,1,Unknown,No,N/A,Yes,Yes,No,No,No,No,Yes,2,2335.35,1208.1,0.926,Mobile App,Manual Review
CLM01108,MANUAL_108_INCOMPLETE_EVIDENCE,CUS01108,PROD01108,Television,PrimeView,PRI-TEL-1108,SN-2026-001108,2024-02-12,2025-08-12,2025-08-10,36,2027-02-12,Active,549,Yes,Power Failure,Electrical Failure,Yes,Yes,No,Yes,Yes,Yes,No,Yes,No,0,N/A,No,N/A,Yes,Yes,No,No,No,No,No,2,2359.71,0.0,0.796,Mobile App,Manual Review
CLM01109,MANUAL_109_MISSING_DOCUMENT,CUS01109,PROD01109,Printer,NovaTech,NOV-PRI-1109,SN-2026-001109,2023-03-28,2024-03-28,2024-03-16,24,2025-03-28,Active,365,No,Noise,Electrical Failure,Yes,Yes,Yes,Yes,Yes,Yes,No,No,No,0,N/A,No,N/A,Yes,Yes,No,No,No,No,Yes,1,97.76,0.0,0.85,Service Center,Manual Review
CLM01110,MANUAL_110_CONTRADICTION,CUS01110,PROD01110,Refrigerator,NovaTech,NOV-REF-1110,SN-2026-001110,2025-06-30,2025-12-30,2025-12-24,12,2026-06-30,Active,182,No,Power Failure,Electrical Failure,Yes,Yes,Yes,Yes,Yes,Yes,No,Yes,No,0,N/A,No,N/A,Yes,No,No,No,Yes,No,Yes,0,2152.71,0.0,0.898,Email,Manual Review
CLM01111,MANUAL_111_LOW_OCR_CONFIDENCE,CUS01111,PROD01111,Air Conditioner,PrimeView,PRI-AIR-1111,SN-2026-001111,2025-04-20,2026-10-20,2026-10-14,36,2028-04-20,Active,548,No,Connectivity Issue,Manufacturing Defect,Yes,Yes,Yes,Yes,Yes,Yes,Yes,No,No,0,N/A,No,N/A,Yes,Yes,No,No,No,Yes,Yes,3,1391.09,0.0,0.648,Mobile App,Manual Review
CLM01112,MANUAL_112_SERIAL_WARNING,CUS01112,PROD01112,Washing Machine,HomePro,HOM-WAS-1112,SN-2026-001112,2025-04-08,2026-04-08,2026-03-29,24,2027-04-08,Active,365,No,Overheating,Manufacturing Defect,Yes,Yes,Yes,Yes,Yes,Yes,No,Yes,No,0,N/A,No,N/A,Unknown,Yes,No,No,No,No,Yes,0,1453.48,0.0,0.874,Web,Manual Review
CLM01113,MANUAL_113_UNCLEAR_REPAIR,CUS01113,PROD01113,Laptop,Aster,AST-LAP-1113,SN-2026-001113,2023-06-13,2024-06-13,2024-06-08,24,2025-06-13,Active,365,No,Battery Problem,Manufacturing Defect,Yes,Yes,No,No,Yes,Yes,Yes,No,Yes,1,Unknown,No,N/A,Yes,Yes,No,No,No,No,No,1,139.44,1314.49,0.952,Web,Manual Review
CLM01114,MANUAL_114_INCOMPLETE_EVIDENCE,CUS01114,PROD01114,Smartphone,Aster,AST-SMA-1114,SN-2026-001114,2025-09-22,2026-03-22,2026-03-10,12,2026-09-22,Active,184,No,Power Failure,Electrical Failure,Yes,Yes,Yes,No,Yes,Yes,No,Yes,Yes,3,Yes,No,N/A,Yes,Yes,No,No,No,No,Yes,0,875.61,160.4,0.818,Service Center,Manual Review
CLM01115,MANUAL_115_MISSING_DOCUMENT,CUS01115,PROD01115,Television,PrimeView,PRI-TEL-1115,SN-2026-001115,2024-04-01,2025-10-01,2025-09-19,36,2027-04-01,Active,547,No,Connectivity Issue,Manufacturing Defect,Yes,Yes,Yes,Yes,Yes,Yes,Yes,No,No,0,N/A,No,N/A,Yes,Yes,No,No,No,No,Yes,3,1925.23,0.0,0.768,Mobile App,Manual Review
CLM01116,MANUAL_116_CONTRADICTION,CUS01116,PROD01116,Television,ZenCore,ZEN-TEL-1116,SN-2026-001116,2024-06-28,2024-12-28,2024-12-27,12,2025-06-28,Active,182,Yes,Battery Problem,Manufacturing Defect,Yes,Yes,Yes,Yes,Yes,Yes,No,Yes,No,0,N/A,Yes,Yes,Yes,No,No,No,Yes,No,Yes,2,449.3,0.0,0.926,Mobile App,Manual Review
CLM01117,MANUAL_117_LOW_OCR_CONFIDENCE,CUS01117,PROD01117,Printer,PrimeView,PRI-PRI-1117,SN-2026-001117,2024-07-14,2025-01-14,2025-01-02,12,2025-07-14,Active,181,No,Battery Problem,Electrical Failure,Yes,Yes,Yes,Yes,Yes,Yes,Yes,Yes,Yes,3,Yes,No,N/A,Yes,Yes,No,No,No,Yes,Yes,0,875.36,136.92,0.537,Mobile App,Manual Review
CLM01118,MANUAL_118_SERIAL_WARNING,CUS01118,PROD01118,Refrigerator,ZenCore,ZEN-REF-1118,SN-2026-001118,2025-09-05,2026-09-05,2026-08-25,24,2027-09-05,Active,365,No,Power Failure,Manufacturing Defect,Yes,Yes,Yes,Yes,Yes,Yes,No,Yes,No,0,N/A,No,N/A,Unknown,Yes,No,No,No,No,Yes,0,1965.71,0.0,0.904,Service Center,Manual Review
CLM01119,MANUAL_119_UNCLEAR_REPAIR,CUS01119,PROD01119,Air Conditioner,HomePro,HOM-AIR-1119,SN-2026-001119,2025-11-02,2026-11-02,2026-10-22,24,2027-11-02,Active,365,No,Power Failure,Manufacturing Defect,Yes,Yes,Yes,Yes,Yes,Yes,Yes,Yes,Yes,2,Unknown,No,N/A,Yes,Yes,No,No,No,No,Yes,2,2551.66,0.0,0.765,Mobile App,Manual Review
CLM01120,MANUAL_120_INCOMPLETE_EVIDENCE,CUS01120,PROD01120,Television,ZenCore,ZEN-TEL-1120,SN-2026-001120,2024-09-06,2025-03-06,2025-02-26,12,2025-09-06,Active,184,No,Power Failure,Electrical Failure,Yes,Yes,Yes,No,Yes,Yes,No,No,No,0,N/A,No,N/A,Yes,Yes,No,No,No,No,Yes,2,808.65,0.0,0.825,Mobile App,Manual Review
CLM01121,MANUAL_121_MISSING_DOCUMENT,CUS01121,PROD01121,Printer,HomePro,HOM-PRI-1121,SN-2026-001121,2023-04-12,2024-10-12,2024-10-03,36,2026-04-12,Active,547,Yes,Water Leakage,Manufacturing Defect,Yes,Yes,Yes,Yes,Yes,No,Yes,No,No,0,N/A,Yes,Yes,Yes,Yes,No,No,No,No,Yes,0,2479.72,0.0,0.776,Service Center,Manual Review
CLM01122,MANUAL_122_CONTRADICTION,CUS01122,PROD01122,Laptop,HomePro,HOM-LAP-1122,SN-2026-001122,2024-06-03,2024-12-03,2024-11-23,12,2025-06-03,Active,182,No,Power Failure,Electrical Failure,Yes,Yes,Yes,Yes,Yes,Yes,Yes,Yes,No,0,N/A,No,N/A,Yes,No,No,No,Yes,Yes,Yes,0,1527.0,0.0,0.95,Web,Manual Review
CLM01123,MANUAL_123_LOW_OCR_CONFIDENCE,CUS01123,PROD01123,Refrigerator,NovaTech,NOV-REF-1123,SN-2026-001123,2025-08-02,2026-02-02,2026-01-28,12,2026-08-02,Active,181,No,Connectivity Issue,Manufacturing Defect,Yes,Yes,Yes,Yes,Yes,Yes,No,Yes,No,0,N/A,No,N/A,Yes,Yes,No,No,No,Yes,Yes,1,957.23,0.0,0.517,Web,Manual Review
CLM01124,MANUAL_124_SERIAL_WARNING,CUS01124,PROD01124,Washing Machine,PrimeView,PRI-WAS-1124,SN-2026-001124,2024-06-27,2025-06-27,2025-06-19,24,2026-06-27,Active,365,No,Water Leakage,Electrical Failure,Yes,Yes,Yes,Yes,Yes,Yes,Yes,Yes,No,0,N/A,No,N/A,Unknown,Yes,No,No,No,No,Yes,2,1281.84,0.0,0.973,Web,Manual Review
CLM01125,MANUAL_125_UNCLEAR_REPAIR,CUS01125,PROD01125,Air Conditioner,PrimeView,PRI-AIR-1125,SN-2026-001125,2025-06-18,2026-06-18,2026-06-13,24,2027-06-18,Active,365,No,Power Failure,Manufacturing Defect,Yes,Yes,Yes,No,No,No,Yes,No,Yes,1,Unknown,No,N/A,Yes,Yes,No,No,No,No,Yes,0,2931.33,0.0,0.886,Service Center,Manual Review
CLM01126,MANUAL_126_INCOMPLETE_EVIDENCE,CUS01126,PROD01126,Camera,PrimeView,PRI-CAM-1126,SN-2026-001126,2023-03-12,2023-09-12,2023-09-11,12,2024-03-12,Active,182,No,Noise,Manufacturing Defect,Yes,Yes,Yes,Yes,Yes,Yes,No,Yes,No,0,N/A,No,N/A,Yes,Yes,No,No,No,No,Yes,1,2750.65,0.0,0.78,Email,Manual Review
CLM01127,MANUAL_127_MISSING_DOCUMENT,CUS01127,PROD01127,Refrigerator,NovaTech,NOV-REF-1127,SN-2026-001127,2024-02-24,2025-08-24,2025-08-13,36,2027-02-24,Active,549,No,Water Leakage,Electrical Failure,Yes,Yes,Yes,No,Yes,Yes,No,No,Yes,3,Yes,No,N/A,Yes,Yes,No,No,No,No,Yes,1,1463.58,1090.31,0.853,Mobile App,Manual Review
CLM01128,MANUAL_128_CONTRADICTION,CUS01128,PROD01128,Refrigerator,NovaTech,NOV-REF-1128,SN-2026-001128,2024-11-15,2025-05-15,2025-05-11,12,2025-11-15,Active,184,No,Battery Problem,Electrical Failure,Yes,Yes,Yes,Yes,Yes,Yes,Yes,Yes,No,0,N/A,No,N/A,Yes,No,No,No,Yes,Yes,Yes,2,2353.13,0.0,0.756,Web,Manual Review
CLM01129,MANUAL_129_LOW_OCR_CONFIDENCE,CUS01129,PROD01129,Printer,NovaTech,NOV-PRI-1129,SN-2026-001129,2025-08-15,2026-02-15,2026-02-07,12,2026-08-15,Active,181,No,Overheating,Manufacturing Defect,Yes,Yes,Yes,No,Yes,Yes,Yes,Yes,No,0,N/A,No,N/A,Yes,Yes,No,No,No,Yes,Yes,0,157.61,0.0,0.656,Web,Manual Review
CLM01130,MANUAL_130_SERIAL_WARNING,CUS01130,PROD01130,Television,NovaTech,NOV-TEL-1130,SN-2026-001130,2025-01-31,2026-01-31,2026-01-17,24,2027-01-31,Active,365,No,Water Leakage,Manufacturing Defect,Yes,Yes,Yes,Yes,Yes,Yes,Yes,Yes,No,0,N/A,No,N/A,Unknown,Yes,No,No,No,No,Yes,1,2462.14,0.0,0.842,Mobile App,Manual Review
CLM01131,MANUAL_131_UNCLEAR_REPAIR,CUS01131,PROD01131,Refrigerator,ZenCore,ZEN-REF-1131,SN-2026-001131,2023-09-23,2024-03-23,2024-03-19,12,2024-09-23,Active,184,No,Noise,Manufacturing Defect,Yes,Yes,Yes,Yes,Yes,Yes,Yes,No,Yes,2,Unknown,Yes,No,Yes,Yes,No,No,No,No,Yes,1,2533.64,110.23,0.888,Mobile App,Manual Review
CLM01132,MANUAL_132_INCOMPLETE_EVIDENCE,CUS01132,PROD01132,Washing Machine,PrimeView,PRI-WAS-1132,SN-2026-001132,2025-03-11,2026-03-11,2026-03-01,24,2027-03-11,Active,365,No,Water Leakage,Electrical Failure,Yes,Yes,Yes,Yes,Yes,Yes,No,Yes,No,0,N/A,No,N/A,Yes,Yes,No,No,No,No,Yes,1,1346.73,0.0,0.761,Web,Manual Review
CLM01133,MANUAL_133_MISSING_DOCUMENT,CUS01133,PROD01133,Camera,NovaTech,NOV-CAM-1133,SN-2026-001133,2023-12-09,2024-12-09,2024-11-28,24,2025-12-09,Active,365,No,Power Failure,Electrical Failure,Yes,Yes,Yes,Yes,Yes,No,Yes,No,Yes,3,Yes,No,N/A,Yes,Yes,No,No,Yes,No,Yes,1,2606.2,989.38,0.777,Email,Manual Review
CLM01134,MANUAL_134_CONTRADICTION,CUS01134,PROD01134,Television,PrimeView,PRI-TEL-1134,SN-2026-001134,2025-04-11,2026-04-11,2026-03-29,24,2027-04-11,Active,365,No,Display Failure,Manufacturing Defect,Yes,Yes,Yes,Yes,Yes,No,Yes,No,No,0,N/A,No,N/A,Yes,No,No,No,Yes,No,Yes,0,2928.08,0.0,0.766,Email,Manual Review
CLM01135,MANUAL_135_LOW_OCR_CONFIDENCE,CUS01135,PROD01135,Television,NovaTech,NOV-TEL-1135,SN-2026-001135,2025-09-19,2027-03-19,2027-03-13,36,2028-09-19,Active,550,Yes,Battery Problem,Electrical Failure,Yes,Yes,Yes,Yes,Yes,Yes,Yes,No,No,0,N/A,Yes,Yes,Yes,Yes,No,No,No,Yes,Yes,0,280.83,0.0,0.495,Service Center,Manual Review
CLM01136,MANUAL_136_SERIAL_WARNING,CUS01136,PROD01136,Smartphone,HomePro,HOM-SMA-1136,SN-2026-001136,2023-04-29,2023-10-29,2023-10-24,12,2024-04-29,Active,183,No,Mechanical Failure,Manufacturing Defect,Yes,Yes,Yes,No,Yes,Yes,Yes,Yes,No,0,N/A,No,N/A,Unknown,Yes,No,No,No,No,Yes,1,1676.95,0.0,0.951,Mobile App,Manual Review
CLM01137,MANUAL_137_UNCLEAR_REPAIR,CUS01137,PROD01137,Smartphone,HomePro,HOM-SMA-1137,SN-2026-001137,2024-02-22,2024-08-22,2024-08-18,12,2025-02-22,Active,184,No,Battery Problem,Electrical Failure,Yes,Yes,Yes,Yes,Yes,No,No,No,Yes,1,Unknown,No,N/A,Yes,Yes,No,No,No,No,Yes,0,2837.77,0.0,0.883,Email,Manual Review
CLM01138,MANUAL_138_INCOMPLETE_EVIDENCE,CUS01138,PROD01138,Smartphone,Aster,AST-SMA-1138,SN-2026-001138,2025-03-07,2026-09-07,2026-08-27,36,2028-03-07,Active,547,No,Water Leakage,Electrical Failure,Yes,Yes,Yes,Yes,Yes,Yes,No,No,No,0,N/A,No,N/A,Yes,Yes,No,No,No,No,Yes,0,917.38,0.0,0.893,Email,Manual Review
CLM01139,MANUAL_139_MISSING_DOCUMENT,CUS01139,PROD01139,Camera,ZenCore,ZEN-CAM-1139,SN-2026-001139,2024-03-02,2025-09-02,2025-08-28,36,2027-03-02,Active,546,No,Noise,Manufacturing Defect,Yes,Yes,Yes,No,Yes,Yes,Yes,No,No,0,N/A,No,N/A,Yes,Yes,No,No,No,No,Yes,1,323.32,0.0,0.757,Email,Manual Review
CLM01140,MANUAL_140_CONTRADICTION,CUS01140,PROD01140,Air Conditioner,ZenCore,ZEN-AIR-1140,SN-2026-001140,2025-06-20,2025-12-20,2025-12-15,12,2026-06-20,Active,182,No,Display Failure,Electrical Failure,Yes,Yes,Yes,Yes,No,Yes,Yes,No,No,0,N/A,No,N/A,Yes,No,Yes,Yes,Yes,No,Yes,2,2499.29,0.0,0.941,Web,Manual Review
CLM01141,MANUAL_141_LOW_OCR_CONFIDENCE,CUS01141,PROD01141,Washing Machine,HomePro,HOM-WAS-1141,SN-2026-001141,2026-01-30,2027-07-30,2027-07-16,36,2029-01-30,Active,550,No,Connectivity Issue,Manufacturing Defect,Yes,Yes,Yes,Yes,Yes,Yes,Yes,Yes,No,0,N/A,No,N/A,Yes,Yes,No,No,No,Yes,Yes,1,2937.08,0.0,0.601,Web,Manual Review
CLM01142,MANUAL_142_SERIAL_WARNING,CUS01142,PROD01142,Refrigerator,NovaTech,NOV-REF-1142,SN-2026-001142,2025-03-19,2026-09-19,2026-09-09,36,2028-03-19,Active,547,No,Display Failure,Manufacturing Defect,Yes,Yes,Yes,Yes,Yes,Yes,No,Yes,No,0,N/A,No,N/A,Unknown,Yes,No,No,No,No,Yes,3,718.09,0.0,0.753,Mobile App,Manual Review
CLM01143,MANUAL_143_UNCLEAR_REPAIR,CUS01143,PROD01143,Smartphone,NovaTech,NOV-SMA-1143,SN-2026-001143,2025-07-12,2026-07-12,2026-07-06,24,2027-07-12,Active,365,No,Battery Problem,Manufacturing Defect,Yes,Yes,Yes,Yes,Yes,Yes,Yes,No,Yes,2,Unknown,No,N/A,Yes,Yes,No,No,No,No,Yes,3,1752.44,636.14,0.967,Web,Manual Review
CLM01144,MANUAL_144_INCOMPLETE_EVIDENCE,CUS01144,PROD01144,Washing Machine,ZenCore,ZEN-WAS-1144,SN-2026-001144,2024-07-17,2025-07-17,2025-07-12,24,2026-07-17,Active,365,No,Connectivity Issue,Manufacturing Defect,Yes,Yes,Yes,Yes,Yes,Yes,No,Yes,No,0,N/A,No,N/A,Yes,Yes,No,No,No,No,Yes,2,967.34,0.0,0.84,Mobile App,Manual Review
CLM01145,MANUAL_145_MISSING_DOCUMENT,CUS01145,PROD01145,Refrigerator,NovaTech,NOV-REF-1145,SN-2026-001145,2025-02-23,2025-08-23,2025-08-21,12,2026-02-23,Active,184,No,Connectivity Issue,Electrical Failure,Yes,Yes,Yes,No,Yes,No,No,No,No,0,N/A,No,N/A,Yes,Yes,No,No,No,No,Yes,2,2227.61,0.0,0.789,Service Center,Manual Review
CLM01146,MANUAL_146_CONTRADICTION,CUS01146,PROD01146,Refrigerator,NovaTech,NOV-REF-1146,SN-2026-001146,2025-04-08,2026-10-08,2026-09-29,36,2028-04-08,Active,548,No,Connectivity Issue,Manufacturing Defect,Yes,Yes,Yes,Yes,No,Yes,Yes,Yes,Yes,1,Yes,No,N/A,Yes,No,No,No,Yes,No,Yes,0,1615.61,1266.45,0.872,Service Center,Manual Review
CLM01147,MANUAL_147_LOW_OCR_CONFIDENCE,CUS01147,PROD01147,Printer,ZenCore,ZEN-PRI-1147,SN-2026-001147,2025-02-17,2026-02-17,2026-02-16,24,2027-02-17,Active,365,Yes,Connectivity Issue,Electrical Failure,Yes,Yes,Yes,No,Yes,Yes,Yes,Yes,No,0,N/A,No,N/A,Yes,Yes,No,No,No,Yes,Yes,2,2705.38,0.0,0.557,Web,Manual Review
CLM01148,MANUAL_148_SERIAL_WARNING,CUS01148,PROD01148,Printer,NovaTech,NOV-PRI-1148,SN-2026-001148,2024-02-20,2024-08-20,2024-08-11,12,2025-02-20,Active,184,No,Mechanical Failure,Electrical Failure,Yes,Yes,Yes,No,No,Yes,Yes,Yes,No,0,N/A,Yes,Yes,Unknown,Yes,No,No,No,No,Yes,2,1946.65,0.0,0.886,Email,Manual Review
CLM01149,MANUAL_149_UNCLEAR_REPAIR,CUS01149,PROD01149,Smartphone,HomePro,HOM-SMA-1149,SN-2026-001149,2025-05-12,2026-11-12,2026-10-31,36,2028-05-12,Active,547,No,Power Failure,Manufacturing Defect,Yes,Yes,Yes,Yes,No,Yes,Yes,No,Yes,2,Unknown,No,N/A,Yes,Yes,No,Yes,No,No,Yes,1,1422.56,0.0,0.82,Mobile App,Manual Review
CLM01150,MANUAL_150_INCOMPLETE_EVIDENCE,CUS01150,PROD01150,Smartphone,ZenCore,ZEN-SMA-1150,SN-2026-001150,2023-02-13,2024-08-13,2024-08-08,36,2026-02-13,Active,549,No,Power Failure,Electrical Failure,Yes,Yes,Yes,Yes,Yes,Yes,No,Yes,No,0,N/A,No,N/A,Yes,Yes,No,No,No,No,Yes,2,576.1,0.0,0.943,Email,Manual Review
CLM01151,MANUAL_151_MISSING_DOCUMENT,CUS01151,PROD01151,Printer,Aster,AST-PRI-1151,SN-2026-001151,2024-08-31,2026-02-28,2026-02-23,36,2027-08-31,Active,549,No,Noise,Electrical Failure,Yes,Yes,Yes,Yes,Yes,No,Yes,No,No,0,N/A,Yes,Yes,Yes,Yes,No,No,No,No,Yes,3,1995.19,0.0,0.978,Email,Manual Review
CLM01152,MANUAL_152_CONTRADICTION,CUS01152,PROD01152,Television,PrimeView,PRI-TEL-1152,SN-2026-001152,2024-12-31,2025-06-30,2025-06-19,12,2025-12-31,Active,184,No,Display Failure,Manufacturing Defect,Yes,Yes,Yes,Yes,Yes,No,Yes,Yes,Yes,3,Yes,No,N/A,Yes,No,No,No,Yes,No,Yes,3,302.89,75.88,0.896,Web,Manual Review
CLM01153,MANUAL_153_LOW_OCR_CONFIDENCE,CUS01153,PROD01153,Laptop,HomePro,HOM-LAP-1153,SN-2026-001153,2024-07-10,2026-01-10,2025-12-27,36,2027-07-10,Active,546,No,Mechanical Failure,Electrical Failure,Yes,Yes,Yes,No,Yes,Yes,No,Yes,No,0,N/A,No,N/A,Yes,Yes,No,No,No,Yes,Yes,1,1527.49,0.0,0.526,Service Center,Manual Review
CLM01154,MANUAL_154_SERIAL_WARNING,CUS01154,PROD01154,Air Conditioner,NovaTech,NOV-AIR-1154,SN-2026-001154,2023-12-13,2024-12-13,2024-12-08,24,2025-12-13,Active,365,No,Water Leakage,Electrical Failure,Yes,Yes,Yes,Yes,Yes,Yes,Yes,No,No,0,N/A,No,N/A,Unknown,Yes,No,No,No,No,Yes,3,1785.83,0.0,0.934,Mobile App,Manual Review
CLM01155,MANUAL_155_UNCLEAR_REPAIR,CUS01155,PROD01155,Washing Machine,NovaTech,NOV-WAS-1155,SN-2026-001155,2024-11-15,2026-05-15,2026-05-03,36,2027-11-15,Active,549,No,Water Leakage,Electrical Failure,Yes,Yes,Yes,Yes,Yes,Yes,Yes,Yes,Yes,2,Unknown,No,N/A,Yes,Yes,No,No,No,No,Yes,0,1906.77,0.0,0.962,Service Center,Manual Review
CLM01156,MANUAL_156_INCOMPLETE_EVIDENCE,CUS01156,PROD01156,Television,PrimeView,PRI-TEL-1156,SN-2026-001156,2024-04-02,2024-10-02,2024-09-24,12,2025-04-02,Active,182,Yes,Noise,Manufacturing Defect,Yes,Yes,Yes,No,Yes,Yes,No,Yes,No,0,N/A,No,N/A,Yes,Yes,No,No,No,No,Yes,3,2825.04,0.0,0.909,Email,Manual Review
CLM01157,MANUAL_157_MISSING_DOCUMENT,CUS01157,PROD01157,Camera,Aster,AST-CAM-1157,SN-2026-001157,2025-12-11,2026-12-11,2026-12-06,24,2027-12-11,Active,365,Yes,Overheating,Manufacturing Defect,Yes,Yes,Yes,No,Yes,Yes,No,No,No,0,N/A,No,N/A,Yes,Yes,No,No,No,No,Yes,0,1104.43,0.0,0.924,Email,Manual Review
CLM01158,MANUAL_158_CONTRADICTION,CUS01158,PROD01158,Washing Machine,ZenCore,ZEN-WAS-1158,SN-2026-001158,2024-01-13,2025-07-13,2025-07-03,36,2027-01-13,Active,549,Yes,Mechanical Failure,Electrical Failure,Yes,Yes,Yes,Yes,Yes,Yes,Yes,No,No,0,N/A,No,N/A,Yes,No,No,Yes,Yes,Yes,Yes,0,1348.22,0.0,0.87,Web,Manual Review
CLM01159,MANUAL_159_LOW_OCR_CONFIDENCE,CUS01159,PROD01159,Air Conditioner,ZenCore,ZEN-AIR-1159,SN-2026-001159,2025-05-29,2026-05-29,2026-05-22,24,2027-05-29,Active,365,No,Overheating,Electrical Failure,Yes,Yes,Yes,Yes,Yes,Yes,No,No,No,0,N/A,No,N/A,Yes,Yes,No,No,No,Yes,Yes,3,744.3,0.0,0.647,Mobile App,Manual Review
CLM01160,MANUAL_160_SERIAL_WARNING,CUS01160,PROD01160,Printer,Aster,AST-PRI-1160,SN-2026-001160,2025-03-06,2026-03-06,2026-02-20,24,2027-03-06,Active,365,No,Overheating,Manufacturing Defect,Yes,Yes,Yes,Yes,Yes,Yes,Yes,Yes,No,0,N/A,No,N/A,Unknown,Yes,No,No,No,No,Yes,3,916.66,0.0,0.772,Mobile App,Manual Review
CLM01161,MANUAL_161_UNCLEAR_REPAIR,CUS01161,PROD01161,Refrigerator,HomePro,HOM-REF-1161,SN-2026-001161,2024-07-10,2025-01-10,2025-01-08,12,2025-07-10,Active,181,No,Connectivity Issue,Electrical Failure,Yes,Yes,Yes,No,Yes,No,Yes,No,Yes,1,Unknown,No,N/A,Yes,Yes,No,No,No,No,Yes,3,194.17,0.0,0.757,Web,Manual Review
CLM01162,MANUAL_162_INCOMPLETE_EVIDENCE,CUS01162,PROD01162,Refrigerator,HomePro,HOM-REF-1162,SN-2026-001162,2023-08-10,2024-02-10,2024-02-09,12,2024-08-10,Active,182,No,Water Leakage,Manufacturing Defect,Yes,Yes,Yes,Yes,Yes,Yes,No,Yes,No,0,N/A,No,N/A,Yes,Yes,No,No,No,No,Yes,1,2252.45,0.0,0.956,Mobile App,Manual Review
CLM01163,MANUAL_163_MISSING_DOCUMENT,CUS01163,PROD01163,Smartphone,NovaTech,NOV-SMA-1163,SN-2026-001163,2024-06-23,2025-06-23,2025-06-13,24,2026-06-23,Active,365,No,Mechanical Failure,Manufacturing Defect,Yes,Yes,Yes,No,Yes,Yes,No,No,No,0,N/A,No,N/A,Yes,Yes,No,No,No,No,Yes,0,2077.8,0.0,0.842,Web,Manual Review
CLM01164,MANUAL_164_CONTRADICTION,CUS01164,PROD01164,Smartphone,ZenCore,ZEN-SMA-1164,SN-2026-001164,2024-01-28,2025-01-28,2025-01-25,24,2026-01-28,Active,365,No,Battery Problem,Electrical Failure,Yes,Yes,Yes,No,Yes,Yes,No,Yes,No,0,N/A,No,N/A,Yes,No,No,No,Yes,No,Yes,3,1190.58,0.0,0.808,Email,Manual Review
CLM01165,MANUAL_165_LOW_OCR_CONFIDENCE,CUS01165,PROD01165,Washing Machine,PrimeView,PRI-WAS-1165,SN-2026-001165,2024-08-24,2025-08-24,2025-08-22,24,2026-08-24,Active,365,No,Connectivity Issue,Manufacturing Defect,Yes,Yes,Yes,No,No,Yes,Yes,Yes,No,0,N/A,No,N/A,Yes,Yes,No,No,No,Yes,Yes,3,1080.79,0.0,0.529,Email,Manual Review
CLM01166,MANUAL_166_SERIAL_WARNING,CUS01166,PROD01166,Printer,ZenCore,ZEN-PRI-1166,SN-2026-001166,2025-08-19,2026-08-19,2026-08-12,24,2027-08-19,Active,365,No,Connectivity Issue,Manufacturing Defect,Yes,Yes,Yes,Yes,Yes,Yes,Yes,Yes,No,0,N/A,No,N/A,Unknown,Yes,No,No,No,No,Yes,3,460.08,0.0,0.881,Service Center,Manual Review
CLM01167,MANUAL_167_UNCLEAR_REPAIR,CUS01167,PROD01167,Television,NovaTech,NOV-TEL-1167,SN-2026-001167,2023-05-04,2023-11-04,2023-11-03,12,2024-05-04,Active,182,No,Connectivity Issue,Manufacturing Defect,Yes,Yes,No,No,Yes,Yes,Yes,No,Yes,2,Unknown,No,N/A,Yes,Yes,No,No,No,No,No,3,1093.65,0.0,0.805,Service Center,Manual Review
CLM01168,MANUAL_168_INCOMPLETE_EVIDENCE,CUS01168,PROD01168,Television,ZenCore,ZEN-TEL-1168,SN-2026-001168,2025-07-13,2026-01-13,2026-01-04,12,2026-07-13,Active,181,No,Overheating,Electrical Failure,Yes,Yes,Yes,Yes,Yes,Yes,No,Yes,Yes,2,Yes,No,N/A,Yes,Yes,No,No,No,No,Yes,1,2595.34,1396.66,0.982,Email,Manual Review
CLM01169,MANUAL_169_MISSING_DOCUMENT,CUS01169,PROD01169,Refrigerator,PrimeView,PRI-REF-1169,SN-2026-001169,2024-05-01,2025-05-01,2025-04-20,24,2026-05-01,Active,365,No,Power Failure,Manufacturing Defect,Yes,Yes,Yes,No,Yes,Yes,No,No,No,0,N/A,No,N/A,Yes,Yes,Yes,No,No,No,Yes,1,192.41,0.0,0.979,Service Center,Manual Review
CLM01170,MANUAL_170_CONTRADICTION,CUS01170,PROD01170,Laptop,NovaTech,NOV-LAP-1170,SN-2026-001170,2023-04-09,2024-10-09,2024-10-07,36,2026-04-09,Active,547,No,Battery Problem,Electrical Failure,Yes,Yes,Yes,Yes,Yes,Yes,Yes,Yes,No,0,N/A,No,N/A,Yes,No,No,No,Yes,Yes,Yes,2,706.95,0.0,0.887,Web,Manual Review
CLM01171,MANUAL_171_LOW_OCR_CONFIDENCE,CUS01171,PROD01171,Printer,HomePro,HOM-PRI-1171,SN-2026-001171,2023-10-20,2024-10-20,2024-10-14,24,2025-10-20,Active,365,No,Battery Problem,Electrical Failure,Yes,Yes,Yes,Yes,Yes,Yes,Yes,No,No,0,N/A,No,N/A,Yes,Yes,No,No,No,Yes,Yes,2,2427.32,0.0,0.684,Service Center,Manual Review
CLM01172,MANUAL_172_SERIAL_WARNING,CUS01172,PROD01172,Washing Machine,HomePro,HOM-WAS-1172,SN-2026-001172,2023-11-22,2024-11-22,2024-11-15,24,2025-11-22,Active,365,No,Display Failure,Manufacturing Defect,Yes,Yes,Yes,Yes,Yes,Yes,Yes,Yes,No,0,N/A,No,N/A,Unknown,Yes,No,No,No,No,Yes,1,892.29,0.0,0.778,Service Center,Manual Review
CLM01173,MANUAL_173_UNCLEAR_REPAIR,CUS01173,PROD01173,Washing Machine,PrimeView,PRI-WAS-1173,SN-2026-001173,2025-11-21,2027-05-21,2027-05-18,36,2028-11-21,Active,550,No,Overheating,Manufacturing Defect,Yes,Yes,No,Yes,Yes,Yes,Yes,Yes,Yes,2,Unknown,No,N/A,Yes,Yes,No,No,No,No,No,1,1611.69,0.0,0.954,Mobile App,Manual Review
CLM01174,MANUAL_174_INCOMPLETE_EVIDENCE,CUS01174,PROD01174,Air Conditioner,ZenCore,ZEN-AIR-1174,SN-2026-001174,2026-01-11,2027-01-11,2027-01-06,24,2028-01-11,Active,365,No,Display Failure,Manufacturing Defect,Yes,Yes,Yes,Yes,Yes,Yes,No,Yes,No,0,N/A,No,N/A,Yes,Yes,Yes,No,No,No,Yes,1,234.4,0.0,0.978,Mobile App,Manual Review
CLM01175,MANUAL_175_MISSING_DOCUMENT,CUS01175,PROD01175,Television,NovaTech,NOV-TEL-1175,SN-2026-001175,2024-01-19,2025-07-19,2025-07-06,36,2027-01-19,Active,549,Yes,Display Failure,Manufacturing Defect,Yes,Yes,Yes,No,Yes,No,Yes,No,No,0,N/A,No,N/A,Yes,Yes,No,No,No,No,Yes,3,2512.33,0.0,0.905,Service Center,Manual Review
CLM01176,MANUAL_176_CONTRADICTION,CUS01176,PROD01176,Printer,NovaTech,NOV-PRI-1176,SN-2026-001176,2023-12-03,2024-06-03,2024-06-01,12,2024-12-03,Active,183,No,Water Leakage,Electrical Failure,Yes,Yes,Yes,Yes,Yes,Yes,Yes,Yes,Yes,1,Yes,No,N/A,Yes,No,No,No,Yes,Yes,Yes,0,281.86,1481.17,0.988,Email,Manual Review
CLM01177,MANUAL_177_LOW_OCR_CONFIDENCE,CUS01177,PROD01177,Laptop,Aster,AST-LAP-1177,SN-2026-001177,2025-03-05,2026-09-05,2026-08-28,36,2028-03-05,Active,547,No,Noise,Electrical Failure,Yes,Yes,Yes,Yes,Yes,Yes,Yes,Yes,No,0,N/A,No,N/A,Yes,Yes,No,No,No,Yes,Yes,2,1888.25,0.0,0.655,Web,Manual Review
CLM01178,MANUAL_178_SERIAL_WARNING,CUS01178,PROD01178,Printer,ZenCore,ZEN-PRI-1178,SN-2026-001178,2025-03-24,2026-03-24,2026-03-15,24,2027-03-24,Active,365,No,Mechanical Failure,Electrical Failure,Yes,Yes,No,Yes,Yes,Yes,Yes,Yes,No,0,N/A,No,N/A,Unknown,Yes,No,No,No,No,No,1,2778.35,0.0,0.827,Service Center,Manual Review
CLM01179,MANUAL_179_UNCLEAR_REPAIR,CUS01179,PROD01179,Refrigerator,NovaTech,NOV-REF-1179,SN-2026-001179,2025-07-31,2026-01-31,2026-01-24,12,2026-07-31,Active,181,No,Connectivity Issue,Electrical Failure,Yes,Yes,Yes,No,Yes,No,No,Yes,Yes,2,Unknown,No,N/A,Yes,Yes,No,No,No,No,Yes,0,900.54,0.0,0.825,Web,Manual Review
CLM01180,MANUAL_180_INCOMPLETE_EVIDENCE,CUS01180,PROD01180,Television,Aster,AST-TEL-1180,SN-2026-001180,2025-04-02,2026-10-02,2026-09-27,36,2028-04-02,Active,548,No,Mechanical Failure,Electrical Failure,Yes,Yes,Yes,No,Yes,Yes,No,No,No,0,N/A,No,N/A,Yes,Yes,No,No,No,No,Yes,0,851.99,0.0,0.755,Email,Manual Review
CLM01181,MANUAL_181_MISSING_DOCUMENT,CUS01181,PROD01181,Air Conditioner,HomePro,HOM-AIR-1181,SN-2026-001181,2026-01-26,2026-07-26,2026-07-18,12,2027-01-26,Active,184,No,Overheating,Manufacturing Defect,Yes,Yes,Yes,Yes,Yes,Yes,Yes,No,No,0,N/A,No,N/A,Yes,Yes,No,No,No,No,Yes,3,833.87,0.0,0.94,Web,Manual Review
CLM01182,MANUAL_182_CONTRADICTION,CUS01182,PROD01182,Air Conditioner,NovaTech,NOV-AIR-1182,SN-2026-001182,2025-05-16,2025-11-16,2025-11-04,12,2026-05-16,Active,181,No,Power Failure,Electrical Failure,Yes,Yes,Yes,Yes,Yes,Yes,Yes,Yes,Yes,2,Yes,No,N/A,Yes,No,No,No,Yes,Yes,Yes,3,1762.37,685.66,0.755,Mobile App,Manual Review
CLM01183,MANUAL_183_LOW_OCR_CONFIDENCE,CUS01183,PROD01183,Camera,HomePro,HOM-CAM-1183,SN-2026-001183,2023-05-12,2024-11-12,2024-11-10,36,2026-05-12,Active,546,No,Display Failure,Electrical Failure,Yes,Yes,Yes,Yes,Yes,Yes,Yes,Yes,No,0,N/A,No,N/A,Yes,Yes,No,No,No,Yes,Yes,2,707.72,0.0,0.567,Email,Manual Review
CLM01184,MANUAL_184_SERIAL_WARNING,CUS01184,PROD01184,Laptop,NovaTech,NOV-LAP-1184,SN-2026-001184,2023-05-22,2024-11-22,2024-11-11,36,2026-05-22,Active,546,No,Water Leakage,Manufacturing Defect,Yes,Yes,Yes,No,Yes,Yes,Yes,Yes,No,0,N/A,No,N/A,Unknown,Yes,No,No,No,No,Yes,2,630.85,0.0,0.918,Email,Manual Review
CLM01185,MANUAL_185_UNCLEAR_REPAIR,CUS01185,PROD01185,Air Conditioner,ZenCore,ZEN-AIR-1185,SN-2026-001185,2025-12-28,2026-06-28,2026-06-18,12,2026-12-28,Active,183,No,Water Leakage,Manufacturing Defect,Yes,Yes,Yes,Yes,Yes,Yes,Yes,Yes,Yes,1,Unknown,No,N/A,Yes,Yes,No,No,No,No,Yes,3,2028.81,0.0,0.814,Service Center,Manual Review
CLM01186,MANUAL_186_INCOMPLETE_EVIDENCE,CUS01186,PROD01186,Refrigerator,HomePro,HOM-REF-1186,SN-2026-001186,2023-11-20,2025-05-20,2025-05-10,36,2026-11-20,Active,549,Yes,Power Failure,Electrical Failure,Yes,Yes,Yes,Yes,Yes,Yes,No,Yes,No,0,N/A,No,N/A,Yes,Yes,No,No,No,No,Yes,2,449.07,0.0,0.929,Service Center,Manual Review
CLM01187,MANUAL_187_MISSING_DOCUMENT,CUS01187,PROD01187,Refrigerator,Aster,AST-REF-1187,SN-2026-001187,2024-10-28,2026-04-28,2026-04-17,36,2027-10-28,Active,548,No,Connectivity Issue,Manufacturing Defect,Yes,Yes,Yes,Yes,Yes,Yes,Yes,No,No,0,N/A,No,N/A,Yes,Yes,No,No,No,No,Yes,0,494.42,0.0,0.88,Email,Manual Review
CLM01188,MANUAL_188_CONTRADICTION,CUS01188,PROD01188,Washing Machine,PrimeView,PRI-WAS-1188,SN-2026-001188,2023-12-23,2024-12-23,2024-12-18,24,2025-12-23,Active,365,No,Battery Problem,Manufacturing Defect,Yes,Yes,Yes,Yes,Yes,No,Yes,Yes,No,0,N/A,No,N/A,Yes,No,No,No,Yes,No,Yes,2,780.11,0.0,0.9,Service Center,Manual Review
CLM01189,MANUAL_189_LOW_OCR_CONFIDENCE,CUS01189,PROD01189,Refrigerator,HomePro,HOM-REF-1189,SN-2026-001189,2024-01-13,2024-07-13,2024-07-04,12,2025-01-13,Active,184,No,Power Failure,Electrical Failure,Yes,Yes,Yes,No,Yes,Yes,Yes,No,No,0,N/A,No,N/A,Yes,Yes,No,No,No,Yes,Yes,0,2484.98,0.0,0.683,Service Center,Manual Review
CLM01190,MANUAL_190_SERIAL_WARNING,CUS01190,PROD01190,Washing Machine,PrimeView,PRI-WAS-1190,SN-2026-001190,2023-11-01,2024-05-01,2024-04-22,12,2024-11-01,Active,184,No,Mechanical Failure,Manufacturing Defect,Yes,Yes,Yes,Yes,Yes,Yes,Yes,No,No,0,N/A,No,N/A,Unknown,Yes,No,No,No,No,Yes,2,374.01,0.0,0.827,Service Center,Manual Review
CLM01191,MANUAL_191_UNCLEAR_REPAIR,CUS01191,PROD01191,Smartphone,NovaTech,NOV-SMA-1191,SN-2026-001191,2023-11-28,2024-05-28,2024-05-18,12,2024-11-28,Active,184,No,Battery Problem,Electrical Failure,Yes,Yes,Yes,Yes,Yes,Yes,Yes,Yes,Yes,2,Unknown,No,N/A,Yes,Yes,No,No,No,No,Yes,2,2242.03,557.75,0.915,Mobile App,Manual Review
CLM01192,MANUAL_192_INCOMPLETE_EVIDENCE,CUS01192,PROD01192,Refrigerator,PrimeView,PRI-REF-1192,SN-2026-001192,2023-07-28,2025-01-28,2025-01-25,36,2026-07-28,Active,546,Yes,Noise,Electrical Failure,Yes,Yes,Yes,Yes,Yes,Yes,No,No,No,0,N/A,No,N/A,Yes,Yes,No,No,No,No,Yes,2,2171.39,0.0,0.916,Web,Manual Review
CLM01193,MANUAL_193_MISSING_DOCUMENT,CUS01193,PROD01193,Washing Machine,Aster,AST-WAS-1193,SN-2026-001193,2024-07-16,2025-07-16,2025-07-11,24,2026-07-16,Active,365,No,Water Leakage,Manufacturing Defect,Yes,Yes,Yes,No,Yes,Yes,No,No,No,0,N/A,No,N/A,Yes,Yes,No,No,No,No,Yes,3,1946.59,0.0,0.919,Email,Manual Review
CLM01194,MANUAL_194_CONTRADICTION,CUS01194,PROD01194,Laptop,ZenCore,ZEN-LAP-1194,SN-2026-001194,2024-09-20,2026-03-20,2026-03-06,36,2027-09-20,Active,549,No,Display Failure,Electrical Failure,Yes,Yes,Yes,Yes,Yes,Yes,Yes,Yes,No,0,N/A,No,N/A,Yes,No,No,No,Yes,Yes,Yes,3,1504.21,0.0,0.813,Web,Manual Review
CLM01195,MANUAL_195_LOW_OCR_CONFIDENCE,CUS01195,PROD01195,Television,Aster,AST-TEL-1195,SN-2026-001195,2025-09-17,2027-03-17,2027-03-07,36,2028-09-17,Active,550,No,Noise,Electrical Failure,Yes,Yes,Yes,Yes,Yes,Yes,No,No,No,0,N/A,No,N/A,Yes,Yes,No,No,No,Yes,Yes,3,808.56,0.0,0.485,Service Center,Manual Review
CLM01196,MANUAL_196_SERIAL_WARNING,CUS01196,PROD01196,Television,PrimeView,PRI-TEL-1196,SN-2026-001196,2024-05-08,2025-11-08,2025-11-06,36,2027-05-08,Active,546,No,Battery Problem,Electrical Failure,Yes,Yes,Yes,No,Yes,Yes,No,Yes,No,0,N/A,No,N/A,Unknown,Yes,No,No,No,No,Yes,3,2484.84,0.0,0.812,Service Center,Manual Review
CLM01197,MANUAL_197_UNCLEAR_REPAIR,CUS01197,PROD01197,Washing Machine,Aster,AST-WAS-1197,SN-2026-001197,2023-10-24,2024-04-24,2024-04-17,12,2024-10-24,Active,183,No,Overheating,Electrical Failure,Yes,Yes,Yes,Yes,Yes,Yes,Yes,No,Yes,2,Unknown,No,N/A,Yes,Yes,No,No,No,No,Yes,2,544.67,0.0,0.979,Mobile App,Manual Review
CLM01198,MANUAL_198_INCOMPLETE_EVIDENCE,CUS01198,PROD01198,Air Conditioner,NovaTech,NOV-AIR-1198,SN-2026-001198,2024-11-04,2025-11-04,2025-10-24,24,2026-11-04,Active,365,No,Mechanical Failure,Manufacturing Defect,Yes,Yes,Yes,No,Yes,Yes,No,No,No,0,N/A,No,N/A,Yes,Yes,No,No,No,No,Yes,0,1010.2,0.0,0.891,Mobile App,Manual Review
CLM01199,MANUAL_199_MISSING_DOCUMENT,CUS01199,PROD01199,Washing Machine,Aster,AST-WAS-1199,SN-2026-001199,2025-10-24,2026-10-24,2026-10-17,24,2027-10-24,Active,365,No,Mechanical Failure,Manufacturing Defect,Yes,Yes,Yes,No,Yes,No,No,No,No,0,N/A,No,N/A,Yes,Yes,No,No,No,No,Yes,3,1363.56,0.0,0.909,Web,Manual Review
CLM01200,MANUAL_200_CONTRADICTION,CUS01200,PROD01200,Air Conditioner,HomePro,HOM-AIR-1200,SN-2026-001200,2025-11-03,2026-11-03,2026-10-25,24,2027-11-03,Active,365,No,Power Failure,Manufacturing Defect,Yes,Yes,Yes,No,Yes,Yes,Yes,Yes,Yes,3,Yes,No,N/A,Yes,No,No,No,Yes,No,Yes,1,2655.72,620.42,0.773,Mobile App,Manual Review
CLM01201,MANUAL_201_LOW_OCR_CONFIDENCE,CUS01201,PROD01201,Air Conditioner,HomePro,HOM-AIR-1201,SN-2026-001201,2023-06-06,2023-12-06,2023-12-02,12,2024-06-06,Active,183,Yes,Overheating,Manufacturing Defect,Yes,Yes,Yes,Yes,Yes,Yes,Yes,Yes,No,0,N/A,No,N/A,Yes,Yes,No,No,No,Yes,Yes,3,2037.35,0.0,0.487,Mobile App,Manual Review
CLM01202,MANUAL_202_SERIAL_WARNING,CUS01202,PROD01202,Printer,HomePro,HOM-PRI-1202,SN-2026-001202,2025-10-08,2027-04-08,2027-03-31,36,2028-10-08,Active,549,No,Overheating,Electrical Failure,Yes,Yes,Yes,Yes,Yes,Yes,Yes,Yes,No,0,N/A,No,N/A,Unknown,Yes,No,No,No,No,Yes,3,1481.78,0.0,0.929,Web,Manual Review
CLM01203,MANUAL_203_UNCLEAR_REPAIR,CUS01203,PROD01203,Camera,ZenCore,ZEN-CAM-1203,SN-2026-001203,2024-05-08,2025-05-08,2025-05-05,24,2026-05-08,Active,365,No,Battery Problem,Manufacturing Defect,Yes,Yes,Yes,Yes,No,Yes,Yes,No,Yes,1,Unknown,No,N/A,Yes,Yes,No,No,No,No,Yes,0,1932.95,0.0,0.948,Service Center,Manual Review
CLM01204,MANUAL_204_INCOMPLETE_EVIDENCE,CUS01204,PROD01204,Air Conditioner,NovaTech,NOV-AIR-1204,SN-2026-001204,2023-03-29,2024-03-29,2024-03-19,24,2025-03-29,Active,365,No,Connectivity Issue,Electrical Failure,Yes,Yes,Yes,Yes,Yes,Yes,No,No,No,0,N/A,No,N/A,Yes,Yes,No,No,No,No,Yes,0,2366.07,0.0,0.823,Web,Manual Review
CLM01205,MANUAL_205_MISSING_DOCUMENT,CUS01205,PROD01205,Laptop,ZenCore,ZEN-LAP-1205,SN-2026-001205,2024-08-12,2026-02-12,2026-02-05,36,2027-08-12,Active,546,No,Mechanical Failure,Manufacturing Defect,Yes,Yes,Yes,No,Yes,Yes,Yes,No,No,0,N/A,No,N/A,Yes,Yes,No,No,No,No,Yes,2,1761.92,0.0,0.809,Email,Manual Review
CLM01206,MANUAL_206_CONTRADICTION,CUS01206,PROD01206,Camera,ZenCore,ZEN-CAM-1206,SN-2026-001206,2024-01-25,2025-07-25,2025-07-22,36,2027-01-25,Active,549,Yes,Connectivity Issue,Electrical Failure,Yes,Yes,Yes,Yes,No,Yes,Yes,No,No,0,N/A,No,N/A,Yes,No,No,No,Yes,No,Yes,2,2292.55,0.0,0.868,Email,Manual Review
CLM01207,MANUAL_207_LOW_OCR_CONFIDENCE,CUS01207,PROD01207,Laptop,ZenCore,ZEN-LAP-1207,SN-2026-001207,2023-05-02,2024-05-02,2024-05-01,24,2025-05-02,Active,365,No,Connectivity Issue,Manufacturing Defect,Yes,Yes,Yes,Yes,Yes,Yes,Yes,No,No,0,N/A,No,N/A,Yes,Yes,No,No,No,Yes,Yes,2,2164.63,0.0,0.685,Email,Manual Review
CLM01208,MANUAL_208_SERIAL_WARNING,CUS01208,PROD01208,Washing Machine,ZenCore,ZEN-WAS-1208,SN-2026-001208,2023-08-06,2024-02-06,2024-02-01,12,2024-08-06,Active,182,Yes,Battery Problem,Electrical Failure,Yes,Yes,Yes,Yes,Yes,Yes,Yes,No,No,0,N/A,No,N/A,Unknown,Yes,No,No,No,No,Yes,3,2740.0,0.0,0.888,Mobile App,Manual Review
CLM01209,MANUAL_209_UNCLEAR_REPAIR,CUS01209,PROD01209,Laptop,HomePro,HOM-LAP-1209,SN-2026-001209,2023-09-21,2024-09-21,2024-09-09,24,2025-09-21,Active,365,No,Connectivity Issue,Manufacturing Defect,Yes,Yes,Yes,Yes,Yes,Yes,Yes,Yes,Yes,1,Unknown,No,N/A,Yes,Yes,No,No,No,No,Yes,3,701.7,190.34,0.901,Mobile App,Manual Review
CLM01210,MANUAL_210_INCOMPLETE_EVIDENCE,CUS01210,PROD01210,Laptop,ZenCore,ZEN-LAP-1210,SN-2026-001210,2024-08-01,2025-02-01,2025-01-28,12,2025-08-01,Active,181,No,Overheating,Manufacturing Defect,Yes,Yes,Yes,No,Yes,Yes,No,No,No,0,N/A,No,N/A,Yes,Yes,No,No,No,No,Yes,3,2080.23,0.0,0.826,Web,Manual Review
CLM01211,MANUAL_211_MISSING_DOCUMENT,CUS01211,PROD01211,Washing Machine,PrimeView,PRI-WAS-1211,SN-2026-001211,2023-05-07,2024-05-07,2024-05-02,24,2025-05-07,Active,365,No,Battery Problem,Manufacturing Defect,Yes,Yes,Yes,Yes,Yes,Yes,Yes,No,No,0,N/A,No,N/A,Yes,Yes,No,No,No,No,Yes,0,2093.93,0.0,0.961,Email,Manual Review
CLM01212,MANUAL_212_CONTRADICTION,CUS01212,PROD01212,Air Conditioner,PrimeView,PRI-AIR-1212,SN-2026-001212,2025-06-27,2026-06-27,2026-06-24,24,2027-06-27,Active,365,No,Display Failure,Electrical Failure,Yes,Yes,Yes,No,Yes,Yes,Yes,Yes,No,0,N/A,No,N/A,Yes,No,No,No,Yes,No,Yes,3,2385.96,0.0,0.968,Service Center,Manual Review
CLM01213,MANUAL_213_LOW_OCR_CONFIDENCE,CUS01213,PROD01213,Air Conditioner,Aster,AST-AIR-1213,SN-2026-001213,2025-03-17,2025-09-17,2025-09-15,12,2026-03-17,Active,181,No,Display Failure,Manufacturing Defect,Yes,Yes,Yes,No,No,Yes,Yes,Yes,No,0,N/A,No,N/A,Yes,Yes,No,Yes,No,Yes,Yes,3,1204.28,0.0,0.555,Mobile App,Manual Review
CLM01214,MANUAL_214_SERIAL_WARNING,CUS01214,PROD01214,Smartphone,HomePro,HOM-SMA-1214,SN-2026-001214,2026-03-05,2027-09-05,2027-08-26,36,2029-03-05,Active,547,No,Noise,Manufacturing Defect,Yes,Yes,Yes,No,Yes,Yes,Yes,Yes,No,0,N/A,No,N/A,Unknown,Yes,No,No,No,No,Yes,3,1687.96,0.0,0.761,Service Center,Manual Review
CLM01215,MANUAL_215_UNCLEAR_REPAIR,CUS01215,PROD01215,Smartphone,Aster,AST-SMA-1215,SN-2026-001215,2024-10-04,2025-04-04,2025-03-27,12,2025-10-04,Active,183,No,Connectivity Issue,Manufacturing Defect,Yes,Yes,Yes,Yes,Yes,Yes,Yes,No,Yes,1,Unknown,No,N/A,Yes,Yes,No,No,No,No,Yes,3,333.59,317.06,0.947,Web,Manual Review
CLM01216,MANUAL_216_INCOMPLETE_EVIDENCE,CUS01216,PROD01216,Printer,HomePro,HOM-PRI-1216,SN-2026-001216,2024-11-17,2025-11-17,2025-11-16,24,2026-11-17,Active,365,Yes,Mechanical Failure,Electrical Failure,Yes,Yes,Yes,Yes,Yes,Yes,No,No,No,0,N/A,No,N/A,Yes,Yes,No,No,No,No,Yes,1,1954.68,0.0,0.815,Email,Manual Review
CLM01217,MANUAL_217_MISSING_DOCUMENT,CUS01217,PROD01217,Camera,NovaTech,NOV-CAM-1217,SN-2026-001217,2023-04-15,2024-04-15,2024-04-14,24,2025-04-15,Active,365,Yes,Display Failure,Manufacturing Defect,Yes,Yes,Yes,Yes,Yes,No,Yes,No,Yes,3,Yes,No,N/A,Yes,Yes,No,No,No,No,Yes,0,733.35,705.49,0.752,Web,Manual Review
CLM01218,MANUAL_218_CONTRADICTION,CUS01218,PROD01218,Air Conditioner,PrimeView,PRI-AIR-1218,SN-2026-001218,2024-01-11,2025-07-11,2025-06-28,36,2027-01-11,Active,549,No,Overheating,Electrical Failure,Yes,Yes,Yes,Yes,Yes,Yes,No,Yes,No,0,N/A,No,N/A,Yes,No,No,No,Yes,No,Yes,3,1492.75,0.0,0.935,Email,Manual Review
CLM01219,MANUAL_219_LOW_OCR_CONFIDENCE,CUS01219,PROD01219,Washing Machine,NovaTech,NOV-WAS-1219,SN-2026-001219,2025-10-13,2026-10-13,2026-10-07,24,2027-10-13,Active,365,No,Connectivity Issue,Manufacturing Defect,Yes,Yes,Yes,Yes,No,Yes,Yes,No,No,0,N/A,No,N/A,Yes,Yes,No,No,No,Yes,Yes,0,449.27,0.0,0.684,Web,Manual Review
CLM01220,MANUAL_220_SERIAL_WARNING,CUS01220,PROD01220,Laptop,PrimeView,PRI-LAP-1220,SN-2026-001220,2026-02-14,2027-02-14,2027-01-31,24,2028-02-14,Active,365,No,Water Leakage,Manufacturing Defect,Yes,Yes,Yes,Yes,Yes,Yes,Yes,No,No,0,N/A,No,N/A,Unknown,Yes,No,No,No,No,Yes,2,2475.68,0.0,0.79,Email,Manual Review
CLM01221,MANUAL_221_UNCLEAR_REPAIR,CUS01221,PROD01221,Printer,Aster,AST-PRI-1221,SN-2026-001221,2024-07-20,2025-07-20,2025-07-06,24,2026-07-20,Active,365,Yes,Battery Problem,Electrical Failure,Yes,Yes,Yes,Yes,Yes,Yes,Yes,Yes,Yes,2,Unknown,No,N/A,Yes,Yes,No,No,No,No,Yes,1,2646.23,0.0,0.802,Web,Manual Review
CLM01222,MANUAL_222_INCOMPLETE_EVIDENCE,CUS01222,PROD01222,Camera,Aster,AST-CAM-1222,SN-2026-001222,2024-06-02,2025-12-02,2025-11-22,36,2027-06-02,Active,547,No,Display Failure,Manufacturing Defect,Yes,Yes,No,Yes,Yes,Yes,No,Yes,No,0,N/A,No,N/A,Yes,No,No,No,No,No,No,3,2395.11,0.0,0.886,Email,Manual Review
CLM01223,MANUAL_223_MISSING_DOCUMENT,CUS01223,PROD01223,Camera,HomePro,HOM-CAM-1223,SN-2026-001223,2024-07-26,2025-01-26,2025-01-20,12,2025-07-26,Active,181,No,Display Failure,Electrical Failure,Yes,Yes,Yes,No,Yes,Yes,No,No,No,0,N/A,No,N/A,Yes,Yes,No,No,No,No,Yes,0,687.67,0.0,0.791,Service Center,Manual Review
CLM01224,MANUAL_224_CONTRADICTION,CUS01224,PROD01224,Smartphone,ZenCore,ZEN-SMA-1224,SN-2026-001224,2023-07-30,2024-07-30,2024-07-24,24,2025-07-30,Active,365,No,Noise,Manufacturing Defect,Yes,Yes,Yes,Yes,Yes,Yes,Yes,No,No,0,N/A,No,N/A,Yes,No,No,No,Yes,Yes,Yes,3,1467.1,0.0,0.892,Service Center,Manual Review
CLM01225,MANUAL_225_LOW_OCR_CONFIDENCE,CUS01225,PROD01225,Television,NovaTech,NOV-TEL-1225,SN-2026-001225,2023-06-13,2023-12-13,2023-12-01,12,2024-06-13,Active,183,No,Connectivity Issue,Manufacturing Defect,Yes,Yes,Yes,Yes,Yes,Yes,Yes,No,No,0,N/A,No,N/A,Yes,Yes,No,No,No,Yes,Yes,0,1107.89,0.0,0.629,Web,Manual Review
CLM01226,MANUAL_226_SERIAL_WARNING,CUS01226,PROD01226,Air Conditioner,NovaTech,NOV-AIR-1226,SN-2026-001226,2024-10-23,2026-04-23,2026-04-20,36,2027-10-23,Active,548,No,Noise,Electrical Failure,Yes,Yes,Yes,No,Yes,Yes,Yes,Yes,No,0,N/A,Yes,Yes,Unknown,Yes,No,No,No,No,Yes,3,2468.48,0.0,0.953,Email,Manual Review
CLM01227,MANUAL_227_UNCLEAR_REPAIR,CUS01227,PROD01227,Air Conditioner,Aster,AST-AIR-1227,SN-2026-001227,2024-07-09,2025-07-09,2025-07-06,24,2026-07-09,Active,365,No,Mechanical Failure,Manufacturing Defect,Yes,Yes,Yes,Yes,Yes,Yes,Yes,Yes,Yes,2,Unknown,No,N/A,Yes,Yes,No,No,No,No,Yes,1,2858.71,0.0,0.937,Web,Manual Review
CLM01228,MANUAL_228_INCOMPLETE_EVIDENCE,CUS01228,PROD01228,Washing Machine,PrimeView,PRI-WAS-1228,SN-2026-001228,2024-07-23,2025-01-23,2025-01-12,12,2025-07-23,Active,181,No,Overheating,Manufacturing Defect,Yes,Yes,Yes,Yes,Yes,Yes,No,No,No,0,N/A,No,N/A,Yes,Yes,No,No,No,No,Yes,2,74.76,0.0,0.896,Web,Manual Review
CLM01229,MANUAL_229_MISSING_DOCUMENT,CUS01229,PROD01229,Air Conditioner,NovaTech,NOV-AIR-1229,SN-2026-001229,2025-03-15,2026-09-15,2026-09-06,36,2028-03-15,Active,547,Yes,Mechanical Failure,Manufacturing Defect,Yes,Yes,Yes,No,Yes,Yes,No,No,No,0,N/A,No,N/A,Yes,Yes,No,No,No,No,Yes,1,1438.6,0.0,0.835,Service Center,Manual Review
CLM01230,MANUAL_230_CONTRADICTION,CUS01230,PROD01230,Washing Machine,PrimeView,PRI-WAS-1230,SN-2026-001230,2025-08-26,2027-02-26,2027-02-25,36,2028-08-26,Active,547,No,Battery Problem,Electrical Failure,Yes,Yes,Yes,Yes,No,No,Yes,Yes,Yes,2,Yes,No,N/A,Yes,No,No,No,Yes,No,Yes,0,971.67,1151.69,0.822,Email,Manual Review
CLM01231,MANUAL_231_LOW_OCR_CONFIDENCE,CUS01231,PROD01231,Camera,NovaTech,NOV-CAM-1231,SN-2026-001231,2026-02-16,2027-02-16,2027-02-03,24,2028-02-16,Active,365,No,Connectivity Issue,Electrical Failure,Yes,Yes,Yes,Yes,Yes,Yes,Yes,Yes,No,0,N/A,No,N/A,Yes,Yes,No,No,No,Yes,Yes,3,2149.69,0.0,0.501,Service Center,Manual Review
CLM01232,MANUAL_232_SERIAL_WARNING,CUS01232,PROD01232,Camera,PrimeView,PRI-CAM-1232,SN-2026-001232,2025-09-09,2026-03-09,2026-03-02,12,2026-09-09,Active,184,No,Overheating,Manufacturing Defect,Yes,Yes,Yes,Yes,Yes,Yes,Yes,No,No,0,N/A,No,N/A,Unknown,Yes,No,No,No,No,Yes,1,2068.65,0.0,0.878,Email,Manual Review
CLM01233,MANUAL_233_UNCLEAR_REPAIR,CUS01233,PROD01233,Television,PrimeView,PRI-TEL-1233,SN-2026-001233,2023-09-09,2024-09-09,2024-08-27,24,2025-09-09,Active,365,Yes,Water Leakage,Manufacturing Defect,Yes,Yes,Yes,Yes,No,No,Yes,No,Yes,1,Unknown,No,N/A,Yes,Yes,Yes,No,Yes,No,Yes,0,350.28,564.85,0.862,Web,Manual Review
CLM01234,MANUAL_234_INCOMPLETE_EVIDENCE,CUS01234,PROD01234,Camera,HomePro,HOM-CAM-1234,SN-2026-001234,2023-11-12,2025-05-12,2025-05-01,36,2026-11-12,Active,549,Yes,Water Leakage,Manufacturing Defect,Yes,Yes,Yes,Yes,Yes,Yes,No,Yes,No,0,N/A,No,N/A,Yes,Yes,No,No,No,No,Yes,0,936.07,0.0,0.857,Mobile App,Manual Review
CLM01235,MANUAL_235_MISSING_DOCUMENT,CUS01235,PROD01235,Television,NovaTech,NOV-TEL-1235,SN-2026-001235,2024-09-03,2025-09-03,2025-08-29,24,2026-09-03,Active,365,No,Connectivity Issue,Manufacturing Defect,Yes,Yes,Yes,Yes,Yes,No,Yes,No,No,0,N/A,No,N/A,Yes,Yes,No,No,No,No,Yes,3,1459.33,0.0,0.928,Web,Manual Review
CLM01236,MANUAL_236_CONTRADICTION,CUS01236,PROD01236,Printer,PrimeView,PRI-PRI-1236,SN-2026-001236,2023-01-18,2024-01-18,2024-01-12,24,2025-01-18,Active,366,No,Display Failure,Electrical Failure,Yes,Yes,Yes,Yes,Yes,Yes,Yes,Yes,Yes,3,Yes,No,N/A,Yes,No,No,No,Yes,Yes,Yes,1,2016.16,966.77,0.763,Email,Manual Review
CLM01237,MANUAL_237_LOW_OCR_CONFIDENCE,CUS01237,PROD01237,Laptop,HomePro,HOM-LAP-1237,SN-2026-001237,2023-03-30,2023-09-30,2023-09-19,12,2024-03-30,Active,182,No,Battery Problem,Electrical Failure,Yes,Yes,Yes,Yes,Yes,Yes,No,No,No,0,N/A,No,N/A,Yes,Yes,No,No,No,Yes,Yes,0,2473.48,0.0,0.477,Service Center,Manual Review
CLM01238,MANUAL_238_SERIAL_WARNING,CUS01238,PROD01238,Washing Machine,NovaTech,NOV-WAS-1238,SN-2026-001238,2026-01-17,2026-07-17,2026-07-14,12,2027-01-17,Active,184,Yes,Power Failure,Electrical Failure,Yes,Yes,Yes,Yes,Yes,Yes,Yes,Yes,No,0,N/A,No,N/A,Unknown,Yes,No,No,No,No,Yes,1,498.35,0.0,0.77,Mobile App,Manual Review
CLM01239,MANUAL_239_UNCLEAR_REPAIR,CUS01239,PROD01239,Smartphone,NovaTech,NOV-SMA-1239,SN-2026-001239,2023-11-14,2024-05-14,2024-05-06,12,2024-11-14,Active,184,No,Noise,Electrical Failure,Yes,Yes,Yes,No,Yes,Yes,Yes,No,Yes,1,Unknown,No,N/A,Yes,Yes,No,No,No,No,Yes,0,363.9,0.0,0.884,Service Center,Manual Review
CLM01240,MANUAL_240_INCOMPLETE_EVIDENCE,CUS01240,PROD01240,Refrigerator,Aster,AST-REF-1240,SN-2026-001240,2024-03-23,2025-03-23,2025-03-22,24,2026-03-23,Active,365,No,Mechanical Failure,Manufacturing Defect,Yes,Yes,Yes,No,Yes,Yes,No,Yes,Yes,2,Yes,No,N/A,Yes,Yes,No,No,No,No,Yes,3,2731.61,1054.55,0.924,Service Center,Manual Review
CLM01241,MANUAL_241_MISSING_DOCUMENT,CUS01241,PROD01241,Refrigerator,NovaTech,NOV-REF-1241,SN-2026-001241,2024-08-03,2026-02-03,2026-01-30,36,2027-08-03,Active,546,No,Power Failure,Manufacturing Defect,Yes,Yes,Yes,No,Yes,No,Yes,No,Yes,3,Yes,No,N/A,Yes,Yes,No,No,No,No,Yes,1,1876.12,1283.28,0.775,Web,Manual Review
CLM01242,MANUAL_242_CONTRADICTION,CUS01242,PROD01242,Smartphone,NovaTech,NOV-SMA-1242,SN-2026-001242,2024-09-01,2025-09-01,2025-08-21,24,2026-09-01,Active,365,Yes,Display Failure,Manufacturing Defect,Yes,Yes,Yes,Yes,Yes,Yes,Yes,Yes,No,0,N/A,No,N/A,Yes,No,No,No,Yes,Yes,Yes,2,474.21,0.0,0.777,Email,Manual Review
CLM01243,MANUAL_243_LOW_OCR_CONFIDENCE,CUS01243,PROD01243,Camera,Aster,AST-CAM-1243,SN-2026-001243,2026-02-25,2027-02-25,2027-02-23,24,2028-02-25,Active,365,Yes,Battery Problem,Manufacturing Defect,Yes,Yes,Yes,Yes,No,Yes,No,No,No,0,N/A,No,N/A,Yes,Yes,No,No,No,Yes,Yes,0,482.99,0.0,0.667,Mobile App,Manual Review
CLM01244,MANUAL_244_SERIAL_WARNING,CUS01244,PROD01244,Printer,Aster,AST-PRI-1244,SN-2026-001244,2024-04-04,2025-10-04,2025-09-25,36,2027-04-04,Active,547,No,Noise,Electrical Failure,Yes,Yes,Yes,No,Yes,Yes,Yes,No,Yes,2,Yes,No,N/A,Unknown,Yes,No,No,No,No,Yes,3,1558.33,919.03,0.751,Mobile App,Manual Review
CLM01245,MANUAL_245_UNCLEAR_REPAIR,CUS01245,PROD01245,Smartphone,Aster,AST-SMA-1245,SN-2026-001245,2024-11-28,2025-11-28,2025-11-15,24,2026-11-28,Active,365,No,Power Failure,Electrical Failure,Yes,Yes,Yes,Yes,Yes,Yes,No,No,Yes,2,Unknown,No,N/A,No,Yes,No,No,No,No,Yes,0,816.89,1315.0,0.892,Mobile App,Manual Review
CLM01246,MANUAL_246_INCOMPLETE_EVIDENCE,CUS01246,PROD01246,Television,HomePro,HOM-TEL-1246,SN-2026-001246,2025-04-29,2026-04-29,2026-04-15,24,2027-04-29,Active,365,No,Connectivity Issue,Electrical Failure,Yes,Yes,Yes,Yes,Yes,Yes,No,Yes,No,0,N/A,No,N/A,Yes,Yes,No,No,No,No,Yes,1,1986.25,0.0,0.828,Web,Manual Review
CLM01247,MANUAL_247_MISSING_DOCUMENT,CUS01247,PROD01247,Smartphone,ZenCore,ZEN-SMA-1247,SN-2026-001247,2023-02-23,2023-08-23,2023-08-15,12,2024-02-23,Active,184,No,Noise,Manufacturing Defect,Yes,Yes,Yes,No,Yes,No,No,No,No,0,N/A,No,N/A,Yes,Yes,No,No,No,No,Yes,0,2716.26,0.0,0.805,Web,Manual Review
CLM01248,MANUAL_248_CONTRADICTION,CUS01248,PROD01248,Air Conditioner,PrimeView,PRI-AIR-1248,SN-2026-001248,2023-01-09,2024-01-09,2024-01-03,24,2025-01-09,Active,366,No,Water Leakage,Electrical Failure,Yes,Yes,Yes,No,Yes,Yes,Yes,No,No,0,N/A,No,N/A,Yes,No,Yes,No,Yes,No,Yes,3,1256.87,0.0,0.842,Email,Manual Review
CLM01249,MANUAL_249_LOW_OCR_CONFIDENCE,CUS01249,PROD01249,Smartphone,HomePro,HOM-SMA-1249,SN-2026-001249,2026-02-08,2027-08-08,2027-07-28,36,2029-02-08,Active,550,No,Water Leakage,Manufacturing Defect,Yes,Yes,Yes,Yes,No,Yes,Yes,No,No,0,N/A,No,N/A,Yes,Yes,No,No,No,Yes,Yes,0,1694.47,0.0,0.485,Web,Manual Review
CLM01250,MANUAL_250_SERIAL_WARNING,CUS01250,PROD01250,Printer,Aster,AST-PRI-1250,SN-2026-001250,2023-12-28,2024-06-28,2024-06-19,12,2024-12-28,Active,183,Yes,Overheating,Electrical Failure,Yes,Yes,Yes,Yes,Yes,Yes,Yes,Yes,No,0,N/A,No,N/A,Unknown,Yes,No,No,No,No,Yes,3,236.85,0.0,0.958,Service Center,Manual Review
CLM01251,MANUAL_251_UNCLEAR_REPAIR,CUS01251,PROD01251,Printer,HomePro,HOM-PRI-1251,SN-2026-001251,2025-01-26,2025-07-26,2025-07-23,12,2026-01-26,Active,184,No,Water Leakage,Manufacturing Defect,Yes,Yes,Yes,Yes,Yes,Yes,Yes,Yes,Yes,2,Unknown,Yes,Yes,Yes,Yes,No,No,No,No,Yes,1,1598.17,0.0,0.926,Email,Manual Review
CLM01252,MANUAL_252_INCOMPLETE_EVIDENCE,CUS01252,PROD01252,Refrigerator,PrimeView,PRI-REF-1252,SN-2026-001252,2025-01-27,2025-07-27,2025-07-18,12,2026-01-27,Active,184,No,Noise,Manufacturing Defect,Yes,Yes,Yes,No,Yes,Yes,No,Yes,No,0,N/A,Yes,Yes,Yes,Yes,No,No,No,No,Yes,3,2690.45,0.0,0.862,Mobile App,Manual Review
CLM01253,MANUAL_253_MISSING_DOCUMENT,CUS01253,PROD01253,Printer,ZenCore,ZEN-PRI-1253,SN-2026-001253,2025-06-26,2026-06-26,2026-06-21,24,2027-06-26,Active,365,No,Overheating,Manufacturing Defect,Yes,Yes,Yes,Yes,Yes,Yes,No,No,Yes,1,Yes,No,N/A,Yes,Yes,No,No,No,No,Yes,2,1500.86,758.38,0.841,Service Center,Manual Review
CLM01254,MANUAL_254_CONTRADICTION,CUS01254,PROD01254,Television,PrimeView,PRI-TEL-1254,SN-2026-001254,2025-09-06,2026-09-06,2026-08-31,24,2027-09-06,Active,365,No,Mechanical Failure,Manufacturing Defect,Yes,Yes,Yes,Yes,Yes,Yes,Yes,Yes,Yes,3,Yes,No,N/A,Yes,No,No,No,Yes,Yes,Yes,1,2456.49,270.68,0.972,Service Center,Manual Review
CLM01255,MANUAL_255_LOW_OCR_CONFIDENCE,CUS01255,PROD01255,Smartphone,Aster,AST-SMA-1255,SN-2026-001255,2023-12-23,2024-06-23,2024-06-17,12,2024-12-23,Active,183,Yes,Noise,Electrical Failure,Yes,Yes,Yes,Yes,Yes,Yes,No,Yes,No,0,N/A,No,N/A,Yes,Yes,No,No,No,Yes,Yes,0,629.61,0.0,0.655,Email,Manual Review
CLM01256,MANUAL_256_SERIAL_WARNING,CUS01256,PROD01256,Printer,ZenCore,ZEN-PRI-1256,SN-2026-001256,2024-10-31,2025-04-30,2025-04-17,12,2025-10-31,Active,184,No,Connectivity Issue,Manufacturing Defect,Yes,Yes,Yes,Yes,Yes,Yes,Yes,No,No,0,N/A,No,N/A,Unknown,Yes,No,No,No,No,Yes,0,1389.71,0.0,0.84,Mobile App,Manual Review
CLM01257,MANUAL_257_UNCLEAR_REPAIR,CUS01257,PROD01257,Smartphone,NovaTech,NOV-SMA-1257,SN-2026-001257,2025-02-11,2025-08-11,2025-08-04,12,2026-02-11,Active,184,No,Mechanical Failure,Manufacturing Defect,Yes,Yes,Yes,Yes,Yes,Yes,Yes,No,Yes,1,Unknown,No,N/A,Yes,No,No,No,No,No,Yes,0,1201.82,0.0,0.877,Web,Manual Review
CLM01258,MANUAL_258_INCOMPLETE_EVIDENCE,CUS01258,PROD01258,Printer,NovaTech,NOV-PRI-1258,SN-2026-001258,2025-07-22,2027-01-22,2027-01-17,36,2028-07-22,Active,547,No,Power Failure,Manufacturing Defect,Yes,Yes,Yes,Yes,Yes,Yes,No,Yes,No,0,N/A,Yes,Yes,Yes,No,No,No,No,No,Yes,3,67.71,0.0,0.866,Mobile App,Manual Review
CLM01259,MANUAL_259_MISSING_DOCUMENT,CUS01259,PROD01259,Laptop,HomePro,HOM-LAP-1259,SN-2026-001259,2024-12-27,2025-06-27,2025-06-13,12,2025-12-27,Active,183,No,Power Failure,Manufacturing Defect,Yes,Yes,Yes,No,Yes,Yes,Yes,No,No,0,N/A,No,N/A,Yes,No,No,Yes,No,No,Yes,1,2207.58,0.0,0.771,Web,Manual Review
CLM01260,MANUAL_260_CONTRADICTION,CUS01260,PROD01260,Air Conditioner,NovaTech,NOV-AIR-1260,SN-2026-001260,2023-12-24,2025-06-24,2025-06-12,36,2026-12-24,Active,548,No,Power Failure,Electrical Failure,Yes,Yes,Yes,Yes,Yes,Yes,Yes,Yes,No,0,N/A,No,N/A,Yes,No,No,No,Yes,Yes,Yes,1,168.32,0.0,0.783,Web,Manual Review
CLM01261,MANUAL_261_LOW_OCR_CONFIDENCE,CUS01261,PROD01261,Laptop,ZenCore,ZEN-LAP-1261,SN-2026-001261,2024-06-18,2025-06-18,2025-06-15,24,2026-06-18,Active,365,No,Overheating,Manufacturing Defect,Yes,Yes,Yes,Yes,Yes,Yes,No,Yes,No,0,N/A,No,N/A,Yes,Yes,No,No,No,Yes,Yes,2,2814.25,0.0,0.656,Email,Manual Review
CLM01262,MANUAL_262_SERIAL_WARNING,CUS01262,PROD01262,Refrigerator,HomePro,HOM-REF-1262,SN-2026-001262,2023-09-09,2024-09-09,2024-08-28,24,2025-09-09,Active,365,No,Connectivity Issue,Electrical Failure,Yes,Yes,Yes,Yes,No,Yes,Yes,Yes,No,0,N/A,No,N/A,Unknown,Yes,No,No,No,No,Yes,3,1039.55,0.0,0.96,Mobile App,Manual Review
CLM01263,MANUAL_263_UNCLEAR_REPAIR,CUS01263,PROD01263,Smartphone,HomePro,HOM-SMA-1263,SN-2026-001263,2024-11-14,2025-11-14,2025-11-11,24,2026-11-14,Active,365,No,Noise,Manufacturing Defect,Yes,Yes,Yes,Yes,Yes,Yes,Yes,Yes,Yes,2,Unknown,No,N/A,Yes,Yes,No,No,No,No,Yes,0,2245.97,193.31,0.861,Email,Manual Review
CLM01264,MANUAL_264_INCOMPLETE_EVIDENCE,CUS01264,PROD01264,Refrigerator,Aster,AST-REF-1264,SN-2026-001264,2023-11-20,2024-11-20,2024-11-19,24,2025-11-20,Active,365,No,Water Leakage,Electrical Failure,Yes,Yes,No,Yes,Yes,Yes,No,Yes,No,0,N/A,No,N/A,Yes,Yes,No,No,No,No,No,1,1262.62,0.0,0.985,Web,Manual Review
CLM01265,MANUAL_265_MISSING_DOCUMENT,CUS01265,PROD01265,Washing Machine,HomePro,HOM-WAS-1265,SN-2026-001265,2023-11-08,2025-05-08,2025-05-02,36,2026-11-08,Active,549,No,Battery Problem,Manufacturing Defect,Yes,Yes,Yes,No,Yes,Yes,No,No,Yes,3,Yes,No,N/A,Yes,Yes,No,No,No,No,Yes,0,268.76,280.22,0.85,Service Center,Manual Review
CLM01266,MANUAL_266_CONTRADICTION,CUS01266,PROD01266,Printer,Aster,AST-PRI-1266,SN-2026-001266,2024-10-06,2025-04-06,2025-03-23,12,2025-10-06,Active,183,No,Overheating,Manufacturing Defect,Yes,Yes,Yes,Yes,Yes,Yes,Yes,Yes,No,0,N/A,No,N/A,Yes,No,No,No,Yes,Yes,Yes,3,956.82,0.0,0.765,Web,Manual Review
CLM01267,MANUAL_267_LOW_OCR_CONFIDENCE,CUS01267,PROD01267,Printer,NovaTech,NOV-PRI-1267,SN-2026-001267,2025-08-24,2026-02-24,2026-02-15,12,2026-08-24,Active,181,No,Battery Problem,Electrical Failure,Yes,Yes,Yes,Yes,Yes,Yes,Yes,No,No,0,N/A,No,N/A,Yes,Yes,No,No,No,Yes,Yes,2,522.92,0.0,0.556,Web,Manual Review
CLM01268,MANUAL_268_SERIAL_WARNING,CUS01268,PROD01268,Air Conditioner,HomePro,HOM-AIR-1268,SN-2026-001268,2023-06-06,2023-12-06,2023-11-29,12,2024-06-06,Active,183,No,Connectivity Issue,Electrical Failure,Yes,Yes,Yes,Yes,Yes,Yes,Yes,No,No,0,N/A,No,N/A,Unknown,Yes,No,No,No,No,Yes,3,1029.18,0.0,0.949,Web,Manual Review
CLM01269,MANUAL_269_UNCLEAR_REPAIR,CUS01269,PROD01269,Laptop,ZenCore,ZEN-LAP-1269,SN-2026-001269,2025-01-26,2026-01-26,2026-01-12,24,2027-01-26,Active,365,No,Battery Problem,Electrical Failure,Yes,Yes,Yes,Yes,Yes,Yes,Yes,Yes,Yes,2,Unknown,No,N/A,Yes,Yes,No,No,No,No,Yes,1,146.58,0.0,0.989,Mobile App,Manual Review
CLM01270,MANUAL_270_INCOMPLETE_EVIDENCE,CUS01270,PROD01270,Printer,Aster,AST-PRI-1270,SN-2026-001270,2024-08-16,2025-08-16,2025-08-14,24,2026-08-16,Active,365,No,Battery Problem,Electrical Failure,Yes,Yes,Yes,Yes,Yes,Yes,No,Yes,Yes,2,No,No,N/A,Yes,Yes,No,No,No,No,Yes,2,1189.67,309.07,0.88,Service Center,Manual Review
CLM01271,MANUAL_271_MISSING_DOCUMENT,CUS01271,PROD01271,Refrigerator,NovaTech,NOV-REF-1271,SN-2026-001271,2024-06-26,2025-12-26,2025-12-17,36,2027-06-26,Active,547,No,Display Failure,Manufacturing Defect,Yes,Yes,Yes,No,Yes,Yes,No,No,No,0,N/A,No,N/A,Yes,Yes,No,No,No,No,Yes,0,1870.11,0.0,0.769,Service Center,Manual Review
CLM01272,MANUAL_272_CONTRADICTION,CUS01272,PROD01272,Printer,NovaTech,NOV-PRI-1272,SN-2026-001272,2024-03-29,2025-03-29,2025-03-17,24,2026-03-29,Active,365,No,Display Failure,Electrical Failure,Yes,Yes,Yes,No,No,Yes,Yes,Yes,Yes,3,No,No,N/A,Yes,No,No,No,Yes,No,Yes,1,321.75,921.08,0.957,Web,Manual Review
CLM01273,MANUAL_273_LOW_OCR_CONFIDENCE,CUS01273,PROD01273,Camera,PrimeView,PRI-CAM-1273,SN-2026-001273,2023-05-12,2023-11-12,2023-11-04,12,2024-05-12,Active,182,No,Connectivity Issue,Manufacturing Defect,Yes,Yes,Yes,Yes,Yes,Yes,Yes,Yes,No,0,N/A,No,N/A,No,Yes,No,No,No,Yes,Yes,3,1881.39,0.0,0.665,Email,Manual Review
CLM01274,MANUAL_274_SERIAL_WARNING,CUS01274,PROD01274,Television,PrimeView,PRI-TEL-1274,SN-2026-001274,2024-09-07,2025-09-07,2025-08-24,24,2026-09-07,Active,365,No,Noise,Manufacturing Defect,Yes,Yes,Yes,Yes,Yes,Yes,Yes,Yes,Yes,3,Yes,No,N/A,Unknown,Yes,No,No,No,No,Yes,0,2907.32,928.61,0.857,Email,Manual Review
CLM01275,MANUAL_275_UNCLEAR_REPAIR,CUS01275,PROD01275,Camera,PrimeView,PRI-CAM-1275,SN-2026-001275,2023-11-28,2024-11-28,2024-11-14,24,2025-11-28,Active,365,No,Battery Problem,Manufacturing Defect,Yes,Yes,Yes,No,No,No,No,No,Yes,1,Unknown,No,N/A,No,Yes,No,No,Yes,No,Yes,1,649.96,0.0,0.824,Web,Manual Review
CLM01276,MANUAL_276_INCOMPLETE_EVIDENCE,CUS01276,PROD01276,Air Conditioner,PrimeView,PRI-AIR-1276,SN-2026-001276,2024-09-19,2025-03-19,2025-03-09,12,2025-09-19,Active,184,No,Connectivity Issue,Electrical Failure,Yes,Yes,Yes,Yes,Yes,Yes,No,Yes,No,0,N/A,No,N/A,Yes,Yes,No,No,No,No,Yes,2,2194.96,0.0,0.794,Service Center,Manual Review
CLM01277,MANUAL_277_MISSING_DOCUMENT,CUS01277,PROD01277,Television,PrimeView,PRI-TEL-1277,SN-2026-001277,2023-12-10,2024-12-10,2024-11-26,24,2025-12-10,Active,365,Yes,Noise,Manufacturing Defect,Yes,Yes,Yes,Yes,Yes,No,No,No,No,0,N/A,No,N/A,Yes,Yes,No,No,No,No,Yes,2,2896.87,0.0,0.886,Mobile App,Manual Review
CLM01278,MANUAL_278_CONTRADICTION,CUS01278,PROD01278,Smartphone,ZenCore,ZEN-SMA-1278,SN-2026-001278,2025-08-30,2027-02-28,2027-02-23,36,2028-08-30,Active,549,No,Power Failure,Electrical Failure,Yes,Yes,Yes,Yes,Yes,No,Yes,Yes,No,0,N/A,No,N/A,Yes,No,No,No,Yes,No,Yes,2,984.44,0.0,0.872,Mobile App,Manual Review
CLM01279,MANUAL_279_LOW_OCR_CONFIDENCE,CUS01279,PROD01279,Air Conditioner,NovaTech,NOV-AIR-1279,SN-2026-001279,2023-04-20,2024-10-20,2024-10-12,36,2026-04-20,Active,547,No,Water Leakage,Manufacturing Defect,Yes,Yes,Yes,Yes,Yes,Yes,Yes,Yes,No,0,N/A,No,N/A,Yes,Yes,No,Yes,No,Yes,Yes,1,1822.45,0.0,0.683,Service Center,Manual Review
CLM01280,MANUAL_280_SERIAL_WARNING,CUS01280,PROD01280,Air Conditioner,HomePro,HOM-AIR-1280,SN-2026-001280,2024-04-17,2025-10-17,2025-10-08,36,2027-04-17,Active,547,No,Power Failure,Manufacturing Defect,Yes,Yes,Yes,No,Yes,Yes,No,Yes,No,0,N/A,No,N/A,Unknown,Yes,No,No,No,No,Yes,2,361.67,0.0,0.922,Service Center,Manual Review
CLM01281,MANUAL_281_UNCLEAR_REPAIR,CUS01281,PROD01281,Television,HomePro,HOM-TEL-1281,SN-2026-001281,2024-09-25,2025-09-25,2025-09-14,24,2026-09-25,Active,365,No,Water Leakage,Manufacturing Defect,Yes,Yes,Yes,No,Yes,No,Yes,No,Yes,1,Unknown,No,N/A,Yes,Yes,No,No,No,No,Yes,1,2126.19,0.0,0.989,Email,Manual Review
CLM01282,MANUAL_282_INCOMPLETE_EVIDENCE,CUS01282,PROD01282,Refrigerator,NovaTech,NOV-REF-1282,SN-2026-001282,2025-01-19,2025-07-19,2025-07-12,12,2026-01-19,Active,184,No,Overheating,Electrical Failure,Yes,Yes,Yes,Yes,Yes,Yes,No,Yes,No,0,N/A,Yes,Yes,Yes,Yes,No,No,No,No,Yes,2,991.39,0.0,0.945,Email,Manual Review
CLM01283,MANUAL_283_MISSING_DOCUMENT,CUS01283,PROD01283,Camera,PrimeView,PRI-CAM-1283,SN-2026-001283,2023-10-07,2024-10-07,2024-09-28,24,2025-10-07,Active,365,No,Power Failure,Manufacturing Defect,Yes,Yes,Yes,No,Yes,No,Yes,No,No,0,N/A,No,N/A,Yes,Yes,No,No,No,No,Yes,1,2929.37,0.0,0.923,Web,Manual Review
CLM01284,MANUAL_284_CONTRADICTION,CUS01284,PROD01284,Laptop,HomePro,HOM-LAP-1284,SN-2026-001284,2026-03-29,2027-03-29,2027-03-24,24,2028-03-29,Active,366,Yes,Display Failure,Electrical Failure,Yes,Yes,Yes,Yes,Yes,Yes,Yes,Yes,No,0,N/A,No,N/A,Yes,No,No,No,Yes,Yes,Yes,1,2802.99,0.0,0.908,Email,Manual Review
CLM01285,MANUAL_285_LOW_OCR_CONFIDENCE,CUS01285,PROD01285,Television,Aster,AST-TEL-1285,SN-2026-001285,2025-11-21,2026-05-21,2026-05-15,12,2026-11-21,Active,184,No,Overheating,Electrical Failure,Yes,Yes,Yes,Yes,Yes,Yes,Yes,Yes,No,0,N/A,No,N/A,Yes,Yes,No,No,No,Yes,Yes,3,61.21,0.0,0.487,Service Center,Manual Review
CLM01286,MANUAL_286_SERIAL_WARNING,CUS01286,PROD01286,Washing Machine,PrimeView,PRI-WAS-1286,SN-2026-001286,2024-08-09,2025-02-09,2025-02-06,12,2025-08-09,Active,181,No,Battery Problem,Manufacturing Defect,Yes,Yes,Yes,Yes,Yes,Yes,Yes,Yes,No,0,N/A,No,N/A,Unknown,Yes,No,No,No,No,Yes,2,2367.6,0.0,0.836,Mobile App,Manual Review
CLM01287,MANUAL_287_UNCLEAR_REPAIR,CUS01287,PROD01287,Printer,HomePro,HOM-PRI-1287,SN-2026-001287,2024-02-06,2025-02-06,2025-02-03,24,2026-02-06,Active,365,No,Display Failure,Manufacturing Defect,Yes,Yes,Yes,Yes,Yes,Yes,Yes,No,Yes,1,Unknown,Yes,Yes,No,Yes,No,No,No,No,Yes,2,1543.24,1345.05,0.841,Web,Manual Review
CLM01288,MANUAL_288_INCOMPLETE_EVIDENCE,CUS01288,PROD01288,Washing Machine,NovaTech,NOV-WAS-1288,SN-2026-001288,2024-04-11,2025-04-11,2025-04-04,24,2026-04-11,Active,365,No,Noise,Manufacturing Defect,Yes,Yes,Yes,No,Yes,Yes,No,Yes,No,0,N/A,No,N/A,Yes,Yes,Yes,No,No,No,Yes,2,1163.58,0.0,0.937,Mobile App,Manual Review
CLM01289,MANUAL_289_MISSING_DOCUMENT,CUS01289,PROD01289,Refrigerator,NovaTech,NOV-REF-1289,SN-2026-001289,2025-05-01,2025-11-01,2025-10-24,12,2026-05-01,Active,181,No,Overheating,Electrical Failure,Yes,Yes,Yes,Yes,Yes,No,Yes,No,No,0,N/A,Yes,Yes,Yes,Yes,No,No,No,No,Yes,0,2396.38,0.0,0.849,Mobile App,Manual Review
CLM01290,MANUAL_290_CONTRADICTION,CUS01290,PROD01290,Air Conditioner,ZenCore,ZEN-AIR-1290,SN-2026-001290,2024-01-02,2025-07-02,2025-06-26,36,2027-01-02,Active,549,No,Mechanical Failure,Electrical Failure,Yes,Yes,Yes,Yes,Yes,Yes,Yes,Yes,No,0,N/A,No,N/A,Yes,No,No,No,Yes,Yes,Yes,0,2893.5,0.0,0.755,Web,Manual Review
CLM01291,MANUAL_291_LOW_OCR_CONFIDENCE,CUS01291,PROD01291,Camera,ZenCore,ZEN-CAM-1291,SN-2026-001291,2023-08-10,2024-08-10,2024-08-06,24,2025-08-10,Active,365,No,Display Failure,Manufacturing Defect,Yes,Yes,Yes,Yes,Yes,Yes,Yes,Yes,Yes,2,Yes,No,N/A,Yes,Yes,No,No,No,Yes,Yes,3,515.76,593.08,0.506,Email,Manual Review
CLM01292,MANUAL_292_SERIAL_WARNING,CUS01292,PROD01292,Smartphone,HomePro,HOM-SMA-1292,SN-2026-001292,2023-07-17,2025-01-17,2025-01-08,36,2026-07-17,Active,546,No,Water Leakage,Manufacturing Defect,Yes,Yes,Yes,Yes,Yes,Yes,Yes,Yes,No,0,N/A,No,N/A,Unknown,Yes,No,No,No,No,Yes,0,2132.88,0.0,0.817,Email,Manual Review
CLM01293,MANUAL_293_UNCLEAR_REPAIR,CUS01293,PROD01293,Washing Machine,ZenCore,ZEN-WAS-1293,SN-2026-001293,2025-10-27,2027-04-27,2027-04-13,36,2028-10-27,Active,549,No,Connectivity Issue,Manufacturing Defect,Yes,Yes,Yes,Yes,Yes,No,Yes,No,Yes,1,Unknown,No,N/A,Yes,Yes,No,No,No,No,Yes,2,2831.67,0.0,0.829,Mobile App,Manual Review
CLM01294,MANUAL_294_INCOMPLETE_EVIDENCE,CUS01294,PROD01294,Smartphone,Aster,AST-SMA-1294,SN-2026-001294,2025-11-30,2026-11-30,2026-11-24,24,2027-11-30,Active,365,No,Overheating,Manufacturing Defect,Yes,Yes,Yes,Yes,Yes,Yes,No,Yes,No,0,N/A,No,N/A,Yes,Yes,No,No,No,No,Yes,1,763.56,0.0,0.773,Mobile App,Manual Review
CLM01295,MANUAL_295_MISSING_DOCUMENT,CUS01295,PROD01295,Laptop,NovaTech,NOV-LAP-1295,SN-2026-001295,2024-10-28,2025-10-28,2025-10-22,24,2026-10-28,Active,365,No,Display Failure,Electrical Failure,Yes,Yes,Yes,Yes,Yes,Yes,Yes,No,No,0,N/A,No,N/A,No,Yes,No,No,No,No,Yes,0,841.36,0.0,0.838,Email,Manual Review
CLM01296,MANUAL_296_CONTRADICTION,CUS01296,PROD01296,Camera,NovaTech,NOV-CAM-1296,SN-2026-001296,2024-04-23,2025-04-23,2025-04-20,24,2026-04-23,Active,365,No,Power Failure,Electrical Failure,Yes,Yes,No,Yes,Yes,Yes,Yes,Yes,No,0,N/A,No,N/A,Yes,No,No,No,Yes,No,No,0,2291.06,0.0,0.935,Mobile App,Manual Review
CLM01297,MANUAL_297_LOW_OCR_CONFIDENCE,CUS01297,PROD01297,Camera,PrimeView,PRI-CAM-1297,SN-2026-001297,2024-01-09,2025-07-09,2025-06-26,36,2027-01-09,Active,549,No,Mechanical Failure,Manufacturing Defect,Yes,Yes,Yes,Yes,Yes,Yes,Yes,Yes,Yes,3,No,No,N/A,Yes,Yes,No,Yes,No,Yes,Yes,1,1615.77,1438.34,0.498,Email,Manual Review
CLM01298,MANUAL_298_SERIAL_WARNING,CUS01298,PROD01298,Refrigerator,Aster,AST-REF-1298,SN-2026-001298,2025-07-18,2026-07-18,2026-07-09,24,2027-07-18,Active,365,No,Battery Problem,Manufacturing Defect,Yes,Yes,Yes,Yes,Yes,Yes,Yes,Yes,Yes,2,Yes,No,N/A,Unknown,Yes,No,No,No,No,Yes,3,1188.61,226.47,0.969,Email,Manual Review
CLM01299,MANUAL_299_UNCLEAR_REPAIR,CUS01299,PROD01299,Laptop,HomePro,HOM-LAP-1299,SN-2026-001299,2023-12-07,2025-06-07,2025-05-28,36,2026-12-07,Active,548,No,Overheating,Electrical Failure,Yes,Yes,Yes,Yes,Yes,Yes,Yes,No,Yes,1,Unknown,No,N/A,Yes,Yes,No,No,No,No,Yes,1,527.16,0.0,0.916,Web,Manual Review
CLM01300,MANUAL_300_INCOMPLETE_EVIDENCE,CUS01300,PROD01300,Laptop,NovaTech,NOV-LAP-1300,SN-2026-001300,2025-09-26,2026-09-26,2026-09-13,24,2027-09-26,Active,365,No,Display Failure,Manufacturing Defect,Yes,Yes,Yes,No,Yes,Yes,No,No,No,0,N/A,No,N/A,Yes,Yes,No,No,No,No,Yes,1,166.35,0.0,0.864,Web,Manual Review
CLM01301,MANUAL_301_MISSING_DOCUMENT,CUS01301,PROD01301,Camera,Aster,AST-CAM-1301,SN-2026-001301,2024-01-06,2024-07-06,2024-07-01,12,2025-01-06,Active,184,No,Connectivity Issue,Manufacturing Defect,Yes,Yes,Yes,No,Yes,Yes,Yes,No,No,0,N/A,Yes,Yes,Yes,Yes,No,No,No,No,Yes,0,848.58,0.0,0.822,Email,Manual Review
CLM01302,MANUAL_302_CONTRADICTION,CUS01302,PROD01302,Printer,PrimeView,PRI-PRI-1302,SN-2026-001302,2024-10-07,2025-10-07,2025-09-24,24,2026-10-07,Active,365,No,Connectivity Issue,Manufacturing Defect,Yes,Yes,Yes,Yes,Yes,Yes,Yes,Yes,No,0,N/A,No,N/A,Yes,No,No,No,Yes,Yes,Yes,3,1668.77,0.0,0.81,Email,Manual Review
CLM01303,MANUAL_303_LOW_OCR_CONFIDENCE,CUS01303,PROD01303,Television,NovaTech,NOV-TEL-1303,SN-2026-001303,2025-06-01,2026-12-01,2026-11-28,36,2028-06-01,Active,548,No,Water Leakage,Manufacturing Defect,Yes,Yes,Yes,Yes,Yes,Yes,Yes,Yes,No,0,N/A,No,N/A,Yes,Yes,No,No,No,Yes,Yes,3,399.96,0.0,0.51,Web,Manual Review
CLM01304,MANUAL_304_SERIAL_WARNING,CUS01304,PROD01304,Camera,ZenCore,ZEN-CAM-1304,SN-2026-001304,2024-01-19,2025-07-19,2025-07-13,36,2027-01-19,Active,549,Yes,Display Failure,Manufacturing Defect,Yes,Yes,Yes,Yes,Yes,Yes,Yes,No,No,0,N/A,No,N/A,Unknown,Yes,No,No,No,No,Yes,2,1812.55,0.0,0.844,Email,Manual Review
CLM01305,MANUAL_305_UNCLEAR_REPAIR,CUS01305,PROD01305,Air Conditioner,HomePro,HOM-AIR-1305,SN-2026-001305,2023-02-27,2023-08-27,2023-08-16,12,2024-02-27,Active,184,No,Water Leakage,Manufacturing Defect,Yes,Yes,Yes,Yes,Yes,Yes,Yes,No,Yes,2,Unknown,No,N/A,Yes,Yes,No,No,No,No,Yes,1,2090.48,1236.75,0.969,Mobile App,Manual Review
CLM01306,MANUAL_306_INCOMPLETE_EVIDENCE,CUS01306,PROD01306,Washing Machine,HomePro,HOM-WAS-1306,SN-2026-001306,2024-05-28,2025-11-28,2025-11-24,36,2027-05-28,Active,546,No,Battery Problem,Manufacturing Defect,Yes,Yes,Yes,Yes,Yes,Yes,No,Yes,No,0,N/A,No,N/A,Yes,Yes,No,No,No,No,Yes,2,2630.31,0.0,0.889,Web,Manual Review
CLM01307,MANUAL_307_MISSING_DOCUMENT,CUS01307,PROD01307,Air Conditioner,NovaTech,NOV-AIR-1307,SN-2026-001307,2023-02-14,2023-08-14,2023-08-03,12,2024-02-14,Active,184,No,Water Leakage,Manufacturing Defect,Yes,Yes,Yes,Yes,Yes,No,Yes,No,No,0,N/A,No,N/A,Yes,Yes,No,No,No,No,Yes,2,1540.7,0.0,0.925,Web,Manual Review
CLM01308,MANUAL_308_CONTRADICTION,CUS01308,PROD01308,Air Conditioner,Aster,AST-AIR-1308,SN-2026-001308,2023-09-09,2024-03-09,2024-02-28,12,2024-09-09,Active,184,No,Water Leakage,Manufacturing Defect,Yes,Yes,No,Yes,No,Yes,No,Yes,No,0,N/A,No,N/A,Yes,No,No,No,Yes,No,No,1,990.24,0.0,0.818,Email,Manual Review
CLM01309,MANUAL_309_LOW_OCR_CONFIDENCE,CUS01309,PROD01309,Camera,Aster,AST-CAM-1309,SN-2026-001309,2025-05-27,2026-05-27,2026-05-21,24,2027-05-27,Active,365,No,Noise,Manufacturing Defect,Yes,Yes,Yes,Yes,Yes,No,Yes,Yes,No,0,N/A,No,N/A,Yes,Yes,No,No,No,Yes,Yes,0,1584.54,0.0,0.609,Web,Manual Review
CLM01310,MANUAL_310_SERIAL_WARNING,CUS01310,PROD01310,Refrigerator,PrimeView,PRI-REF-1310,SN-2026-001310,2025-03-11,2026-09-11,2026-09-06,36,2028-03-11,Active,547,No,Overheating,Manufacturing Defect,Yes,Yes,Yes,No,Yes,Yes,Yes,No,No,0,N/A,No,N/A,Unknown,Yes,No,No,No,No,Yes,0,1973.72,0.0,0.89,Email,Manual Review
CLM01311,MANUAL_311_UNCLEAR_REPAIR,CUS01311,PROD01311,Air Conditioner,NovaTech,NOV-AIR-1311,SN-2026-001311,2025-08-16,2026-02-16,2026-02-05,12,2026-08-16,Active,181,No,Overheating,Manufacturing Defect,Yes,Yes,Yes,Yes,Yes,Yes,Yes,Yes,Yes,1,Unknown,No,N/A,Yes,Yes,No,No,No,No,Yes,1,1683.79,0.0,0.895,Mobile App,Manual Review
CLM01312,MANUAL_312_INCOMPLETE_EVIDENCE,CUS01312,PROD01312,Laptop,NovaTech,NOV-LAP-1312,SN-2026-001312,2023-08-24,2024-02-24,2024-02-18,12,2024-08-24,Active,182,No,Water Leakage,Electrical Failure,Yes,Yes,Yes,No,Yes,Yes,No,Yes,No,0,N/A,Yes,Yes,Yes,Yes,No,No,No,No,Yes,0,1869.01,0.0,0.913,Mobile App,Manual Review
CLM01313,MANUAL_313_MISSING_DOCUMENT,CUS01313,PROD01313,Laptop,NovaTech,NOV-LAP-1313,SN-2026-001313,2024-07-23,2025-07-23,2025-07-16,24,2026-07-23,Active,365,No,Mechanical Failure,Manufacturing Defect,Yes,Yes,Yes,No,Yes,Yes,Yes,No,No,0,N/A,Yes,Yes,Yes,Yes,No,No,No,No,Yes,0,1870.37,0.0,0.94,Email,Manual Review
CLM01314,MANUAL_314_CONTRADICTION,CUS01314,PROD01314,Smartphone,Aster,AST-SMA-1314,SN-2026-001314,2023-03-11,2024-09-11,2024-08-30,36,2026-03-11,Active,546,Yes,Display Failure,Manufacturing Defect,Yes,Yes,Yes,Yes,Yes,Yes,Yes,Yes,Yes,3,Yes,No,N/A,Yes,No,No,No,Yes,Yes,Yes,2,749.62,754.05,0.776,Email,Manual Review
CLM01315,MANUAL_315_LOW_OCR_CONFIDENCE,CUS01315,PROD01315,Camera,PrimeView,PRI-CAM-1315,SN-2026-001315,2024-09-20,2026-03-20,2026-03-18,36,2027-09-20,Active,549,No,Connectivity Issue,Manufacturing Defect,Yes,Yes,Yes,Yes,Yes,Yes,Yes,Yes,Yes,2,Yes,No,N/A,Yes,Yes,No,No,No,Yes,Yes,0,937.14,1186.59,0.607,Mobile App,Manual Review
CLM01316,MANUAL_316_SERIAL_WARNING,CUS01316,PROD01316,Washing Machine,ZenCore,ZEN-WAS-1316,SN-2026-001316,2023-07-05,2025-01-05,2024-12-22,36,2026-07-05,Active,546,Yes,Water Leakage,Manufacturing Defect,Yes,Yes,Yes,Yes,Yes,Yes,Yes,No,No,0,N/A,No,N/A,Unknown,Yes,No,No,No,No,Yes,0,1766.2,0.0,0.755,Web,Manual Review
CLM01317,MANUAL_317_UNCLEAR_REPAIR,CUS01317,PROD01317,Printer,PrimeView,PRI-PRI-1317,SN-2026-001317,2023-03-17,2023-09-17,2023-09-11,12,2024-03-17,Active,182,No,Noise,Electrical Failure,Yes,Yes,Yes,Yes,Yes,Yes,Yes,Yes,Yes,1,Unknown,No,N/A,Yes,Yes,No,No,No,No,Yes,2,845.72,901.84,0.983,Mobile App,Manual Review
CLM01318,MANUAL_318_INCOMPLETE_EVIDENCE,CUS01318,PROD01318,Smartphone,Aster,AST-SMA-1318,SN-2026-001318,2025-02-06,2026-08-06,2026-07-28,36,2028-02-06,Active,549,No,Connectivity Issue,Electrical Failure,Yes,Yes,Yes,Yes,Yes,Yes,No,No,No,0,N/A,No,N/A,Yes,Yes,No,No,No,No,Yes,2,693.3,0.0,0.87,Web,Manual Review
CLM01319,MANUAL_319_MISSING_DOCUMENT,CUS01319,PROD01319,Television,Aster,AST-TEL-1319,SN-2026-001319,2023-12-13,2025-06-13,2025-06-02,36,2026-12-13,Active,548,No,Power Failure,Manufacturing Defect,Yes,Yes,Yes,No,Yes,Yes,Yes,No,Yes,3,No,No,N/A,Yes,Yes,No,No,No,No,Yes,1,951.0,1193.4,0.848,Service Center,Manual Review
CLM01320,MANUAL_320_CONTRADICTION,CUS01320,PROD01320,Printer,PrimeView,PRI-PRI-1320,SN-2026-001320,2024-09-02,2026-03-02,2026-02-23,36,2027-09-02,Active,549,Yes,Mechanical Failure,Electrical Failure,Yes,Yes,Yes,Yes,Yes,Yes,Yes,Yes,Yes,2,Yes,No,N/A,Yes,No,No,No,Yes,Yes,Yes,3,778.9,879.47,0.839,Service Center,Manual Review
CLM01321,MANUAL_321_LOW_OCR_CONFIDENCE,CUS01321,PROD01321,Camera,Aster,AST-CAM-1321,SN-2026-001321,2023-05-25,2024-05-25,2024-05-20,24,2025-05-25,Active,365,No,Power Failure,Electrical Failure,Yes,Yes,No,No,Yes,No,Yes,Yes,Yes,2,Yes,No,N/A,Yes,Yes,No,No,No,Yes,No,1,2358.81,589.09,0.578,Service Center,Manual Review
CLM01322,MANUAL_322_SERIAL_WARNING,CUS01322,PROD01322,Printer,ZenCore,ZEN-PRI-1322,SN-2026-001322,2025-10-08,2026-04-08,2026-04-02,12,2026-10-08,Active,183,No,Power Failure,Manufacturing Defect,Yes,Yes,Yes,Yes,Yes,Yes,Yes,Yes,No,0,N/A,Yes,Yes,Unknown,Yes,No,Yes,No,No,Yes,1,2181.75,0.0,0.827,Mobile App,Manual Review
CLM01323,MANUAL_323_UNCLEAR_REPAIR,CUS01323,PROD01323,Smartphone,ZenCore,ZEN-SMA-1323,SN-2026-001323,2025-07-07,2026-01-07,2026-01-01,12,2026-07-07,Active,181,No,Connectivity Issue,Manufacturing Defect,Yes,Yes,Yes,Yes,Yes,Yes,Yes,Yes,Yes,1,Unknown,Yes,No,Yes,Yes,No,No,No,No,Yes,0,1190.12,0.0,0.957,Email,Manual Review
CLM01324,MANUAL_324_INCOMPLETE_EVIDENCE,CUS01324,PROD01324,Laptop,PrimeView,PRI-LAP-1324,SN-2026-001324,2025-04-27,2026-10-27,2026-10-18,36,2028-04-27,Active,548,Yes,Water Leakage,Manufacturing Defect,Yes,Yes,Yes,Yes,Yes,Yes,No,No,No,0,N/A,No,N/A,Yes,Yes,No,No,No,No,Yes,2,2793.37,0.0,0.901,Web,Manual Review
CLM01325,MANUAL_325_MISSING_DOCUMENT,CUS01325,PROD01325,Television,ZenCore,ZEN-TEL-1325,SN-2026-001325,2025-07-27,2027-01-27,2027-01-15,36,2028-07-27,Active,547,Yes,Display Failure,Electrical Failure,Yes,Yes,Yes,Yes,Yes,Yes,Yes,No,No,0,N/A,No,N/A,Yes,Yes,No,No,No,No,Yes,1,1639.36,0.0,0.845,Email,Manual Review
CLM01326,MANUAL_326_CONTRADICTION,CUS01326,PROD01326,Refrigerator,ZenCore,ZEN-REF-1326,SN-2026-001326,2023-03-17,2024-09-17,2024-09-08,36,2026-03-17,Active,546,No,Power Failure,Electrical Failure,Yes,Yes,Yes,Yes,Yes,Yes,Yes,No,No,0,N/A,No,N/A,Yes,No,No,No,Yes,Yes,Yes,1,2087.77,0.0,0.975,Web,Manual Review
CLM01327,MANUAL_327_LOW_OCR_CONFIDENCE,CUS01327,PROD01327,Television,Aster,AST-TEL-1327,SN-2026-001327,2025-06-29,2025-12-29,2025-12-20,12,2026-06-29,Active,182,No,Mechanical Failure,Electrical Failure,Yes,Yes,Yes,Yes,Yes,Yes,Yes,Yes,No,0,N/A,No,N/A,Yes,Yes,No,No,No,Yes,Yes,1,2889.0,0.0,0.659,Web,Manual Review
CLM01328,MANUAL_328_SERIAL_WARNING,CUS01328,PROD01328,Air Conditioner,NovaTech,NOV-AIR-1328,SN-2026-001328,2026-03-25,2027-09-25,2027-09-20,36,2029-03-25,Active,547,Yes,Battery Problem,Electrical Failure,Yes,Yes,Yes,Yes,Yes,Yes,Yes,Yes,No,0,N/A,No,N/A,Unknown,Yes,No,No,No,No,Yes,1,1085.26,0.0,0.979,Email,Manual Review
CLM01329,MANUAL_329_UNCLEAR_REPAIR,CUS01329,PROD01329,Washing Machine,PrimeView,PRI-WAS-1329,SN-2026-001329,2025-04-23,2025-10-23,2025-10-19,12,2026-04-23,Active,182,Yes,Battery Problem,Manufacturing Defect,Yes,Yes,Yes,Yes,Yes,Yes,Yes,Yes,Yes,2,Unknown,No,N/A,Yes,Yes,No,No,No,No,Yes,1,379.4,0.0,0.842,Email,Manual Review
CLM01330,MANUAL_330_INCOMPLETE_EVIDENCE,CUS01330,PROD01330,Printer,NovaTech,NOV-PRI-1330,SN-2026-001330,2023-02-12,2023-08-12,2023-08-05,12,2024-02-12,Active,184,No,Overheating,Manufacturing Defect,Yes,Yes,Yes,No,Yes,Yes,No,No,No,0,N/A,No,N/A,Yes,Yes,No,No,No,No,Yes,3,2764.74,0.0,0.963,Web,Manual Review
CLM01331,MANUAL_331_MISSING_DOCUMENT,CUS01331,PROD01331,Television,PrimeView,PRI-TEL-1331,SN-2026-001331,2023-04-27,2024-10-27,2024-10-21,36,2026-04-27,Active,547,No,Display Failure,Manufacturing Defect,Yes,Yes,Yes,No,Yes,Yes,Yes,No,No,0,N/A,No,N/A,Yes,Yes,No,No,No,No,Yes,1,1184.5,0.0,0.868,Mobile App,Manual Review
CLM01332,MANUAL_332_CONTRADICTION,CUS01332,PROD01332,Refrigerator,NovaTech,NOV-REF-1332,SN-2026-001332,2025-02-14,2026-02-14,2026-02-04,24,2027-02-14,Active,365,No,Water Leakage,Electrical Failure,Yes,Yes,No,Yes,No,Yes,No,Yes,Yes,1,Yes,No,N/A,Yes,No,No,No,Yes,No,No,0,1740.48,704.63,0.761,Web,Manual Review
CLM01333,MANUAL_333_LOW_OCR_CONFIDENCE,CUS01333,PROD01333,Printer,Aster,AST-PRI-1333,SN-2026-001333,2023-12-11,2024-06-11,2024-06-08,12,2024-12-11,Active,183,No,Connectivity Issue,Electrical Failure,Yes,Yes,No,No,Yes,Yes,Yes,No,Yes,2,Yes,No,N/A,Yes,Yes,No,No,No,Yes,No,1,2913.56,852.86,0.68,Service Center,Manual Review
CLM01334,MANUAL_334_SERIAL_WARNING,CUS01334,PROD01334,Television,Aster,AST-TEL-1334,SN-2026-001334,2023-01-21,2024-01-21,2024-01-09,24,2025-01-21,Active,366,No,Power Failure,Manufacturing Defect,Yes,Yes,Yes,No,Yes,Yes,Yes,No,No,0,N/A,No,N/A,Unknown,Yes,No,No,No,No,Yes,1,939.96,0.0,0.888,Mobile App,Manual Review
CLM01335,MANUAL_335_UNCLEAR_REPAIR,CUS01335,PROD01335,Camera,Aster,AST-CAM-1335,SN-2026-001335,2025-04-03,2026-10-03,2026-09-27,36,2028-04-03,Active,548,Yes,Water Leakage,Electrical Failure,Yes,Yes,Yes,Yes,Yes,Yes,Yes,Yes,Yes,1,Unknown,Yes,Yes,Yes,Yes,No,No,No,No,Yes,1,2936.69,0.0,0.757,Email,Manual Review
CLM01336,MANUAL_336_INCOMPLETE_EVIDENCE,CUS01336,PROD01336,Laptop,PrimeView,PRI-LAP-1336,SN-2026-001336,2025-08-11,2027-02-11,2027-02-07,36,2028-08-11,Active,547,No,Battery Problem,Manufacturing Defect,Yes,Yes,Yes,Yes,Yes,Yes,No,No,No,0,N/A,No,N/A,No,Yes,No,No,No,No,Yes,0,1434.48,0.0,0.937,Web,Manual Review
CLM01337,MANUAL_337_MISSING_DOCUMENT,CUS01337,PROD01337,Refrigerator,HomePro,HOM-REF-1337,SN-2026-001337,2026-03-06,2027-09-06,2027-08-30,36,2029-03-06,Active,547,No,Overheating,Manufacturing Defect,Yes,Yes,Yes,Yes,Yes,Yes,Yes,No,Yes,2,Yes,No,N/A,Yes,Yes,No,No,No,No,Yes,2,2652.09,614.23,0.977,Email,Manual Review
CLM01338,MANUAL_338_CONTRADICTION,CUS01338,PROD01338,Smartphone,HomePro,HOM-SMA-1338,SN-2026-001338,2025-03-18,2025-09-18,2025-09-15,12,2026-03-18,Active,181,No,Battery Problem,Manufacturing Defect,Yes,Yes,No,Yes,Yes,Yes,Yes,Yes,No,0,N/A,No,N/A,Yes,No,No,No,Yes,No,No,1,1130.11,0.0,0.872,Email,Manual Review
CLM01339,MANUAL_339_LOW_OCR_CONFIDENCE,CUS01339,PROD01339,Air Conditioner,HomePro,HOM-AIR-1339,SN-2026-001339,2025-08-20,2027-02-20,2027-02-08,36,2028-08-20,Active,547,Yes,Battery Problem,Manufacturing Defect,Yes,Yes,Yes,No,Yes,Yes,Yes,Yes,No,0,N/A,No,N/A,Yes,Yes,No,No,No,Yes,Yes,1,1164.15,0.0,0.629,Mobile App,Manual Review
CLM01340,MANUAL_340_SERIAL_WARNING,CUS01340,PROD01340,Washing Machine,HomePro,HOM-WAS-1340,SN-2026-001340,2025-01-13,2026-07-13,2026-06-29,36,2028-01-13,Active,549,No,Power Failure,Manufacturing Defect,Yes,Yes,Yes,Yes,Yes,Yes,Yes,Yes,No,0,N/A,No,N/A,Unknown,Yes,No,No,No,No,Yes,3,747.02,0.0,0.774,Mobile App,Manual Review
CLM01341,MANUAL_341_UNCLEAR_REPAIR,CUS01341,PROD01341,Smartphone,PrimeView,PRI-SMA-1341,SN-2026-001341,2023-10-09,2024-04-09,2024-04-03,12,2024-10-09,Active,183,No,Battery Problem,Manufacturing Defect,Yes,Yes,Yes,No,Yes,Yes,Yes,Yes,Yes,1,Unknown,No,N/A,Yes,Yes,No,No,No,No,Yes,2,834.35,0.0,0.939,Service Center,Manual Review
CLM01342,MANUAL_342_INCOMPLETE_EVIDENCE,CUS01342,PROD01342,Printer,Aster,AST-PRI-1342,SN-2026-001342,2026-02-18,2027-08-18,2027-08-13,36,2029-02-18,Active,550,No,Display Failure,Manufacturing Defect,Yes,Yes,Yes,No,Yes,Yes,No,Yes,Yes,2,No,No,N/A,Yes,Yes,No,No,No,No,Yes,3,500.35,533.57,0.887,Service Center,Manual Review
CLM01343,MANUAL_343_MISSING_DOCUMENT,CUS01343,PROD01343,Smartphone,HomePro,HOM-SMA-1343,SN-2026-001343,2025-03-23,2026-09-23,2026-09-12,36,2028-03-23,Active,547,No,Connectivity Issue,Manufacturing Defect,Yes,Yes,Yes,No,Yes,Yes,Yes,No,No,0,N/A,No,N/A,Yes,No,No,No,No,No,Yes,0,140.62,0.0,0.983,Email,Manual Review
CLM01344,MANUAL_344_CONTRADICTION,CUS01344,PROD01344,Smartphone,ZenCore,ZEN-SMA-1344,SN-2026-001344,2024-11-04,2026-05-04,2026-04-25,36,2027-11-04,Active,549,No,Battery Problem,Electrical Failure,Yes,Yes,No,Yes,Yes,Yes,Yes,No,Yes,1,Yes,No,N/A,Yes,No,Yes,No,Yes,No,No,0,1519.21,1074.25,0.893,Mobile App,Manual Review
CLM01345,MANUAL_345_LOW_OCR_CONFIDENCE,CUS01345,PROD01345,Smartphone,ZenCore,ZEN-SMA-1345,SN-2026-001345,2023-01-20,2024-01-20,2024-01-10,24,2025-01-20,Active,366,No,Power Failure,Electrical Failure,Yes,Yes,Yes,Yes,No,Yes,No,No,No,0,N/A,No,N/A,Yes,Yes,No,No,No,Yes,Yes,0,2021.35,0.0,0.67,Email,Manual Review
CLM01346,MANUAL_346_SERIAL_WARNING,CUS01346,PROD01346,Television,Aster,AST-TEL-1346,SN-2026-001346,2024-04-11,2025-04-11,2025-04-08,24,2026-04-11,Active,365,No,Display Failure,Electrical Failure,Yes,Yes,Yes,No,Yes,Yes,Yes,Yes,No,0,N/A,Yes,Yes,Unknown,Yes,No,No,No,No,Yes,1,2673.93,0.0,0.99,Mobile App,Manual Review
CLM01347,MANUAL_347_UNCLEAR_REPAIR,CUS01347,PROD01347,Printer,HomePro,HOM-PRI-1347,SN-2026-001347,2025-01-05,2026-07-05,2026-06-25,36,2028-01-05,Active,549,No,Display Failure,Electrical Failure,Yes,Yes,No,Yes,Yes,No,Yes,Yes,Yes,1,Unknown,No,N/A,Yes,Yes,No,No,No,No,No,3,2093.94,143.84,0.8,Service Center,Manual Review
CLM01348,MANUAL_348_INCOMPLETE_EVIDENCE,CUS01348,PROD01348,Printer,Aster,AST-PRI-1348,SN-2026-001348,2024-04-14,2024-10-14,2024-10-03,12,2025-04-14,Active,182,No,Mechanical Failure,Electrical Failure,Yes,Yes,Yes,Yes,Yes,Yes,No,Yes,Yes,3,No,No,N/A,Yes,No,No,No,No,No,Yes,1,135.97,532.97,0.961,Service Center,Manual Review
CLM01349,MANUAL_349_MISSING_DOCUMENT,CUS01349,PROD01349,Smartphone,Aster,AST-SMA-1349,SN-2026-001349,2025-08-25,2027-02-25,2027-02-19,36,2028-08-25,Active,547,No,Display Failure,Manufacturing Defect,Yes,Yes,Yes,No,Yes,Yes,No,No,No,0,N/A,No,N/A,Yes,Yes,No,No,No,No,Yes,1,2908.88,0.0,0.899,Web,Manual Review
CLM01350,MANUAL_350_CONTRADICTION,CUS01350,PROD01350,Camera,Aster,AST-CAM-1350,SN-2026-001350,2023-06-14,2024-12-14,2024-12-05,36,2026-06-14,Active,547,No,Power Failure,Manufacturing Defect,Yes,Yes,Yes,Yes,Yes,Yes,Yes,Yes,No,0,N/A,No,N/A,Yes,No,No,No,Yes,Yes,Yes,3,483.48,0.0,0.853,Mobile App,Manual Review
CLM01351,MANUAL_351_LOW_OCR_CONFIDENCE,CUS01351,PROD01351,Television,Aster,AST-TEL-1351,SN-2026-001351,2024-05-20,2024-11-20,2024-11-17,12,2025-05-20,Active,181,Yes,Battery Problem,Manufacturing Defect,Yes,Yes,Yes,Yes,Yes,Yes,Yes,Yes,No,0,N/A,No,N/A,Yes,Yes,No,Yes,No,Yes,Yes,2,1765.16,0.0,0.509,Web,Manual Review
CLM01352,MANUAL_352_SERIAL_WARNING,CUS01352,PROD01352,Television,HomePro,HOM-TEL-1352,SN-2026-001352,2024-05-17,2025-11-17,2025-11-16,36,2027-05-17,Active,546,Yes,Connectivity Issue,Electrical Failure,Yes,Yes,Yes,Yes,Yes,Yes,Yes,No,Yes,1,Yes,No,N/A,Unknown,Yes,No,No,No,No,Yes,3,2811.9,1192.07,0.813,Service Center,Manual Review
CLM01353,MANUAL_353_UNCLEAR_REPAIR,CUS01353,PROD01353,Camera,PrimeView,PRI-CAM-1353,SN-2026-001353,2026-03-17,2026-09-17,2026-09-16,12,2027-03-17,Active,181,No,Power Failure,Manufacturing Defect,Yes,Yes,Yes,Yes,Yes,Yes,Yes,Yes,Yes,2,Unknown,No,N/A,Yes,Yes,No,No,No,No,Yes,1,919.63,0.0,0.976,Service Center,Manual Review
CLM01354,MANUAL_354_INCOMPLETE_EVIDENCE,CUS01354,PROD01354,Laptop,NovaTech,NOV-LAP-1354,SN-2026-001354,2023-08-06,2025-02-06,2025-01-26,36,2026-08-06,Active,546,No,Mechanical Failure,Manufacturing Defect,Yes,Yes,Yes,Yes,Yes,Yes,No,No,No,0,N/A,Yes,Yes,Yes,Yes,No,No,No,No,Yes,0,1979.59,0.0,0.789,Web,Manual Review
CLM01355,MANUAL_355_MISSING_DOCUMENT,CUS01355,PROD01355,Smartphone,ZenCore,ZEN-SMA-1355,SN-2026-001355,2025-07-09,2026-07-09,2026-06-28,24,2027-07-09,Active,365,No,Display Failure,Manufacturing Defect,Yes,Yes,Yes,Yes,Yes,Yes,No,No,No,0,N/A,No,N/A,Yes,Yes,No,No,No,No,Yes,1,1926.6,0.0,0.751,Mobile App,Manual Review
CLM01356,MANUAL_356_CONTRADICTION,CUS01356,PROD01356,Smartphone,NovaTech,NOV-SMA-1356,SN-2026-001356,2023-07-31,2024-01-31,2024-01-21,12,2024-07-31,Active,182,No,Water Leakage,Manufacturing Defect,Yes,Yes,Yes,Yes,Yes,Yes,Yes,Yes,No,0,N/A,No,N/A,Yes,No,No,No,Yes,Yes,Yes,0,1749.2,0.0,0.836,Email,Manual Review
CLM01357,MANUAL_357_LOW_OCR_CONFIDENCE,CUS01357,PROD01357,Laptop,ZenCore,ZEN-LAP-1357,SN-2026-001357,2024-12-31,2025-12-31,2025-12-25,24,2026-12-31,Active,365,No,Display Failure,Manufacturing Defect,Yes,Yes,Yes,No,Yes,Yes,Yes,Yes,No,0,N/A,No,N/A,No,Yes,No,No,No,Yes,Yes,1,1642.09,0.0,0.498,Service Center,Manual Review
CLM01358,MANUAL_358_SERIAL_WARNING,CUS01358,PROD01358,Camera,HomePro,HOM-CAM-1358,SN-2026-001358,2024-11-11,2026-05-11,2026-04-30,36,2027-11-11,Active,549,No,Noise,Manufacturing Defect,Yes,Yes,Yes,Yes,Yes,Yes,No,Yes,Yes,2,Yes,No,N/A,Unknown,Yes,No,No,Yes,No,Yes,1,534.5,672.89,0.796,Email,Manual Review
CLM01359,MANUAL_359_UNCLEAR_REPAIR,CUS01359,PROD01359,Laptop,PrimeView,PRI-LAP-1359,SN-2026-001359,2025-09-23,2026-09-23,2026-09-18,24,2027-09-23,Active,365,No,Power Failure,Manufacturing Defect,Yes,Yes,Yes,Yes,Yes,Yes,Yes,Yes,Yes,1,Unknown,No,N/A,Yes,Yes,No,No,No,No,Yes,0,2410.17,0.0,0.921,Web,Manual Review
CLM01360,MANUAL_360_INCOMPLETE_EVIDENCE,CUS01360,PROD01360,Camera,ZenCore,ZEN-CAM-1360,SN-2026-001360,2025-12-09,2026-06-09,2026-06-08,12,2026-12-09,Active,183,Yes,Connectivity Issue,Electrical Failure,Yes,Yes,Yes,No,Yes,Yes,No,No,No,0,N/A,No,N/A,Yes,Yes,No,No,No,No,Yes,2,2398.32,0.0,0.76,Web,Manual Review
CLM01361,MANUAL_361_MISSING_DOCUMENT,CUS01361,PROD01361,Television,Aster,AST-TEL-1361,SN-2026-001361,2023-07-27,2024-07-27,2024-07-20,24,2025-07-27,Active,365,No,Power Failure,Manufacturing Defect,Yes,Yes,Yes,Yes,Yes,No,No,No,No,0,N/A,Yes,Yes,Yes,Yes,No,No,No,No,Yes,2,2097.64,0.0,0.773,Mobile App,Manual Review
CLM01362,MANUAL_362_CONTRADICTION,CUS01362,PROD01362,Refrigerator,NovaTech,NOV-REF-1362,SN-2026-001362,2023-10-11,2025-04-11,2025-03-29,36,2026-10-11,Active,548,No,Noise,Electrical Failure,Yes,Yes,Yes,Yes,Yes,Yes,Yes,Yes,No,0,N/A,No,N/A,Yes,No,No,No,Yes,Yes,Yes,3,778.45,0.0,0.792,Email,Manual Review
CLM01363,MANUAL_363_LOW_OCR_CONFIDENCE,CUS01363,PROD01363,Television,Aster,AST-TEL-1363,SN-2026-001363,2024-12-19,2025-06-19,2025-06-14,12,2025-12-19,Active,183,No,Water Leakage,Manufacturing Defect,Yes,Yes,Yes,No,Yes,Yes,Yes,Yes,No,0,N/A,No,N/A,Yes,Yes,No,No,No,Yes,Yes,3,2185.64,0.0,0.488,Service Center,Manual Review
CLM01364,MANUAL_364_SERIAL_WARNING,CUS01364,PROD01364,Printer,NovaTech,NOV-PRI-1364,SN-2026-001364,2024-04-12,2025-04-12,2025-03-31,24,2026-04-12,Active,365,No,Mechanical Failure,Electrical Failure,Yes,Yes,Yes,Yes,No,Yes,Yes,Yes,No,0,N/A,No,N/A,Unknown,Yes,No,No,No,No,Yes,2,2079.7,0.0,0.865,Mobile App,Manual Review
CLM01365,MANUAL_365_UNCLEAR_REPAIR,CUS01365,PROD01365,Printer,HomePro,HOM-PRI-1365,SN-2026-001365,2023-12-02,2024-12-02,2024-11-23,24,2025-12-02,Active,365,No,Connectivity Issue,Manufacturing Defect,Yes,Yes,Yes,Yes,Yes,Yes,Yes,Yes,Yes,1,Unknown,No,N/A,Yes,Yes,No,No,No,No,Yes,0,2530.83,0.0,0.758,Mobile App,Manual Review
CLM01366,MANUAL_366_INCOMPLETE_EVIDENCE,CUS01366,PROD01366,Refrigerator,HomePro,HOM-REF-1366,SN-2026-001366,2024-09-15,2026-03-15,2026-03-03,36,2027-09-15,Active,549,No,Connectivity Issue,Electrical Failure,Yes,Yes,Yes,No,Yes,Yes,No,Yes,No,0,N/A,No,N/A,Yes,Yes,No,No,No,No,Yes,3,52.34,0.0,0.821,Email,Manual Review
CLM01367,MANUAL_367_MISSING_DOCUMENT,CUS01367,PROD01367,Camera,ZenCore,ZEN-CAM-1367,SN-2026-001367,2025-01-02,2026-07-02,2026-06-30,36,2028-01-02,Active,549,No,Display Failure,Manufacturing Defect,Yes,Yes,Yes,No,Yes,No,No,No,No,0,N/A,No,N/A,Yes,Yes,No,No,No,No,Yes,0,1055.98,0.0,0.896,Web,Manual Review
CLM01368,MANUAL_368_CONTRADICTION,CUS01368,PROD01368,Laptop,Aster,AST-LAP-1368,SN-2026-001368,2023-12-13,2024-12-13,2024-12-04,24,2025-12-13,Active,365,No,Battery Problem,Electrical Failure,Yes,Yes,Yes,No,Yes,Yes,Yes,Yes,No,0,N/A,No,N/A,Yes,No,No,No,Yes,No,Yes,1,1537.23,0.0,0.942,Web,Manual Review
CLM01369,MANUAL_369_LOW_OCR_CONFIDENCE,CUS01369,PROD01369,Camera,NovaTech,NOV-CAM-1369,SN-2026-001369,2024-01-31,2024-07-31,2024-07-26,12,2025-01-31,Active,184,No,Overheating,Electrical Failure,Yes,Yes,Yes,Yes,Yes,Yes,Yes,No,No,0,N/A,No,N/A,Yes,Yes,No,No,No,Yes,Yes,1,1579.83,0.0,0.681,Web,Manual Review
CLM01370,MANUAL_370_SERIAL_WARNING,CUS01370,PROD01370,Television,Aster,AST-TEL-1370,SN-2026-001370,2025-12-14,2027-06-14,2027-05-31,36,2028-12-14,Active,549,Yes,Connectivity Issue,Electrical Failure,Yes,Yes,Yes,Yes,Yes,Yes,Yes,No,No,0,N/A,No,N/A,Unknown,Yes,No,No,No,No,Yes,3,113.5,0.0,0.929,Web,Manual Review
CLM01371,MANUAL_371_UNCLEAR_REPAIR,CUS01371,PROD01371,Printer,ZenCore,ZEN-PRI-1371,SN-2026-001371,2025-04-20,2026-10-20,2026-10-09,36,2028-04-20,Active,548,No,Power Failure,Electrical Failure,Yes,Yes,Yes,No,Yes,Yes,Yes,Yes,Yes,2,Unknown,No,N/A,Yes,Yes,No,No,No,No,Yes,2,926.59,0.0,0.84,Email,Manual Review
CLM01372,MANUAL_372_INCOMPLETE_EVIDENCE,CUS01372,PROD01372,Smartphone,PrimeView,PRI-SMA-1372,SN-2026-001372,2026-03-05,2026-09-05,2026-09-04,12,2027-03-05,Active,181,No,Water Leakage,Electrical Failure,Yes,Yes,Yes,No,Yes,Yes,No,Yes,No,0,N/A,No,N/A,Yes,Yes,No,No,No,No,Yes,3,161.19,0.0,0.758,Mobile App,Manual Review
CLM01373,MANUAL_373_MISSING_DOCUMENT,CUS01373,PROD01373,Camera,PrimeView,PRI-CAM-1373,SN-2026-001373,2023-12-24,2025-06-24,2025-06-21,36,2026-12-24,Active,548,No,Mechanical Failure,Manufacturing Defect,Yes,Yes,Yes,Yes,Yes,Yes,No,No,Yes,2,No,Yes,Yes,Yes,Yes,No,No,No,No,Yes,3,2291.58,1401.03,0.887,Email,Manual Review
CLM01374,MANUAL_374_CONTRADICTION,CUS01374,PROD01374,Smartphone,ZenCore,ZEN-SMA-1374,SN-2026-001374,2024-01-29,2025-01-29,2025-01-28,24,2026-01-29,Active,365,No,Power Failure,Manufacturing Defect,Yes,Yes,No,No,Yes,Yes,Yes,Yes,Yes,2,Yes,No,N/A,Yes,No,No,No,Yes,No,No,0,1621.41,1001.69,0.935,Mobile App,Manual Review
CLM01375,MANUAL_375_LOW_OCR_CONFIDENCE,CUS01375,PROD01375,Printer,HomePro,HOM-PRI-1375,SN-2026-001375,2024-04-21,2024-10-21,2024-10-14,12,2025-04-21,Active,182,No,Mechanical Failure,Electrical Failure,Yes,Yes,Yes,No,No,Yes,No,Yes,No,0,N/A,No,N/A,Yes,Yes,No,No,Yes,Yes,Yes,1,2358.05,0.0,0.455,Service Center,Manual Review
CLM01376,MANUAL_376_SERIAL_WARNING,CUS01376,PROD01376,Printer,PrimeView,PRI-PRI-1376,SN-2026-001376,2025-11-26,2027-05-26,2027-05-24,36,2028-11-26,Active,550,No,Overheating,Electrical Failure,Yes,Yes,Yes,Yes,Yes,Yes,Yes,No,Yes,3,Yes,No,N/A,Unknown,Yes,No,No,No,No,Yes,1,1893.26,895.16,0.912,Service Center,Manual Review
CLM01377,MANUAL_377_UNCLEAR_REPAIR,CUS01377,PROD01377,Camera,ZenCore,ZEN-CAM-1377,SN-2026-001377,2025-09-19,2027-03-19,2027-03-10,36,2028-09-19,Active,550,No,Power Failure,Manufacturing Defect,Yes,Yes,Yes,Yes,Yes,Yes,Yes,Yes,Yes,1,Unknown,Yes,Yes,Yes,Yes,No,No,No,No,Yes,1,903.88,0.0,0.766,Mobile App,Manual Review
CLM01378,MANUAL_378_INCOMPLETE_EVIDENCE,CUS01378,PROD01378,Washing Machine,ZenCore,ZEN-WAS-1378,SN-2026-001378,2024-03-11,2025-09-11,2025-08-30,36,2027-03-11,Active,546,No,Connectivity Issue,Manufacturing Defect,Yes,Yes,Yes,Yes,Yes,Yes,No,No,No,0,N/A,No,N/A,Yes,Yes,No,No,No,No,Yes,2,1713.12,0.0,0.945,Web,Manual Review
CLM01379,MANUAL_379_MISSING_DOCUMENT,CUS01379,PROD01379,Printer,ZenCore,ZEN-PRI-1379,SN-2026-001379,2025-10-21,2026-04-21,2026-04-14,12,2026-10-21,Active,183,No,Connectivity Issue,Electrical Failure,Yes,Yes,Yes,No,Yes,Yes,Yes,No,No,0,N/A,No,N/A,Yes,Yes,No,No,No,No,Yes,3,2994.84,0.0,0.802,Email,Manual Review
CLM01380,MANUAL_380_CONTRADICTION,CUS01380,PROD01380,Washing Machine,Aster,AST-WAS-1380,SN-2026-001380,2025-03-20,2025-09-20,2025-09-09,12,2026-03-20,Active,181,No,Power Failure,Manufacturing Defect,Yes,Yes,Yes,Yes,Yes,Yes,Yes,Yes,No,0,N/A,No,N/A,Yes,No,No,No,Yes,Yes,Yes,2,167.64,0.0,0.869,Service Center,Manual Review
CLM01381,MANUAL_381_LOW_OCR_CONFIDENCE,CUS01381,PROD01381,Air Conditioner,Aster,AST-AIR-1381,SN-2026-001381,2024-01-14,2025-07-14,2025-07-02,36,2027-01-14,Active,549,No,Battery Problem,Electrical Failure,Yes,Yes,Yes,Yes,Yes,Yes,Yes,Yes,No,0,N/A,No,N/A,Yes,Yes,No,No,No,Yes,Yes,3,745.16,0.0,0.535,Email,Manual Review
CLM01382,MANUAL_382_SERIAL_WARNING,CUS01382,PROD01382,Washing Machine,Aster,AST-WAS-1382,SN-2026-001382,2023-03-09,2024-09-09,2024-08-26,36,2026-03-09,Active,546,No,Battery Problem,Manufacturing Defect,Yes,Yes,No,Yes,Yes,Yes,Yes,Yes,No,0,N/A,No,N/A,Unknown,Yes,No,No,No,No,No,3,2461.11,0.0,0.788,Service Center,Manual Review
CLM01383,MANUAL_383_UNCLEAR_REPAIR,CUS01383,PROD01383,Camera,NovaTech,NOV-CAM-1383,SN-2026-001383,2024-03-19,2024-09-19,2024-09-15,12,2025-03-19,Active,181,No,Display Failure,Manufacturing Defect,Yes,Yes,Yes,Yes,Yes,Yes,Yes,No,Yes,2,Unknown,No,N/A,Yes,Yes,No,No,No,No,Yes,1,2414.06,0.0,0.858,Service Center,Manual Review
CLM01384,MANUAL_384_INCOMPLETE_EVIDENCE,CUS01384,PROD01384,Camera,HomePro,HOM-CAM-1384,SN-2026-001384,2025-02-12,2026-02-12,2026-02-01,24,2027-02-12,Active,365,No,Connectivity Issue,Electrical Failure,Yes,Yes,Yes,Yes,Yes,Yes,No,Yes,Yes,2,Yes,No,N/A,Yes,Yes,No,No,No,No,Yes,3,1640.81,712.88,0.981,Mobile App,Manual Review
CLM01385,MANUAL_385_MISSING_DOCUMENT,CUS01385,PROD01385,Printer,ZenCore,ZEN-PRI-1385,SN-2026-001385,2023-11-05,2024-11-05,2024-10-23,24,2025-11-05,Active,365,No,Battery Problem,Manufacturing Defect,Yes,Yes,Yes,Yes,Yes,Yes,No,No,No,0,N/A,No,N/A,Yes,Yes,No,No,No,No,Yes,0,1056.86,0.0,0.774,Web,Manual Review
CLM01386,MANUAL_386_CONTRADICTION,CUS01386,PROD01386,Smartphone,HomePro,HOM-SMA-1386,SN-2026-001386,2025-05-16,2026-05-16,2026-05-14,24,2027-05-16,Active,365,No,Mechanical Failure,Manufacturing Defect,Yes,Yes,Yes,No,Yes,Yes,No,Yes,No,0,N/A,No,N/A,Yes,No,No,No,Yes,No,Yes,3,1200.2,0.0,0.899,Mobile App,Manual Review
CLM01387,MANUAL_387_LOW_OCR_CONFIDENCE,CUS01387,PROD01387,Washing Machine,NovaTech,NOV-WAS-1387,SN-2026-001387,2025-10-05,2026-10-05,2026-09-29,24,2027-10-05,Active,365,No,Overheating,Electrical Failure,Yes,Yes,Yes,No,Yes,Yes,Yes,Yes,No,0,N/A,No,N/A,Yes,Yes,No,No,No,Yes,Yes,3,427.81,0.0,0.536,Web,Manual Review
CLM01388,MANUAL_388_SERIAL_WARNING,CUS01388,PROD01388,Printer,NovaTech,NOV-PRI-1388,SN-2026-001388,2024-03-15,2025-03-15,2025-03-08,24,2026-03-15,Active,365,No,Noise,Manufacturing Defect,Yes,Yes,Yes,No,Yes,Yes,Yes,Yes,No,0,N/A,No,N/A,Unknown,Yes,No,No,No,No,Yes,2,1456.39,0.0,0.918,Web,Manual Review
CLM01389,MANUAL_389_UNCLEAR_REPAIR,CUS01389,PROD01389,Smartphone,PrimeView,PRI-SMA-1389,SN-2026-001389,2026-01-15,2027-07-15,2027-07-07,36,2029-01-15,Active,550,Yes,Battery Problem,Electrical Failure,Yes,Yes,Yes,No,Yes,Yes,Yes,Yes,Yes,1,Unknown,No,N/A,Yes,Yes,No,No,Yes,No,Yes,0,885.75,159.42,0.89,Mobile App,Manual Review
CLM01390,MANUAL_390_INCOMPLETE_EVIDENCE,CUS01390,PROD01390,Printer,PrimeView,PRI-PRI-1390,SN-2026-001390,2024-07-01,2025-01-01,2024-12-18,12,2025-07-01,Active,181,No,Overheating,Electrical Failure,Yes,Yes,Yes,Yes,Yes,Yes,No,Yes,No,0,N/A,No,N/A,Yes,Yes,No,No,No,No,Yes,2,409.73,0.0,0.796,Email,Manual Review
CLM01391,MANUAL_391_MISSING_DOCUMENT,CUS01391,PROD01391,Washing Machine,ZenCore,ZEN-WAS-1391,SN-2026-001391,2024-11-07,2026-05-07,2026-05-02,36,2027-11-07,Active,549,No,Overheating,Electrical Failure,Yes,Yes,Yes,No,Yes,No,Yes,No,No,0,N/A,No,N/A,Yes,Yes,No,No,No,No,Yes,1,1609.42,0.0,0.843,Service Center,Manual Review
CLM01392,MANUAL_392_CONTRADICTION,CUS01392,PROD01392,Television,HomePro,HOM-TEL-1392,SN-2026-001392,2025-01-05,2026-01-05,2025-12-25,24,2027-01-05,Active,365,No,Overheating,Manufacturing Defect,Yes,Yes,Yes,Yes,No,Yes,Yes,Yes,No,0,N/A,No,N/A,Yes,No,No,No,Yes,No,Yes,3,180.89,0.0,0.939,Email,Manual Review
CLM01393,MANUAL_393_LOW_OCR_CONFIDENCE,CUS01393,PROD01393,Camera,ZenCore,ZEN-CAM-1393,SN-2026-001393,2024-03-06,2025-09-06,2025-08-23,36,2027-03-06,Active,546,No,Water Leakage,Electrical Failure,Yes,Yes,Yes,Yes,Yes,Yes,Yes,Yes,Yes,1,No,No,N/A,Yes,Yes,No,No,No,Yes,Yes,2,719.6,917.99,0.61,Web,Manual Review
CLM01394,MANUAL_394_SERIAL_WARNING,CUS01394,PROD01394,Refrigerator,Aster,AST-REF-1394,SN-2026-001394,2023-07-01,2024-01-01,2023-12-18,12,2024-07-01,Active,182,No,Battery Problem,Manufacturing Defect,Yes,Yes,Yes,Yes,Yes,Yes,Yes,Yes,No,0,N/A,No,N/A,Unknown,Yes,No,No,No,No,Yes,3,1991.87,0.0,0.796,Service Center,Manual Review
CLM01395,MANUAL_395_UNCLEAR_REPAIR,CUS01395,PROD01395,Laptop,HomePro,HOM-LAP-1395,SN-2026-001395,2025-12-03,2027-06-03,2027-06-02,36,2028-12-03,Active,549,No,Battery Problem,Electrical Failure,Yes,Yes,No,Yes,Yes,Yes,Yes,No,Yes,2,Unknown,No,N/A,Yes,Yes,No,No,No,No,No,1,1108.04,0.0,0.965,Service Center,Manual Review
CLM01396,MANUAL_396_INCOMPLETE_EVIDENCE,CUS01396,PROD01396,Washing Machine,HomePro,HOM-WAS-1396,SN-2026-001396,2025-05-27,2026-11-27,2026-11-18,36,2028-05-27,Active,547,No,Connectivity Issue,Electrical Failure,Yes,Yes,Yes,Yes,Yes,Yes,No,Yes,No,0,N/A,No,N/A,Yes,Yes,No,No,No,No,Yes,3,2574.05,0.0,0.937,Service Center,Manual Review
CLM01397,MANUAL_397_MISSING_DOCUMENT,CUS01397,PROD01397,Washing Machine,PrimeView,PRI-WAS-1397,SN-2026-001397,2023-03-10,2024-09-10,2024-09-02,36,2026-03-10,Active,546,Yes,Connectivity Issue,Electrical Failure,Yes,Yes,Yes,Yes,Yes,No,Yes,No,No,0,N/A,No,N/A,Yes,Yes,No,No,No,No,Yes,3,2242.47,0.0,0.838,Email,Manual Review
CLM01398,MANUAL_398_CONTRADICTION,CUS01398,PROD01398,Camera,Aster,AST-CAM-1398,SN-2026-001398,2024-02-29,2025-02-28,2025-02-23,24,2026-02-28,Active,365,Yes,Power Failure,Electrical Failure,Yes,Yes,Yes,Yes,No,Yes,Yes,Yes,No,0,N/A,No,N/A,Yes,No,No,No,Yes,No,Yes,2,2167.19,0.0,0.926,Service Center,Manual Review
CLM01399,MANUAL_399_LOW_OCR_CONFIDENCE,CUS01399,PROD01399,Washing Machine,Aster,AST-WAS-1399,SN-2026-001399,2025-02-15,2026-08-15,2026-08-07,36,2028-02-15,Active,549,No,Display Failure,Manufacturing Defect,Yes,Yes,No,Yes,Yes,Yes,Yes,Yes,No,0,N/A,No,N/A,Yes,Yes,No,No,No,Yes,No,1,2190.62,0.0,0.604,Email,Manual Review
CLM01400,MANUAL_400_SERIAL_WARNING,CUS01400,PROD01400,Refrigerator,HomePro,HOM-REF-1400,SN-2026-001400,2025-12-30,2026-12-30,2026-12-18,24,2027-12-30,Active,365,No,Noise,Electrical Failure,Yes,Yes,Yes,Yes,Yes,Yes,Yes,No,No,0,N/A,No,N/A,Unknown,Yes,No,No,No,No,Yes,3,2708.04,0.0,0.935,Web,Manual Review
CLM01401,MANUAL_401_UNCLEAR_REPAIR,CUS01401,PROD01401,Washing Machine,Aster,AST-WAS-1401,SN-2026-001401,2026-03-09,2026-09-09,2026-09-01,12,2027-03-09,Active,181,No,Water Leakage,Manufacturing Defect,Yes,Yes,Yes,Yes,Yes,Yes,Yes,Yes,Yes,2,Unknown,No,N/A,Yes,Yes,No,No,No,No,Yes,1,1986.56,0.0,0.88,Mobile App,Manual Review
CLM01402,MANUAL_402_INCOMPLETE_EVIDENCE,CUS01402,PROD01402,Printer,Aster,AST-PRI-1402,SN-2026-001402,2025-12-24,2027-06-24,2027-06-15,36,2028-12-24,Active,549,No,Connectivity Issue,Manufacturing Defect,Yes,Yes,Yes,No,Yes,Yes,No,Yes,Yes,2,No,No,N/A,Yes,Yes,No,No,No,No,Yes,1,2076.41,1205.87,0.922,Email,Manual Review
CLM01403,MANUAL_403_MISSING_DOCUMENT,CUS01403,PROD01403,Printer,Aster,AST-PRI-1403,SN-2026-001403,2023-12-10,2024-12-10,2024-11-30,24,2025-12-10,Active,365,Yes,Water Leakage,Manufacturing Defect,Yes,Yes,Yes,No,Yes,No,No,No,Yes,2,Yes,No,N/A,Yes,Yes,No,No,No,No,Yes,2,327.54,679.1,0.869,Email,Manual Review
CLM01404,MANUAL_404_CONTRADICTION,CUS01404,PROD01404,Printer,PrimeView,PRI-PRI-1404,SN-2026-001404,2023-08-05,2024-02-05,2024-02-02,12,2024-08-05,Active,182,No,Connectivity Issue,Electrical Failure,Yes,Yes,No,Yes,Yes,Yes,Yes,Yes,Yes,3,Yes,No,N/A,Yes,No,No,No,Yes,No,No,3,1494.15,53.48,0.905,Mobile App,Manual Review
CLM01405,MANUAL_405_LOW_OCR_CONFIDENCE,CUS01405,PROD01405,Camera,HomePro,HOM-CAM-1405,SN-2026-001405,2023-09-23,2024-09-23,2024-09-16,24,2025-09-23,Active,365,No,Overheating,Electrical Failure,Yes,Yes,Yes,Yes,Yes,Yes,Yes,No,No,0,N/A,No,N/A,Yes,Yes,No,No,No,Yes,Yes,3,575.94,0.0,0.56,Mobile App,Manual Review
CLM01406,MANUAL_406_SERIAL_WARNING,CUS01406,PROD01406,Television,Aster,AST-TEL-1406,SN-2026-001406,2024-12-13,2025-12-13,2025-12-12,24,2026-12-13,Active,365,No,Battery Problem,Manufacturing Defect,Yes,Yes,Yes,Yes,Yes,Yes,No,No,No,0,N/A,No,N/A,Unknown,Yes,No,No,No,No,Yes,0,1438.15,0.0,0.756,Mobile App,Manual Review
CLM01407,MANUAL_407_UNCLEAR_REPAIR,CUS01407,PROD01407,Printer,NovaTech,NOV-PRI-1407,SN-2026-001407,2023-03-01,2023-09-01,2023-08-26,12,2024-03-01,Active,182,No,Display Failure,Electrical Failure,Yes,Yes,Yes,Yes,Yes,Yes,Yes,Yes,Yes,1,Unknown,No,N/A,Yes,Yes,No,No,No,No,Yes,3,2803.51,0.0,0.797,Service Center,Manual Review
CLM01408,MANUAL_408_INCOMPLETE_EVIDENCE,CUS01408,PROD01408,Laptop,Aster,AST-LAP-1408,SN-2026-001408,2024-03-13,2024-09-13,2024-08-31,12,2025-03-13,Active,181,No,Connectivity Issue,Electrical Failure,Yes,Yes,Yes,No,Yes,Yes,No,No,Yes,1,Yes,No,N/A,Yes,Yes,No,No,No,No,Yes,3,111.17,193.69,0.938,Email,Manual Review
CLM01409,MANUAL_409_MISSING_DOCUMENT,CUS01409,PROD01409,Printer,ZenCore,ZEN-PRI-1409,SN-2026-001409,2024-01-17,2025-01-17,2025-01-11,24,2026-01-17,Active,365,No,Display Failure,Electrical Failure,Yes,Yes,Yes,Yes,Yes,Yes,Yes,No,No,0,N/A,No,N/A,Yes,Yes,No,No,No,No,Yes,2,951.03,0.0,0.98,Mobile App,Manual Review
CLM01410,MANUAL_410_CONTRADICTION,CUS01410,PROD01410,Camera,NovaTech,NOV-CAM-1410,SN-2026-001410,2026-03-22,2026-09-22,2026-09-16,12,2027-03-22,Active,181,No,Mechanical Failure,Manufacturing Defect,Yes,Yes,Yes,Yes,Yes,Yes,Yes,Yes,Yes,2,Yes,No,N/A,Yes,No,No,No,Yes,Yes,Yes,0,268.04,308.14,0.835,Mobile App,Manual Review
CLM01411,MANUAL_411_LOW_OCR_CONFIDENCE,CUS01411,PROD01411,Camera,NovaTech,NOV-CAM-1411,SN-2026-001411,2024-07-12,2025-07-12,2025-07-01,24,2026-07-12,Active,365,No,Connectivity Issue,Electrical Failure,Yes,Yes,Yes,Yes,Yes,Yes,No,Yes,No,0,N/A,No,N/A,Yes,Yes,No,No,No,Yes,Yes,3,680.16,0.0,0.609,Email,Manual Review
CLM01412,MANUAL_412_SERIAL_WARNING,CUS01412,PROD01412,Air Conditioner,Aster,AST-AIR-1412,SN-2026-001412,2025-06-13,2026-06-13,2026-06-03,24,2027-06-13,Active,365,No,Overheating,Manufacturing Defect,Yes,Yes,Yes,Yes,Yes,Yes,Yes,Yes,No,0,N/A,No,N/A,Unknown,Yes,No,No,No,No,Yes,0,367.38,0.0,0.945,Service Center,Manual Review
CLM01413,MANUAL_413_UNCLEAR_REPAIR,CUS01413,PROD01413,Printer,HomePro,HOM-PRI-1413,SN-2026-001413,2026-01-12,2027-07-12,2027-07-01,36,2029-01-12,Active,550,No,Connectivity Issue,Manufacturing Defect,Yes,Yes,Yes,Yes,Yes,Yes,Yes,Yes,Yes,1,Unknown,No,N/A,Yes,Yes,No,No,No,No,Yes,0,2081.11,0.0,0.854,Email,Manual Review
CLM01414,MANUAL_414_INCOMPLETE_EVIDENCE,CUS01414,PROD01414,Laptop,Aster,AST-LAP-1414,SN-2026-001414,2025-04-22,2026-10-22,2026-10-15,36,2028-04-22,Active,548,Yes,Connectivity Issue,Manufacturing Defect,Yes,Yes,Yes,Yes,Yes,Yes,No,No,No,0,N/A,No,N/A,Yes,Yes,No,No,No,No,Yes,2,2734.89,0.0,0.84,Web,Manual Review
CLM01415,MANUAL_415_MISSING_DOCUMENT,CUS01415,PROD01415,Laptop,ZenCore,ZEN-LAP-1415,SN-2026-001415,2024-12-04,2025-12-04,2025-12-03,24,2026-12-04,Active,365,No,Water Leakage,Manufacturing Defect,Yes,Yes,Yes,No,Yes,Yes,No,No,No,0,N/A,No,N/A,Yes,Yes,No,No,No,No,Yes,1,1904.49,0.0,0.779,Email,Manual Review
CLM01416,MANUAL_416_CONTRADICTION,CUS01416,PROD01416,Refrigerator,ZenCore,ZEN-REF-1416,SN-2026-001416,2024-12-29,2025-12-29,2025-12-28,24,2026-12-29,Active,365,No,Noise,Electrical Failure,Yes,Yes,Yes,Yes,Yes,No,Yes,Yes,No,0,N/A,No,N/A,Yes,No,No,No,Yes,No,Yes,0,1113.38,0.0,0.965,Web,Manual Review
CLM01417,MANUAL_417_LOW_OCR_CONFIDENCE,CUS01417,PROD01417,Printer,Aster,AST-PRI-1417,SN-2026-001417,2025-09-21,2027-03-21,2027-03-13,36,2028-09-21,Active,550,No,Noise,Electrical Failure,Yes,Yes,Yes,Yes,Yes,Yes,Yes,Yes,No,0,N/A,No,N/A,Yes,Yes,No,No,No,Yes,Yes,0,1815.05,0.0,0.472,Email,Manual Review
CLM01418,MANUAL_418_SERIAL_WARNING,CUS01418,PROD01418,Air Conditioner,HomePro,HOM-AIR-1418,SN-2026-001418,2023-05-06,2024-11-06,2024-11-03,36,2026-05-06,Active,546,No,Water Leakage,Manufacturing Defect,Yes,Yes,Yes,No,Yes,Yes,Yes,Yes,No,0,N/A,No,N/A,Unknown,Yes,No,No,No,No,Yes,1,2062.67,0.0,0.952,Mobile App,Manual Review
CLM01419,MANUAL_419_UNCLEAR_REPAIR,CUS01419,PROD01419,Laptop,ZenCore,ZEN-LAP-1419,SN-2026-001419,2024-06-11,2024-12-11,2024-12-07,12,2025-06-11,Active,182,No,Display Failure,Electrical Failure,Yes,Yes,Yes,Yes,No,Yes,Yes,Yes,Yes,2,Unknown,No,N/A,Yes,Yes,No,No,No,No,Yes,3,1293.45,0.0,0.976,Web,Manual Review
CLM01420,MANUAL_420_INCOMPLETE_EVIDENCE,CUS01420,PROD01420,Air Conditioner,NovaTech,NOV-AIR-1420,SN-2026-001420,2025-05-08,2026-11-08,2026-11-04,36,2028-05-08,Active,547,No,Water Leakage,Manufacturing Defect,Yes,Yes,Yes,Yes,Yes,Yes,No,Yes,No,0,N/A,No,N/A,Yes,Yes,Yes,No,No,No,Yes,1,1884.89,0.0,0.985,Mobile App,Manual Review
CLM01421,MANUAL_421_MISSING_DOCUMENT,CUS01421,PROD01421,Air Conditioner,ZenCore,ZEN-AIR-1421,SN-2026-001421,2023-03-29,2024-09-29,2024-09-25,36,2026-03-29,Active,546,No,Overheating,Manufacturing Defect,Yes,Yes,Yes,No,Yes,Yes,No,No,No,0,N/A,No,N/A,Yes,Yes,No,No,No,No,Yes,3,1140.97,0.0,0.972,Email,Manual Review
CLM01422,MANUAL_422_CONTRADICTION,CUS01422,PROD01422,Smartphone,PrimeView,PRI-SMA-1422,SN-2026-001422,2023-01-16,2024-01-16,2024-01-13,24,2025-01-16,Active,366,No,Battery Problem,Manufacturing Defect,Yes,Yes,Yes,Yes,No,Yes,Yes,Yes,Yes,2,Yes,No,N/A,Yes,No,No,No,Yes,No,Yes,2,930.59,218.29,0.952,Email,Manual Review
CLM01423,MANUAL_423_LOW_OCR_CONFIDENCE,CUS01423,PROD01423,Washing Machine,Aster,AST-WAS-1423,SN-2026-001423,2025-04-24,2025-10-24,2025-10-16,12,2026-04-24,Active,182,No,Water Leakage,Manufacturing Defect,Yes,Yes,Yes,Yes,Yes,Yes,No,Yes,No,0,N/A,No,N/A,Yes,Yes,No,No,No,Yes,Yes,1,1655.16,0.0,0.629,Mobile App,Manual Review
CLM01424,MANUAL_424_SERIAL_WARNING,CUS01424,PROD01424,Laptop,PrimeView,PRI-LAP-1424,SN-2026-001424,2024-03-20,2024-09-20,2024-09-18,12,2025-03-20,Active,181,Yes,Battery Problem,Manufacturing Defect,Yes,Yes,Yes,Yes,No,Yes,Yes,Yes,No,0,N/A,No,N/A,Unknown,Yes,No,No,No,No,Yes,1,1038.38,0.0,0.939,Service Center,Manual Review
CLM01425,MANUAL_425_UNCLEAR_REPAIR,CUS01425,PROD01425,Refrigerator,ZenCore,ZEN-REF-1425,SN-2026-001425,2023-02-10,2023-08-10,2023-08-04,12,2024-02-10,Active,184,No,Overheating,Manufacturing Defect,Yes,Yes,Yes,Yes,No,Yes,Yes,Yes,Yes,2,Unknown,No,N/A,No,Yes,No,No,No,No,Yes,2,718.1,0.0,0.925,Mobile App,Manual Review
CLM01426,MANUAL_426_INCOMPLETE_EVIDENCE,CUS01426,PROD01426,Television,HomePro,HOM-TEL-1426,SN-2026-001426,2026-03-30,2027-09-30,2027-09-27,36,2029-03-30,Active,547,No,Overheating,Electrical Failure,Yes,Yes,Yes,No,Yes,Yes,No,No,No,0,N/A,No,N/A,Yes,Yes,No,No,No,No,Yes,1,1918.38,0.0,0.929,Service Center,Manual Review
CLM01427,MANUAL_427_MISSING_DOCUMENT,CUS01427,PROD01427,Washing Machine,ZenCore,ZEN-WAS-1427,SN-2026-001427,2025-03-24,2026-03-24,2026-03-14,24,2027-03-24,Active,365,Yes,Power Failure,Electrical Failure,Yes,Yes,Yes,No,Yes,No,Yes,No,No,0,N/A,No,N/A,Yes,Yes,No,No,No,No,Yes,3,1378.5,0.0,0.78,Web,Manual Review
CLM01428,MANUAL_428_CONTRADICTION,CUS01428,PROD01428,Camera,PrimeView,PRI-CAM-1428,SN-2026-001428,2025-11-17,2027-05-17,2027-05-14,36,2028-11-17,Active,550,No,Connectivity Issue,Manufacturing Defect,Yes,Yes,Yes,Yes,Yes,Yes,Yes,Yes,Yes,3,Yes,Yes,Yes,Yes,No,No,No,Yes,Yes,Yes,1,2623.04,143.46,0.831,Email,Manual Review
CLM01429,MANUAL_429_LOW_OCR_CONFIDENCE,CUS01429,PROD01429,Laptop,ZenCore,ZEN-LAP-1429,SN-2026-001429,2025-01-06,2026-01-06,2026-01-05,24,2027-01-06,Active,365,No,Mechanical Failure,Electrical Failure,Yes,Yes,Yes,Yes,Yes,Yes,Yes,Yes,No,0,N/A,No,N/A,Yes,Yes,No,No,No,Yes,Yes,1,2001.12,0.0,0.452,Service Center,Manual Review
CLM01430,MANUAL_430_SERIAL_WARNING,CUS01430,PROD01430,Television,HomePro,HOM-TEL-1430,SN-2026-001430,2025-04-01,2026-10-01,2026-09-23,36,2028-04-01,Active,548,No,Mechanical Failure,Electrical Failure,Yes,Yes,Yes,Yes,Yes,Yes,Yes,Yes,No,0,N/A,No,N/A,Unknown,Yes,No,No,No,No,Yes,2,1113.28,0.0,0.846,Mobile App,Manual Review
CLM01431,MANUAL_431_UNCLEAR_REPAIR,CUS01431,PROD01431,Smartphone,NovaTech,NOV-SMA-1431,SN-2026-001431,2025-09-08,2027-03-08,2027-02-23,36,2028-09-08,Active,550,Yes,Noise,Electrical Failure,Yes,Yes,Yes,Yes,Yes,Yes,Yes,Yes,Yes,1,Unknown,No,N/A,Yes,Yes,No,No,No,No,Yes,3,1400.95,983.92,0.907,Mobile App,Manual Review
CLM01432,MANUAL_432_INCOMPLETE_EVIDENCE,CUS01432,PROD01432,Air Conditioner,NovaTech,NOV-AIR-1432,SN-2026-001432,2025-12-02,2026-12-02,2026-11-22,24,2027-12-02,Active,365,No,Battery Problem,Manufacturing Defect,Yes,Yes,Yes,Yes,Yes,Yes,No,Yes,No,0,N/A,No,N/A,Yes,No,No,No,No,No,Yes,0,730.22,0.0,0.881,Mobile App,Manual Review
CLM01433,MANUAL_433_MISSING_DOCUMENT,CUS01433,PROD01433,Washing Machine,Aster,AST-WAS-1433,SN-2026-001433,2025-01-19,2026-07-19,2026-07-13,36,2028-01-19,Active,549,Yes,Mechanical Failure,Manufacturing Defect,Yes,Yes,Yes,Yes,Yes,Yes,No,No,No,0,N/A,No,N/A,Yes,Yes,No,No,No,No,Yes,3,117.04,0.0,0.754,Mobile App,Manual Review
CLM01434,MANUAL_434_CONTRADICTION,CUS01434,PROD01434,Camera,ZenCore,ZEN-CAM-1434,SN-2026-001434,2025-07-25,2026-01-25,2026-01-17,12,2026-07-25,Active,181,No,Noise,Manufacturing Defect,Yes,Yes,Yes,Yes,Yes,Yes,Yes,No,No,0,N/A,Yes,Yes,Yes,No,No,No,Yes,Yes,Yes,3,2371.87,0.0,0.962,Email,Manual Review
CLM01435,MANUAL_435_LOW_OCR_CONFIDENCE,CUS01435,PROD01435,Printer,ZenCore,ZEN-PRI-1435,SN-2026-001435,2025-07-22,2026-01-22,2026-01-18,12,2026-07-22,Active,181,No,Power Failure,Manufacturing Defect,Yes,Yes,Yes,Yes,Yes,Yes,Yes,Yes,No,0,N/A,No,N/A,No,Yes,No,No,No,Yes,Yes,3,1774.12,0.0,0.531,Email,Manual Review
CLM01436,MANUAL_436_SERIAL_WARNING,CUS01436,PROD01436,Printer,HomePro,HOM-PRI-1436,SN-2026-001436,2024-09-16,2026-03-16,2026-03-12,36,2027-09-16,Active,549,No,Battery Problem,Electrical Failure,Yes,Yes,Yes,No,Yes,Yes,Yes,Yes,No,0,N/A,No,N/A,Unknown,Yes,Yes,No,No,No,Yes,3,158.88,0.0,0.852,Mobile App,Manual Review
CLM01437,MANUAL_437_UNCLEAR_REPAIR,CUS01437,PROD01437,Washing Machine,ZenCore,ZEN-WAS-1437,SN-2026-001437,2025-05-19,2026-05-19,2026-05-13,24,2027-05-19,Active,365,No,Overheating,Manufacturing Defect,Yes,Yes,Yes,Yes,Yes,No,Yes,No,Yes,1,Unknown,No,N/A,Yes,Yes,No,No,Yes,No,Yes,3,562.95,1230.96,0.829,Mobile App,Manual Review
CLM01438,MANUAL_438_INCOMPLETE_EVIDENCE,CUS01438,PROD01438,Refrigerator,Aster,AST-REF-1438,SN-2026-001438,2024-05-03,2025-05-03,2025-05-01,24,2026-05-03,Active,365,Yes,Battery Problem,Electrical Failure,Yes,Yes,Yes,Yes,Yes,Yes,No,No,No,0,N/A,No,N/A,Yes,Yes,No,No,No,No,Yes,3,131.51,0.0,0.877,Email,Manual Review
CLM01439,MANUAL_439_MISSING_DOCUMENT,CUS01439,PROD01439,Refrigerator,NovaTech,NOV-REF-1439,SN-2026-001439,2023-08-05,2024-02-05,2024-01-30,12,2024-08-05,Active,182,No,Power Failure,Manufacturing Defect,Yes,Yes,Yes,Yes,Yes,No,No,No,Yes,2,Yes,No,N/A,Yes,Yes,No,No,No,No,Yes,1,457.08,589.03,0.96,Mobile App,Manual Review
CLM01440,MANUAL_440_CONTRADICTION,CUS01440,PROD01440,Printer,HomePro,HOM-PRI-1440,SN-2026-001440,2024-01-23,2025-07-23,2025-07-12,36,2027-01-23,Active,549,No,Water Leakage,Manufacturing Defect,Yes,Yes,Yes,Yes,Yes,Yes,Yes,Yes,No,0,N/A,No,N/A,Yes,No,No,No,Yes,Yes,Yes,3,1818.08,0.0,0.838,Service Center,Manual Review
CLM01441,MANUAL_441_LOW_OCR_CONFIDENCE,CUS01441,PROD01441,Refrigerator,ZenCore,ZEN-REF-1441,SN-2026-001441,2024-10-19,2025-04-19,2025-04-17,12,2025-10-19,Active,183,No,Noise,Electrical Failure,Yes,Yes,Yes,Yes,Yes,Yes,Yes,No,No,0,N/A,No,N/A,Yes,Yes,No,No,No,Yes,Yes,1,1649.48,0.0,0.559,Email,Manual Review
CLM01442,MANUAL_442_SERIAL_WARNING,CUS01442,PROD01442,Television,PrimeView,PRI-TEL-1442,SN-2026-001442,2025-03-31,2026-09-30,2026-09-26,36,2028-03-31,Active,548,No,Display Failure,Manufacturing Defect,Yes,Yes,Yes,No,No,Yes,Yes,Yes,No,0,N/A,No,N/A,Unknown,Yes,No,No,No,No,Yes,2,1949.01,0.0,0.905,Email,Manual Review
CLM01443,MANUAL_443_UNCLEAR_REPAIR,CUS01443,PROD01443,Printer,PrimeView,PRI-PRI-1443,SN-2026-001443,2024-05-27,2025-11-27,2025-11-26,36,2027-05-27,Active,546,No,Overheating,Electrical Failure,Yes,Yes,Yes,Yes,Yes,Yes,Yes,No,Yes,2,Unknown,No,N/A,Yes,Yes,No,No,No,No,Yes,3,2220.54,0.0,0.981,Service Center,Manual Review
CLM01444,MANUAL_444_INCOMPLETE_EVIDENCE,CUS01444,PROD01444,Printer,HomePro,HOM-PRI-1444,SN-2026-001444,2023-06-05,2023-12-05,2023-12-04,12,2024-06-05,Active,183,Yes,Power Failure,Manufacturing Defect,Yes,Yes,Yes,Yes,Yes,Yes,No,Yes,Yes,3,Yes,No,N/A,Yes,Yes,No,No,No,No,Yes,1,193.0,934.32,0.894,Email,Manual Review
CLM01445,MANUAL_445_MISSING_DOCUMENT,CUS01445,PROD01445,Washing Machine,ZenCore,ZEN-WAS-1445,SN-2026-001445,2025-09-11,2026-03-11,2026-02-27,12,2026-09-11,Active,184,No,Connectivity Issue,Manufacturing Defect,Yes,Yes,Yes,No,Yes,No,Yes,No,Yes,3,No,Yes,Yes,Yes,Yes,No,No,No,No,Yes,3,1378.44,110.36,0.823,Mobile App,Manual Review
CLM01446,MANUAL_446_CONTRADICTION,CUS01446,PROD01446,Printer,ZenCore,ZEN-PRI-1446,SN-2026-001446,2023-02-05,2024-08-05,2024-08-01,36,2026-02-05,Active,549,Yes,Power Failure,Electrical Failure,Yes,Yes,Yes,No,Yes,Yes,Yes,Yes,No,0,N/A,No,N/A,Yes,No,No,No,Yes,No,Yes,2,2400.3,0.0,0.827,Email,Manual Review
CLM01447,MANUAL_447_LOW_OCR_CONFIDENCE,CUS01447,PROD01447,Refrigerator,NovaTech,NOV-REF-1447,SN-2026-001447,2023-02-21,2024-02-21,2024-02-07,24,2025-02-21,Active,366,No,Water Leakage,Electrical Failure,Yes,Yes,Yes,Yes,No,Yes,Yes,No,Yes,1,Yes,No,N/A,Yes,Yes,No,No,No,Yes,Yes,3,535.15,1113.39,0.569,Service Center,Manual Review
CLM01448,MANUAL_448_SERIAL_WARNING,CUS01448,PROD01448,Printer,PrimeView,PRI-PRI-1448,SN-2026-001448,2025-07-03,2026-01-03,2025-12-20,12,2026-07-03,Active,181,Yes,Overheating,Manufacturing Defect,Yes,Yes,Yes,No,Yes,Yes,Yes,No,Yes,1,Yes,No,N/A,Unknown,Yes,No,No,No,No,Yes,1,2039.4,1002.67,0.752,Mobile App,Manual Review
CLM01449,MANUAL_449_UNCLEAR_REPAIR,CUS01449,PROD01449,Printer,PrimeView,PRI-PRI-1449,SN-2026-001449,2025-02-09,2025-08-09,2025-08-08,12,2026-02-09,Active,184,No,Battery Problem,Electrical Failure,Yes,Yes,Yes,Yes,No,Yes,Yes,Yes,Yes,1,Unknown,No,N/A,Yes,Yes,No,No,No,No,Yes,0,1013.89,1298.09,0.826,Web,Manual Review
CLM01450,MANUAL_450_INCOMPLETE_EVIDENCE,CUS01450,PROD01450,Smartphone,PrimeView,PRI-SMA-1450,SN-2026-001450,2024-03-10,2024-09-10,2024-09-01,12,2025-03-10,Active,181,No,Mechanical Failure,Electrical Failure,Yes,Yes,Yes,Yes,Yes,Yes,No,Yes,No,0,N/A,No,N/A,Yes,Yes,No,No,No,No,Yes,2,1582.28,0.0,0.887,Web,Manual Review
CLM01451,MANUAL_451_MISSING_DOCUMENT,CUS01451,PROD01451,Television,Aster,AST-TEL-1451,SN-2026-001451,2026-01-17,2027-07-17,2027-07-09,36,2029-01-17,Active,550,Yes,Connectivity Issue,Manufacturing Defect,Yes,Yes,Yes,Yes,Yes,No,Yes,No,No,0,N/A,No,N/A,Yes,Yes,No,No,No,No,Yes,0,2254.72,0.0,0.795,Email,Manual Review
CLM01452,MANUAL_452_CONTRADICTION,CUS01452,PROD01452,Printer,ZenCore,ZEN-PRI-1452,SN-2026-001452,2025-01-29,2026-01-29,2026-01-15,24,2027-01-29,Active,365,Yes,Noise,Manufacturing Defect,Yes,Yes,Yes,Yes,Yes,Yes,Yes,No,Yes,2,Yes,No,N/A,Yes,No,No,No,Yes,Yes,Yes,3,1246.1,338.24,0.797,Web,Manual Review
CLM01453,MANUAL_453_LOW_OCR_CONFIDENCE,CUS01453,PROD01453,Washing Machine,NovaTech,NOV-WAS-1453,SN-2026-001453,2024-09-24,2025-09-24,2025-09-18,24,2026-09-24,Active,365,No,Water Leakage,Manufacturing Defect,Yes,Yes,Yes,Yes,Yes,Yes,Yes,Yes,No,0,N/A,No,N/A,Yes,Yes,No,No,No,Yes,Yes,1,1654.44,0.0,0.606,Email,Manual Review
CLM01454,MANUAL_454_SERIAL_WARNING,CUS01454,PROD01454,Washing Machine,NovaTech,NOV-WAS-1454,SN-2026-001454,2023-11-23,2024-05-23,2024-05-16,12,2024-11-23,Active,184,No,Mechanical Failure,Electrical Failure,Yes,Yes,No,Yes,Yes,Yes,Yes,No,Yes,2,Yes,No,N/A,Unknown,Yes,No,No,No,No,No,3,2997.82,224.47,0.784,Web,Manual Review
CLM01455,MANUAL_455_UNCLEAR_REPAIR,CUS01455,PROD01455,Air Conditioner,PrimeView,PRI-AIR-1455,SN-2026-001455,2023-02-20,2024-08-20,2024-08-08,36,2026-02-20,Active,549,No,Battery Problem,Electrical Failure,Yes,Yes,Yes,Yes,Yes,Yes,Yes,No,Yes,1,Unknown,No,N/A,Yes,Yes,No,No,No,No,Yes,2,2322.92,0.0,0.909,Service Center,Manual Review
CLM01456,MANUAL_456_INCOMPLETE_EVIDENCE,CUS01456,PROD01456,Printer,NovaTech,NOV-PRI-1456,SN-2026-001456,2024-11-26,2025-05-26,2025-05-21,12,2025-11-26,Active,184,No,Mechanical Failure,Manufacturing Defect,Yes,Yes,Yes,Yes,Yes,Yes,No,Yes,Yes,1,Yes,No,N/A,Yes,Yes,No,Yes,No,No,Yes,0,2682.64,140.06,0.866,Service Center,Manual Review
CLM01457,MANUAL_457_MISSING_DOCUMENT,CUS01457,PROD01457,Camera,ZenCore,ZEN-CAM-1457,SN-2026-001457,2024-04-11,2025-10-11,2025-10-10,36,2027-04-11,Active,547,No,Overheating,Electrical Failure,Yes,Yes,Yes,No,Yes,Yes,No,No,No,0,N/A,No,N/A,Yes,No,No,No,No,No,Yes,2,1843.3,0.0,0.94,Web,Manual Review
CLM01458,MANUAL_458_CONTRADICTION,CUS01458,PROD01458,Smartphone,PrimeView,PRI-SMA-1458,SN-2026-001458,2023-03-10,2023-09-10,2023-09-02,12,2024-03-10,Active,182,No,Power Failure,Electrical Failure,Yes,Yes,Yes,No,Yes,Yes,No,Yes,No,0,N/A,No,N/A,Yes,No,No,No,Yes,No,Yes,0,408.52,0.0,0.884,Web,Manual Review
CLM01459,MANUAL_459_LOW_OCR_CONFIDENCE,CUS01459,PROD01459,Television,HomePro,HOM-TEL-1459,SN-2026-001459,2024-08-23,2025-02-23,2025-02-12,12,2025-08-23,Active,181,No,Water Leakage,Manufacturing Defect,Yes,Yes,Yes,Yes,Yes,Yes,Yes,Yes,No,0,N/A,No,N/A,Yes,Yes,No,No,No,Yes,Yes,1,2972.75,0.0,0.478,Web,Manual Review
CLM01460,MANUAL_460_SERIAL_WARNING,CUS01460,PROD01460,Printer,NovaTech,NOV-PRI-1460,SN-2026-001460,2025-11-30,2026-05-30,2026-05-27,12,2026-11-30,Active,184,No,Overheating,Manufacturing Defect,Yes,Yes,Yes,Yes,Yes,Yes,Yes,No,No,0,N/A,No,N/A,Unknown,No,No,No,No,No,Yes,0,372.02,0.0,0.926,Email,Manual Review
CLM01461,MANUAL_461_UNCLEAR_REPAIR,CUS01461,PROD01461,Laptop,Aster,AST-LAP-1461,SN-2026-001461,2025-08-01,2026-02-01,2026-01-31,12,2026-08-01,Active,181,No,Mechanical Failure,Manufacturing Defect,Yes,Yes,Yes,Yes,Yes,Yes,Yes,Yes,Yes,1,Unknown,No,N/A,Yes,Yes,No,No,No,No,Yes,3,1664.23,0.0,0.789,Email,Manual Review
CLM01462,MANUAL_462_INCOMPLETE_EVIDENCE,CUS01462,PROD01462,Television,HomePro,HOM-TEL-1462,SN-2026-001462,2023-02-08,2024-08-08,2024-08-01,36,2026-02-08,Active,549,No,Connectivity Issue,Electrical Failure,Yes,Yes,Yes,Yes,Yes,Yes,No,No,No,0,N/A,No,N/A,Yes,Yes,No,No,No,No,Yes,3,833.71,0.0,0.951,Email,Manual Review
CLM01463,MANUAL_463_MISSING_DOCUMENT,CUS01463,PROD01463,Washing Machine,PrimeView,PRI-WAS-1463,SN-2026-001463,2024-09-05,2026-03-05,2026-02-24,36,2027-09-05,Active,549,No,Display Failure,Electrical Failure,Yes,Yes,Yes,No,Yes,Yes,No,No,No,0,N/A,No,N/A,Yes,Yes,No,No,No,No,Yes,3,1296.83,0.0,0.906,Service Center,Manual Review
CLM01464,MANUAL_464_CONTRADICTION,CUS01464,PROD01464,Refrigerator,NovaTech,NOV-REF-1464,SN-2026-001464,2024-07-26,2026-01-26,2026-01-19,36,2027-07-26,Active,546,No,Noise,Electrical Failure,Yes,Yes,Yes,Yes,Yes,Yes,Yes,No,Yes,3,Yes,No,N/A,Yes,No,No,No,Yes,Yes,Yes,2,2040.48,1134.34,0.986,Service Center,Manual Review
CLM01465,MANUAL_465_LOW_OCR_CONFIDENCE,CUS01465,PROD01465,Laptop,Aster,AST-LAP-1465,SN-2026-001465,2024-06-21,2024-12-21,2024-12-14,12,2025-06-21,Active,182,Yes,Connectivity Issue,Electrical Failure,Yes,Yes,Yes,Yes,Yes,Yes,Yes,No,No,0,N/A,No,N/A,Yes,Yes,No,No,Yes,Yes,Yes,0,131.43,0.0,0.655,Mobile App,Manual Review
CLM01466,MANUAL_466_SERIAL_WARNING,CUS01466,PROD01466,Air Conditioner,ZenCore,ZEN-AIR-1466,SN-2026-001466,2024-09-13,2026-03-13,2026-03-08,36,2027-09-13,Active,549,Yes,Battery Problem,Electrical Failure,Yes,Yes,Yes,Yes,Yes,Yes,Yes,Yes,No,0,N/A,No,N/A,Unknown,Yes,No,No,No,No,Yes,2,2520.35,0.0,0.779,Web,Manual Review
CLM01467,MANUAL_467_UNCLEAR_REPAIR,CUS01467,PROD01467,Washing Machine,PrimeView,PRI-WAS-1467,SN-2026-001467,2023-10-19,2024-10-19,2024-10-16,24,2025-10-19,Active,365,No,Mechanical Failure,Manufacturing Defect,Yes,Yes,No,Yes,Yes,Yes,No,No,Yes,2,Unknown,No,N/A,Yes,Yes,No,No,No,No,No,1,1913.24,0.0,0.816,Email,Manual Review
CLM01468,MANUAL_468_INCOMPLETE_EVIDENCE,CUS01468,PROD01468,Television,HomePro,HOM-TEL-1468,SN-2026-001468,2024-12-28,2025-12-28,2025-12-16,24,2026-12-28,Active,365,No,Power Failure,Manufacturing Defect,Yes,Yes,Yes,Yes,Yes,Yes,No,Yes,No,0,N/A,No,N/A,Yes,Yes,No,No,No,No,Yes,1,2100.07,0.0,0.944,Web,Manual Review
CLM01469,MANUAL_469_MISSING_DOCUMENT,CUS01469,PROD01469,Laptop,HomePro,HOM-LAP-1469,SN-2026-001469,2026-02-11,2026-08-11,2026-07-30,12,2027-02-11,Active,184,No,Water Leakage,Electrical Failure,Yes,Yes,Yes,No,Yes,Yes,Yes,No,No,0,N/A,No,N/A,Yes,Yes,Yes,No,No,No,Yes,0,1248.2,0.0,0.803,Email,Manual Review
CLM01470,MANUAL_470_CONTRADICTION,CUS01470,PROD01470,Air Conditioner,PrimeView,PRI-AIR-1470,SN-2026-001470,2024-07-14,2025-01-14,2025-01-11,12,2025-07-14,Active,181,No,Connectivity Issue,Electrical Failure,Yes,Yes,Yes,No,Yes,Yes,Yes,Yes,No,0,N/A,No,N/A,Yes,No,No,No,Yes,No,Yes,2,1866.87,0.0,0.924,Mobile App,Manual Review
CLM01471,MANUAL_471_LOW_OCR_CONFIDENCE,CUS01471,PROD01471,Printer,ZenCore,ZEN-PRI-1471,SN-2026-001471,2025-11-26,2027-05-26,2027-05-20,36,2028-11-26,Active,550,No,Mechanical Failure,Electrical Failure,Yes,Yes,Yes,Yes,Yes,Yes,Yes,Yes,No,0,N/A,No,N/A,Yes,Yes,No,No,No,Yes,Yes,3,701.95,0.0,0.647,Service Center,Manual Review
CLM01472,MANUAL_472_SERIAL_WARNING,CUS01472,PROD01472,Washing Machine,HomePro,HOM-WAS-1472,SN-2026-001472,2025-12-05,2026-12-05,2026-12-03,24,2027-12-05,Active,365,No,Noise,Electrical Failure,Yes,Yes,Yes,Yes,Yes,Yes,No,Yes,No,0,N/A,No,N/A,Unknown,Yes,No,No,No,No,Yes,0,2148.85,0.0,0.792,Email,Manual Review
CLM01473,MANUAL_473_UNCLEAR_REPAIR,CUS01473,PROD01473,Refrigerator,ZenCore,ZEN-REF-1473,SN-2026-001473,2025-05-23,2026-11-23,2026-11-21,36,2028-05-23,Active,547,No,Battery Problem,Electrical Failure,Yes,Yes,Yes,No,Yes,Yes,No,No,Yes,1,Unknown,No,N/A,Yes,Yes,No,No,No,No,Yes,0,178.33,0.0,0.931,Email,Manual Review
CLM01474,MANUAL_474_INCOMPLETE_EVIDENCE,CUS01474,PROD01474,Washing Machine,NovaTech,NOV-WAS-1474,SN-2026-001474,2024-12-14,2025-12-14,2025-12-07,24,2026-12-14,Active,365,No,Overheating,Electrical Failure,Yes,Yes,Yes,Yes,Yes,Yes,No,No,No,0,N/A,Yes,No,Yes,Yes,No,No,No,No,Yes,1,2470.0,0.0,0.887,Service Center,Manual Review
CLM01475,MANUAL_475_MISSING_DOCUMENT,CUS01475,PROD01475,Air Conditioner,Aster,AST-AIR-1475,SN-2026-001475,2025-05-17,2025-11-17,2025-11-03,12,2026-05-17,Active,181,No,Battery Problem,Manufacturing Defect,Yes,Yes,Yes,No,Yes,No,Yes,No,Yes,2,Yes,Yes,No,Yes,Yes,No,No,No,No,Yes,1,767.91,997.35,0.958,Email,Manual Review
CLM01476,MANUAL_476_CONTRADICTION,CUS01476,PROD01476,Camera,ZenCore,ZEN-CAM-1476,SN-2026-001476,2024-02-17,2025-02-17,2025-02-10,24,2026-02-17,Active,365,No,Battery Problem,Electrical Failure,Yes,Yes,Yes,No,Yes,Yes,Yes,No,No,0,N/A,No,N/A,Yes,No,No,No,Yes,No,Yes,0,1214.33,0.0,0.753,Mobile App,Manual Review
CLM01477,MANUAL_477_LOW_OCR_CONFIDENCE,CUS01477,PROD01477,Camera,Aster,AST-CAM-1477,SN-2026-001477,2023-02-26,2023-08-26,2023-08-13,12,2024-02-26,Active,184,Yes,Mechanical Failure,Manufacturing Defect,Yes,Yes,Yes,Yes,Yes,Yes,Yes,No,No,0,N/A,No,N/A,Yes,Yes,Yes,No,No,Yes,Yes,1,2158.56,0.0,0.583,Email,Manual Review
CLM01478,MANUAL_478_SERIAL_WARNING,CUS01478,PROD01478,Refrigerator,PrimeView,PRI-REF-1478,SN-2026-001478,2025-01-04,2025-07-04,2025-06-22,12,2026-01-04,Active,184,No,Noise,Electrical Failure,Yes,Yes,Yes,Yes,Yes,Yes,Yes,Yes,No,0,N/A,No,N/A,Unknown,Yes,No,No,No,No,Yes,0,510.07,0.0,0.847,Mobile App,Manual Review
CLM01479,MANUAL_479_UNCLEAR_REPAIR,CUS01479,PROD01479,Washing Machine,Aster,AST-WAS-1479,SN-2026-001479,2023-09-01,2025-03-01,2025-02-15,36,2026-09-01,Active,549,No,Display Failure,Manufacturing Defect,Yes,Yes,Yes,Yes,Yes,Yes,Yes,Yes,Yes,1,Unknown,No,N/A,Yes,Yes,No,No,No,No,Yes,2,1793.25,0.0,0.954,Email,Manual Review
CLM01480,MANUAL_480_INCOMPLETE_EVIDENCE,CUS01480,PROD01480,Washing Machine,NovaTech,NOV-WAS-1480,SN-2026-001480,2024-10-23,2025-04-23,2025-04-20,12,2025-10-23,Active,183,No,Noise,Manufacturing Defect,Yes,Yes,Yes,No,Yes,Yes,No,Yes,Yes,1,Yes,No,N/A,Yes,Yes,No,No,No,No,Yes,0,2340.75,546.16,0.911,Mobile App,Manual Review
CLM01481,MANUAL_481_MISSING_DOCUMENT,CUS01481,PROD01481,Camera,HomePro,HOM-CAM-1481,SN-2026-001481,2025-11-13,2026-11-13,2026-11-04,24,2027-11-13,Active,365,No,Noise,Manufacturing Defect,Yes,Yes,Yes,No,Yes,No,No,No,No,0,N/A,No,N/A,Yes,Yes,No,No,Yes,No,Yes,2,2455.32,0.0,0.751,Service Center,Manual Review
CLM01482,MANUAL_482_CONTRADICTION,CUS01482,PROD01482,Printer,ZenCore,ZEN-PRI-1482,SN-2026-001482,2023-05-24,2024-11-24,2024-11-11,36,2026-05-24,Active,546,No,Power Failure,Electrical Failure,Yes,Yes,Yes,No,No,Yes,Yes,Yes,Yes,1,Yes,No,N/A,Yes,No,No,No,Yes,No,Yes,2,475.57,852.49,0.764,Web,Manual Review
CLM01483,MANUAL_483_LOW_OCR_CONFIDENCE,CUS01483,PROD01483,Refrigerator,PrimeView,PRI-REF-1483,SN-2026-001483,2025-06-21,2026-12-21,2026-12-13,36,2028-06-21,Active,548,No,Connectivity Issue,Manufacturing Defect,Yes,Yes,Yes,Yes,Yes,Yes,Yes,Yes,No,0,N/A,No,N/A,Yes,Yes,No,No,No,Yes,Yes,3,970.83,0.0,0.462,Mobile App,Manual Review
CLM01484,MANUAL_484_SERIAL_WARNING,CUS01484,PROD01484,Camera,PrimeView,PRI-CAM-1484,SN-2026-001484,2024-07-02,2025-07-02,2025-06-29,24,2026-07-02,Active,365,No,Water Leakage,Manufacturing Defect,Yes,Yes,Yes,Yes,Yes,Yes,Yes,No,No,0,N/A,No,N/A,Unknown,Yes,No,No,No,No,Yes,1,1630.81,0.0,0.987,Service Center,Manual Review
CLM01485,MANUAL_485_UNCLEAR_REPAIR,CUS01485,PROD01485,Television,HomePro,HOM-TEL-1485,SN-2026-001485,2024-03-12,2025-03-12,2025-02-28,24,2026-03-12,Active,365,No,Battery Problem,Electrical Failure,Yes,Yes,No,No,No,No,Yes,Yes,Yes,1,Unknown,No,N/A,Yes,Yes,No,No,No,No,No,2,749.09,0.0,0.795,Mobile App,Manual Review
CLM01486,MANUAL_486_INCOMPLETE_EVIDENCE,CUS01486,PROD01486,Air Conditioner,PrimeView,PRI-AIR-1486,SN-2026-001486,2024-07-16,2025-01-16,2025-01-10,12,2025-07-16,Active,181,No,Battery Problem,Manufacturing Defect,Yes,Yes,Yes,No,Yes,Yes,No,Yes,No,0,N/A,No,N/A,Yes,Yes,No,No,No,No,Yes,2,2980.18,0.0,0.782,Service Center,Manual Review
CLM01487,MANUAL_487_MISSING_DOCUMENT,CUS01487,PROD01487,Television,ZenCore,ZEN-TEL-1487,SN-2026-001487,2023-02-05,2023-08-05,2023-08-02,12,2024-02-05,Active,184,Yes,Overheating,Manufacturing Defect,Yes,Yes,Yes,Yes,Yes,No,No,No,No,0,N/A,No,N/A,Yes,Yes,No,No,No,No,Yes,3,1455.56,0.0,0.942,Email,Manual Review
CLM01488,MANUAL_488_CONTRADICTION,CUS01488,PROD01488,Refrigerator,Aster,AST-REF-1488,SN-2026-001488,2023-06-04,2024-06-04,2024-05-24,24,2025-06-04,Active,365,No,Water Leakage,Manufacturing Defect,Yes,Yes,Yes,No,Yes,Yes,No,No,Yes,1,Yes,No,N/A,Yes,No,No,No,Yes,No,Yes,1,2605.32,120.17,0.959,Mobile App,Manual Review
CLM01489,MANUAL_489_LOW_OCR_CONFIDENCE,CUS01489,PROD01489,Air Conditioner,Aster,AST-AIR-1489,SN-2026-001489,2026-01-12,2027-07-12,2027-06-29,36,2029-01-12,Active,550,No,Water Leakage,Manufacturing Defect,Yes,Yes,Yes,Yes,Yes,Yes,Yes,Yes,No,0,N/A,No,N/A,Yes,Yes,No,No,No,Yes,Yes,3,2817.51,0.0,0.476,Service Center,Manual Review
CLM01490,MANUAL_490_SERIAL_WARNING,CUS01490,PROD01490,Refrigerator,NovaTech,NOV-REF-1490,SN-2026-001490,2025-07-12,2026-07-12,2026-07-01,24,2027-07-12,Active,365,No,Water Leakage,Electrical Failure,Yes,Yes,Yes,Yes,Yes,Yes,Yes,No,Yes,3,No,No,N/A,Unknown,Yes,No,No,No,No,Yes,2,1031.9,1091.85,0.796,Web,Manual Review
CLM01491,MANUAL_491_UNCLEAR_REPAIR,CUS01491,PROD01491,Smartphone,HomePro,HOM-SMA-1491,SN-2026-001491,2025-10-26,2026-04-26,2026-04-24,12,2026-10-26,Active,183,No,Water Leakage,Manufacturing Defect,Yes,Yes,Yes,Yes,Yes,Yes,Yes,Yes,Yes,1,Unknown,No,N/A,Yes,Yes,No,No,No,No,Yes,0,342.38,0.0,0.946,Web,Manual Review
CLM01492,MANUAL_492_INCOMPLETE_EVIDENCE,CUS01492,PROD01492,Camera,NovaTech,NOV-CAM-1492,SN-2026-001492,2024-08-25,2026-02-25,2026-02-22,36,2027-08-25,Active,546,No,Mechanical Failure,Electrical Failure,Yes,Yes,Yes,Yes,Yes,Yes,No,Yes,No,0,N/A,No,N/A,Yes,Yes,No,No,No,No,Yes,2,481.06,0.0,0.886,Web,Manual Review
CLM01493,MANUAL_493_MISSING_DOCUMENT,CUS01493,PROD01493,Printer,NovaTech,NOV-PRI-1493,SN-2026-001493,2025-10-12,2026-10-12,2026-10-09,24,2027-10-12,Active,365,No,Mechanical Failure,Manufacturing Defect,Yes,Yes,Yes,Yes,Yes,No,Yes,No,No,0,N/A,No,N/A,Yes,Yes,No,No,No,No,Yes,2,530.86,0.0,0.829,Web,Manual Review
CLM01494,MANUAL_494_CONTRADICTION,CUS01494,PROD01494,Refrigerator,NovaTech,NOV-REF-1494,SN-2026-001494,2025-03-07,2026-09-07,2026-09-05,36,2028-03-07,Active,547,No,Battery Problem,Manufacturing Defect,Yes,Yes,No,Yes,No,Yes,Yes,No,Yes,1,Yes,No,N/A,Yes,No,No,No,Yes,No,No,0,1404.64,428.06,0.916,Web,Manual Review
CLM01495,MANUAL_495_LOW_OCR_CONFIDENCE,CUS01495,PROD01495,Refrigerator,PrimeView,PRI-REF-1495,SN-2026-001495,2025-12-29,2027-06-29,2027-06-20,36,2028-12-29,Active,549,No,Power Failure,Manufacturing Defect,Yes,Yes,Yes,Yes,Yes,Yes,Yes,No,No,0,N/A,No,N/A,Yes,Yes,No,No,No,Yes,Yes,1,408.74,0.0,0.66,Mobile App,Manual Review
CLM01496,MANUAL_496_SERIAL_WARNING,CUS01496,PROD01496,Washing Machine,PrimeView,PRI-WAS-1496,SN-2026-001496,2024-02-13,2024-08-13,2024-08-05,12,2025-02-13,Active,184,No,Connectivity Issue,Manufacturing Defect,Yes,Yes,Yes,Yes,Yes,Yes,Yes,Yes,No,0,N/A,No,N/A,Unknown,Yes,No,No,No,No,Yes,3,2789.82,0.0,0.782,Service Center,Manual Review
CLM01497,MANUAL_497_UNCLEAR_REPAIR,CUS01497,PROD01497,Smartphone,NovaTech,NOV-SMA-1497,SN-2026-001497,2023-06-07,2024-06-07,2024-05-30,24,2025-06-07,Active,365,No,Noise,Manufacturing Defect,Yes,Yes,Yes,Yes,Yes,Yes,Yes,No,Yes,1,Unknown,No,N/A,Yes,Yes,No,No,No,No,Yes,3,956.59,0.0,0.791,Email,Manual Review
CLM01498,MANUAL_498_INCOMPLETE_EVIDENCE,CUS01498,PROD01498,Television,Aster,AST-TEL-1498,SN-2026-001498,2026-01-27,2027-07-27,2027-07-25,36,2029-01-27,Active,550,No,Connectivity Issue,Manufacturing Defect,Yes,Yes,Yes,Yes,Yes,Yes,No,Yes,Yes,3,Yes,Yes,Yes,Yes,Yes,No,No,No,No,Yes,1,2966.32,935.52,0.929,Service Center,Manual Review
CLM01499,MANUAL_499_MISSING_DOCUMENT,CUS01499,PROD01499,Air Conditioner,NovaTech,NOV-AIR-1499,SN-2026-001499,2025-01-03,2026-01-03,2026-01-02,24,2027-01-03,Active,365,No,Overheating,Manufacturing Defect,Yes,Yes,Yes,No,Yes,Yes,Yes,No,No,0,N/A,No,N/A,Yes,Yes,Yes,No,No,No,Yes,3,2237.3,0.0,0.801,Service Center,Manual Review
CLM01500,MANUAL_500_CONTRADICTION,CUS01500,PROD01500,Printer,NovaTech,NOV-PRI-1500,SN-2026-001500,2024-03-31,2025-03-31,2025-03-20,24,2026-03-31,Active,365,No,Display Failure,Manufacturing Defect,Yes,Yes,No,Yes,Yes,Yes,Yes,Yes,No,0,N/A,No,N/A,Yes,No,No,No,Yes,No,No,1,2365.73,0.0,0.851,Web,Manual Review
